District,Season,Crop,Area (ha),Production (tonnes),Yield,Yield Unit,Source
Attock,2017-18,bajra,4900.0,1900.0,0.3878,t/ha,PBS Crops Area and Production by Districts (all_crops_2015_2025)
Attock,2018-19,bajra,4400.0,1500.0,0.3409,t/ha,PBS Crops Area and Production by Districts (all_crops_2015_2025)
Attock,2019-20,bajra,4580.0,1800.0,0.393,t/ha,PBS Crops Area and Production by Districts (all_crops_2015_2025)
Attock,2020-21,bajra,1214.0,580.0,0.4778,t/ha,PBS Crops Area and Production by Districts (all_crops_2015_2025)
Attock,2021-22,bajra,1012.0,1050.0,1.0375,t/ha,PBS Crops Area and Production by Districts (all_crops_2015_2025)
Attock,2022-23,bajra,48.0,99.0,2.0625,t/ha,PBS Crops Area and Production by Districts (all_crops_2015_2025)
Bahawalnagar,2017-18,bajra,11600.0,12400.0,1.069,t/ha,PBS Crops Area and Production by Districts (all_crops_2015_2025)
Bahawalnagar,2018-19,bajra,12600.0,13300.0,1.0556,t/ha,PBS Crops Area and Production by Districts (all_crops_2015_2025)
Bahawalnagar,2019-20,bajra,13000.0,14500.0,1.1154,t/ha,PBS Crops Area and Production by Districts (all_crops_2015_2025)
Bahawalnagar,2020-21,bajra,8031.0,9449.0,1.1766,t/ha,PBS Crops Area and Production by Districts (all_crops_2015_2025)
Bahawalnagar,2021-22,bajra,2423.0,2660.0,1.0978,t/ha,PBS Crops Area and Production by Districts (all_crops_2015_2025)
Bahawalnagar,2022-23,bajra,7382.0,10149.0,1.3748,t/ha,PBS Crops Area and Production by Districts (all_crops_2015_2025)
Bahawalnagar,2023-24,bajra,8551.0,18928.0,2.2135,t/ha,PBS Crops Area and Production by Districts (all_crops_2015_2025)
Bahawalnagar,2024-25,bajra,4613.0,7254.0,1.5725,t/ha,PBS Crops Area and Production by Districts (all_crops_2015_2025)
Bahawalpur,2017-18,bajra,3800.0,3500.0,0.9211,t/ha,PBS Crops Area and Production by Districts (all_crops_2015_2025)
Bahawalpur,2018-19,bajra,4400.0,4400.0,1.0,t/ha,PBS Crops Area and Production by Districts (all_crops_2015_2025)
Bahawalpur,2019-20,bajra,3800.0,4600.0,1.2105,t/ha,PBS Crops Area and Production by Districts (all_crops_2015_2025)
Bahawalpur,2020-21,bajra,1444.0,1470.0,1.018,t/ha,PBS Crops Area and Production by Districts (all_crops_2015_2025)
Bahawalpur,2021-22,bajra,3.0,2.0,0.6667,t/ha,PBS Crops Area and Production by Districts (all_crops_2015_2025)
Bhakkar,2017-18,bajra,34300.0,53500.0,1.5598,t/ha,PBS Crops Area and Production by Districts (all_crops_2015_2025)
Bhakkar,2018-19,bajra,36000.0,57800.0,1.6056,t/ha,PBS Crops Area and Production by Districts (all_crops_2015_2025)
Bhakkar,2019-20,bajra,38440.0,62300.0,1.6207,t/ha,PBS Crops Area and Production by Districts (all_crops_2015_2025)
Bhakkar,2020-21,bajra,25430.0,39338.0,1.5469,t/ha,PBS Crops Area and Production by Districts (all_crops_2015_2025)
Bhakkar,2021-22,bajra,23516.0,37239.0,1.5836,t/ha,PBS Crops Area and Production by Districts (all_crops_2015_2025)
Bhakkar,2022-23,bajra,31232.0,54426.0,1.7426,t/ha,PBS Crops Area and Production by Districts (all_crops_2015_2025)
Bhakkar,2023-24,bajra,39456.0,74841.0,1.8968,t/ha,PBS Crops Area and Production by Districts (all_crops_2015_2025)
Bhakkar,2024-25,bajra,30513.0,47050.0,1.542,t/ha,PBS Crops Area and Production by Districts (all_crops_2015_2025)
Chakwal,2017-18,bajra,22200.0,7700.0,0.3468,t/ha,PBS Crops Area and Production by Districts (all_crops_2015_2025)
Chakwal,2018-19,bajra,18800.0,6500.0,0.3457,t/ha,PBS Crops Area and Production by Districts (all_crops_2015_2025)
Chakwal,2019-20,bajra,18830.0,6500.0,0.3452,t/ha,PBS Crops Area and Production by Districts (all_crops_2015_2025)
Chakwal,2020-21,bajra,1239.0,947.0,0.7643,t/ha,PBS Crops Area and Production by Districts (all_crops_2015_2025)
Chakwal,2021-22,bajra,103.0,167.0,1.6214,t/ha,PBS Crops Area and Production by Districts (all_crops_2015_2025)
Chakwal,2024-25,bajra,607.0,280.0,0.4613,t/ha,PBS Crops Area and Production by Districts (all_crops_2015_2025)
Chiniot,2017-18,bajra,14100.0,15300.0,1.0851,t/ha,PBS Crops Area and Production by Districts (all_crops_2015_2025)
Chiniot,2018-19,bajra,15400.0,16800.0,1.0909,t/ha,PBS Crops Area and Production by Districts (all_crops_2015_2025)
Chiniot,2019-20,bajra,13110.0,14100.0,1.0755,t/ha,PBS Crops Area and Production by Districts (all_crops_2015_2025)
Chiniot,2020-21,bajra,5129.0,6241.0,1.2168,t/ha,PBS Crops Area and Production by Districts (all_crops_2015_2025)
Dera Ghazi Khan,2017-18,bajra,13600.0,5300.0,0.3897,t/ha,PBS Crops Area and Production by Districts (all_crops_2015_2025)
Dera Ghazi Khan,2018-19,bajra,12500.0,8900.0,0.712,t/ha,PBS Crops Area and Production by Districts (all_crops_2015_2025)
Dera Ghazi Khan,2019-20,bajra,13510.0,9100.0,0.6736,t/ha,PBS Crops Area and Production by Districts (all_crops_2015_2025)
Dera Ghazi Khan,2020-21,bajra,991.0,901.0,0.9092,t/ha,PBS Crops Area and Production by Districts (all_crops_2015_2025)
Faisalabad,2017-18,bajra,4600.0,4700.0,1.0217,t/ha,PBS Crops Area and Production by Districts (all_crops_2015_2025)
Faisalabad,2018-19,bajra,4200.0,4400.0,1.0476,t/ha,PBS Crops Area and Production by Districts (all_crops_2015_2025)
Faisalabad,2019-20,bajra,3680.0,3800.0,1.0326,t/ha,PBS Crops Area and Production by Districts (all_crops_2015_2025)
Faisalabad,2020-21,bajra,1738.0,2187.0,1.2583,t/ha,PBS Crops Area and Production by Districts (all_crops_2015_2025)
Faisalabad,2021-22,bajra,41.0,96.0,2.3415,t/ha,PBS Crops Area and Production by Districts (all_crops_2015_2025)
Faisalabad,2022-23,bajra,30.0,61.0,2.0333,t/ha,PBS Crops Area and Production by Districts (all_crops_2015_2025)
Gujranwala,2017-18,bajra,1700.0,900.0,0.5294,t/ha,PBS Crops Area and Production by Districts (all_crops_2015_2025)
Gujranwala,2018-19,bajra,1500.0,800.0,0.5333,t/ha,PBS Crops Area and Production by Districts (all_crops_2015_2025)
Gujranwala,2019-20,bajra,690.0,400.0,0.5797,t/ha,PBS Crops Area and Production by Districts (all_crops_2015_2025)
Gujranwala,2020-21,bajra,397.0,240.0,0.6045,t/ha,PBS Crops Area and Production by Districts (all_crops_2015_2025)
Gujrat,2017-18,bajra,69400.0,26800.0,0.3862,t/ha,PBS Crops Area and Production by Districts (all_crops_2015_2025)
Gujrat,2018-19,bajra,71400.0,27200.0,0.381,t/ha,PBS Crops Area and Production by Districts (all_crops_2015_2025)
Gujrat,2019-20,bajra,69400.0,26800.0,0.3862,t/ha,PBS Crops Area and Production by Districts (all_crops_2015_2025)
Gujrat,2020-21,bajra,66007.0,25651.0,0.3886,t/ha,PBS Crops Area and Production by Districts (all_crops_2015_2025)
Gujrat,2021-22,bajra,37981.0,44905.0,1.1823,t/ha,PBS Crops Area and Production by Districts (all_crops_2015_2025)
Gujrat,2022-23,bajra,33744.0,36718.0,1.0881,t/ha,PBS Crops Area and Production by Districts (all_crops_2015_2025)
Gujrat,2023-24,bajra,30210.0,33343.0,1.1037,t/ha,PBS Crops Area and Production by Districts (all_crops_2015_2025)
Gujrat,2024-25,bajra,29521.0,31745.0,1.0753,t/ha,PBS Crops Area and Production by Districts (all_crops_2015_2025)
Hafizabad,2017-18,bajra,9100.0,6100.0,0.6703,t/ha,PBS Crops Area and Production by Districts (all_crops_2015_2025)
Hafizabad,2018-19,bajra,9000.0,6100.0,0.6778,t/ha,PBS Crops Area and Production by Districts (all_crops_2015_2025)
Hafizabad,2019-20,bajra,8780.0,5900.0,0.672,t/ha,PBS Crops Area and Production by Districts (all_crops_2015_2025)
Hafizabad,2020-21,bajra,3328.0,2319.0,0.6968,t/ha,PBS Crops Area and Production by Districts (all_crops_2015_2025)
Jhang,2017-18,bajra,13800.0,11500.0,0.8333,t/ha,PBS Crops Area and Production by Districts (all_crops_2015_2025)
Jhang,2018-19,bajra,15900.0,13600.0,0.8553,t/ha,PBS Crops Area and Production by Districts (all_crops_2015_2025)
Jhang,2019-20,bajra,2020.0,1700.0,0.8416,t/ha,PBS Crops Area and Production by Districts (all_crops_2015_2025)
Jhang,2020-21,bajra,1005.0,1020.0,1.0149,t/ha,PBS Crops Area and Production by Districts (all_crops_2015_2025)
Jhang,2021-22,bajra,10.0,19.0,1.9,t/ha,PBS Crops Area and Production by Districts (all_crops_2015_2025)
Jhelum,2017-18,bajra,27200.0,9500.0,0.3493,t/ha,PBS Crops Area and Production by Districts (all_crops_2015_2025)
Jhelum,2018-19,bajra,27700.0,9500.0,0.343,t/ha,PBS Crops Area and Production by Districts (all_crops_2015_2025)
Jhelum,2019-20,bajra,27950.0,10500.0,0.3757,t/ha,PBS Crops Area and Production by Districts (all_crops_2015_2025)
Jhelum,2020-21,bajra,13805.0,5844.0,0.4233,t/ha,PBS Crops Area and Production by Districts (all_crops_2015_2025)
Jhelum,2021-22,bajra,17856.0,27124.0,1.519,t/ha,PBS Crops Area and Production by Districts (all_crops_2015_2025)
Jhelum,2022-23,bajra,13199.0,21776.0,1.6498,t/ha,PBS Crops Area and Production by Districts (all_crops_2015_2025)
Jhelum,2023-24,bajra,14043.0,20397.0,1.4525,t/ha,PBS Crops Area and Production by Districts (all_crops_2015_2025)
Jhelum,2024-25,bajra,13233.0,24336.0,1.839,t/ha,PBS Crops Area and Production by Districts (all_crops_2015_2025)
Kasur,2017-18,bajra,12000.0,11000.0,0.9167,t/ha,PBS Crops Area and Production by Districts (all_crops_2015_2025)
Kasur,2018-19,bajra,12300.0,11700.0,0.9512,t/ha,PBS Crops Area and Production by Districts (all_crops_2015_2025)
Kasur,2019-20,bajra,14970.0,14500.0,0.9686,t/ha,PBS Crops Area and Production by Districts (all_crops_2015_2025)
Kasur,2020-21,bajra,6039.0,8935.0,1.4795,t/ha,PBS Crops Area and Production by Districts (all_crops_2015_2025)
Kasur,2021-22,bajra,1247.0,1969.0,1.579,t/ha,PBS Crops Area and Production by Districts (all_crops_2015_2025)
Kasur,2022-23,bajra,2309.0,4191.0,1.8151,t/ha,PBS Crops Area and Production by Districts (all_crops_2015_2025)
Kasur,2023-24,bajra,2663.0,4536.0,1.7033,t/ha,PBS Crops Area and Production by Districts (all_crops_2015_2025)
Kasur,2024-25,bajra,4885.0,7036.0,1.4403,t/ha,PBS Crops Area and Production by Districts (all_crops_2015_2025)
Khanewal,2017-18,bajra,3200.0,3900.0,1.2188,t/ha,PBS Crops Area and Production by Districts (all_crops_2015_2025)
Khanewal,2018-19,bajra,3300.0,3600.0,1.0909,t/ha,PBS Crops Area and Production by Districts (all_crops_2015_2025)
Khanewal,2019-20,bajra,3000.0,3300.0,1.1,t/ha,PBS Crops Area and Production by Districts (all_crops_2015_2025)
Khanewal,2020-21,bajra,998.0,1233.0,1.2355,t/ha,PBS Crops Area and Production by Districts (all_crops_2015_2025)
Khanewal,2022-23,bajra,207.0,253.0,1.2222,t/ha,PBS Crops Area and Production by Districts (all_crops_2015_2025)
Khushab,2017-18,bajra,12300.0,9400.0,0.7642,t/ha,PBS Crops Area and Production by Districts (all_crops_2015_2025)
Khushab,2018-19,bajra,12100.0,9300.0,0.7686,t/ha,PBS Crops Area and Production by Districts (all_crops_2015_2025)
Khushab,2019-20,bajra,12220.0,9600.0,0.7856,t/ha,PBS Crops Area and Production by Districts (all_crops_2015_2025)
Khushab,2020-21,bajra,4954.0,4060.0,0.8195,t/ha,PBS Crops Area and Production by Districts (all_crops_2015_2025)
Khushab,2021-22,bajra,1899.0,1508.0,0.7941,t/ha,PBS Crops Area and Production by Districts (all_crops_2015_2025)
Khushab,2022-23,bajra,1935.0,1793.0,0.9266,t/ha,PBS Crops Area and Production by Districts (all_crops_2015_2025)
Khushab,2023-24,bajra,2631.0,2470.0,0.9388,t/ha,PBS Crops Area and Production by Districts (all_crops_2015_2025)
Khushab,2024-25,bajra,2428.0,3175.0,1.3077,t/ha,PBS Crops Area and Production by Districts (all_crops_2015_2025)
Lahore,2018-19,bajra,100.0,100.0,1.0,t/ha,PBS Crops Area and Production by Districts (all_crops_2015_2025)
Lahore,2019-20,bajra,80.0,100.0,1.25,t/ha,PBS Crops Area and Production by Districts (all_crops_2015_2025)
Lahore,2020-21,bajra,32.0,36.0,1.125,t/ha,PBS Crops Area and Production by Districts (all_crops_2015_2025)
Lahore,2022-23,bajra,10.0,19.0,1.9,t/ha,PBS Crops Area and Production by Districts (all_crops_2015_2025)
Layyah,2017-18,bajra,40400.0,31700.0,0.7847,t/ha,PBS Crops Area and Production by Districts (all_crops_2015_2025)
Layyah,2018-19,bajra,42700.0,37400.0,0.8759,t/ha,PBS Crops Area and Production by Districts (all_crops_2015_2025)
Layyah,2019-20,bajra,43160.0,33800.0,0.7831,t/ha,PBS Crops Area and Production by Districts (all_crops_2015_2025)
Layyah,2020-21,bajra,46721.0,41888.0,0.8966,t/ha,PBS Crops Area and Production by Districts (all_crops_2015_2025)
Layyah,2021-22,bajra,16350.0,15461.0,0.9456,t/ha,PBS Crops Area and Production by Districts (all_crops_2015_2025)
Layyah,2022-23,bajra,9742.0,9427.0,0.9677,t/ha,PBS Crops Area and Production by Districts (all_crops_2015_2025)
Layyah,2023-24,bajra,8993.0,8827.0,0.9815,t/ha,PBS Crops Area and Production by Districts (all_crops_2015_2025)
Layyah,2024-25,bajra,7351.0,7310.0,0.9944,t/ha,PBS Crops Area and Production by Districts (all_crops_2015_2025)
Lodhran,2017-18,bajra,700.0,700.0,1.0,t/ha,PBS Crops Area and Production by Districts (all_crops_2015_2025)
Lodhran,2018-19,bajra,600.0,700.0,1.1667,t/ha,PBS Crops Area and Production by Districts (all_crops_2015_2025)
Lodhran,2019-20,bajra,970.0,1100.0,1.134,t/ha,PBS Crops Area and Production by Districts (all_crops_2015_2025)
Lodhran,2020-21,bajra,454.0,509.0,1.1211,t/ha,PBS Crops Area and Production by Districts (all_crops_2015_2025)
Lodhran,2021-22,bajra,29.0,58.0,2.0,t/ha,PBS Crops Area and Production by Districts (all_crops_2015_2025)
Mandi Bahauddin,2017-18,bajra,11800.0,9600.0,0.8136,t/ha,PBS Crops Area and Production by Districts (all_crops_2015_2025)
Mandi Bahauddin,2018-19,bajra,10900.0,8900.0,0.8165,t/ha,PBS Crops Area and Production by Districts (all_crops_2015_2025)
Mandi Bahauddin,2019-20,bajra,9630.0,7500.0,0.7788,t/ha,PBS Crops Area and Production by Districts (all_crops_2015_2025)
Mandi Bahauddin,2020-21,bajra,4402.0,3125.0,0.7099,t/ha,PBS Crops Area and Production by Districts (all_crops_2015_2025)
Mianwali,2017-18,bajra,23400.0,13100.0,0.5598,t/ha,PBS Crops Area and Production by Districts (all_crops_2015_2025)
Mianwali,2018-19,bajra,23600.0,18400.0,0.7797,t/ha,PBS Crops Area and Production by Districts (all_crops_2015_2025)
Mianwali,2019-20,bajra,24360.0,20200.0,0.8292,t/ha,PBS Crops Area and Production by Districts (all_crops_2015_2025)
Mianwali,2020-21,bajra,19353.0,16904.0,0.8735,t/ha,PBS Crops Area and Production by Districts (all_crops_2015_2025)
Mianwali,2021-22,bajra,20164.0,21410.0,1.0618,t/ha,PBS Crops Area and Production by Districts (all_crops_2015_2025)
Mianwali,2022-23,bajra,28213.0,24076.0,0.8534,t/ha,PBS Crops Area and Production by Districts (all_crops_2015_2025)
Mianwali,2023-24,bajra,21436.0,45245.0,2.1107,t/ha,PBS Crops Area and Production by Districts (all_crops_2015_2025)
Mianwali,2024-25,bajra,26283.0,37749.0,1.4363,t/ha,PBS Crops Area and Production by Districts (all_crops_2015_2025)
Multan,2017-18,bajra,700.0,300.0,0.4286,t/ha,PBS Crops Area and Production by Districts (all_crops_2015_2025)
Multan,2018-19,bajra,600.0,300.0,0.5,t/ha,PBS Crops Area and Production by Districts (all_crops_2015_2025)
Multan,2019-20,bajra,610.0,300.0,0.4918,t/ha,PBS Crops Area and Production by Districts (all_crops_2015_2025)
Multan,2020-21,bajra,300.0,215.0,0.7167,t/ha,PBS Crops Area and Production by Districts (all_crops_2015_2025)
Multan,2022-23,bajra,114.0,216.0,1.8947,t/ha,PBS Crops Area and Production by Districts (all_crops_2015_2025)
Muzaffargarh,2017-18,bajra,19300.0,15300.0,0.7927,t/ha,PBS Crops Area and Production by Districts (all_crops_2015_2025)
Muzaffargarh,2018-19,bajra,20900.0,16800.0,0.8038,t/ha,PBS Crops Area and Production by Districts (all_crops_2015_2025)
Muzaffargarh,2019-20,bajra,21000.0,17000.0,0.8095,t/ha,PBS Crops Area and Production by Districts (all_crops_2015_2025)
Muzaffargarh,2020-21,bajra,2952.0,2679.0,0.9075,t/ha,PBS Crops Area and Production by Districts (all_crops_2015_2025)
Muzaffargarh,2021-22,bajra,1457.0,2761.0,1.895,t/ha,PBS Crops Area and Production by Districts (all_crops_2015_2025)
Muzaffargarh,2022-23,bajra,1276.0,1996.0,1.5643,t/ha,PBS Crops Area and Production by Districts (all_crops_2015_2025)
Muzaffargarh,2023-24,bajra,830.0,1513.0,1.8229,t/ha,PBS Crops Area and Production by Districts (all_crops_2015_2025)
Muzaffargarh,2024-25,bajra,129.0,369.0,2.8605,t/ha,PBS Crops Area and Production by Districts (all_crops_2015_2025)
Nankana Sahib,2017-18,bajra,1900.0,1500.0,0.7895,t/ha,PBS Crops Area and Production by Districts (all_crops_2015_2025)
Nankana Sahib,2018-19,bajra,2000.0,1600.0,0.8,t/ha,PBS Crops Area and Production by Districts (all_crops_2015_2025)
Nankana Sahib,2019-20,bajra,970.0,800.0,0.8247,t/ha,PBS Crops Area and Production by Districts (all_crops_2015_2025)
Nankana Sahib,2020-21,bajra,454.0,410.0,0.9031,t/ha,PBS Crops Area and Production by Districts (all_crops_2015_2025)
Narowal,2017-18,bajra,23500.0,18900.0,0.8043,t/ha,PBS Crops Area and Production by Districts (all_crops_2015_2025)
Narowal,2018-19,bajra,23100.0,19400.0,0.8398,t/ha,PBS Crops Area and Production by Districts (all_crops_2015_2025)
Narowal,2019-20,bajra,23180.0,19300.0,0.8326,t/ha,PBS Crops Area and Production by Districts (all_crops_2015_2025)
Narowal,2020-21,bajra,7662.0,6678.0,0.8716,t/ha,PBS Crops Area and Production by Districts (all_crops_2015_2025)
Narowal,2021-22,bajra,5378.0,9056.0,1.6839,t/ha,PBS Crops Area and Production by Districts (all_crops_2015_2025)
Narowal,2022-23,bajra,12537.0,27163.0,2.1666,t/ha,PBS Crops Area and Production by Districts (all_crops_2015_2025)
Narowal,2023-24,bajra,8800.0,19719.0,2.2408,t/ha,PBS Crops Area and Production by Districts (all_crops_2015_2025)
Narowal,2024-25,bajra,12627.0,27746.0,2.1974,t/ha,PBS Crops Area and Production by Districts (all_crops_2015_2025)
Okara,2017-18,bajra,1200.0,1000.0,0.8333,t/ha,PBS Crops Area and Production by Districts (all_crops_2015_2025)
Okara,2018-19,bajra,1000.0,1500.0,1.5,t/ha,PBS Crops Area and Production by Districts (all_crops_2015_2025)
Okara,2019-20,bajra,1060.0,2000.0,1.8868,t/ha,PBS Crops Area and Production by Districts (all_crops_2015_2025)
Okara,2020-21,bajra,47.0,89.0,1.8936,t/ha,PBS Crops Area and Production by Districts (all_crops_2015_2025)
Pakpattan,2017-18,bajra,1600.0,1200.0,0.75,t/ha,PBS Crops Area and Production by Districts (all_crops_2015_2025)
Pakpattan,2018-19,bajra,1200.0,1800.0,1.5,t/ha,PBS Crops Area and Production by Districts (all_crops_2015_2025)
Pakpattan,2019-20,bajra,1390.0,2600.0,1.8705,t/ha,PBS Crops Area and Production by Districts (all_crops_2015_2025)
Pakpattan,2020-21,bajra,601.0,1158.0,1.9268,t/ha,PBS Crops Area and Production by Districts (all_crops_2015_2025)
Pakpattan,2021-22,bajra,11.0,15.0,1.3636,t/ha,PBS Crops Area and Production by Districts (all_crops_2015_2025)
Rahim Yar Khan,2017-18,bajra,900.0,900.0,1.0,t/ha,PBS Crops Area and Production by Districts (all_crops_2015_2025)
Rahim Yar Khan,2018-19,bajra,1000.0,1100.0,1.1,t/ha,PBS Crops Area and Production by Districts (all_crops_2015_2025)
Rahim Yar Khan,2019-20,bajra,810.0,800.0,0.9877,t/ha,PBS Crops Area and Production by Districts (all_crops_2015_2025)
Rahim Yar Khan,2020-21,bajra,202.0,226.0,1.1188,t/ha,PBS Crops Area and Production by Districts (all_crops_2015_2025)
Rajanpur,2017-18,bajra,1400.0,600.0,0.4286,t/ha,PBS Crops Area and Production by Districts (all_crops_2015_2025)
Rajanpur,2018-19,bajra,1200.0,700.0,0.5833,t/ha,PBS Crops Area and Production by Districts (all_crops_2015_2025)
Rajanpur,2019-20,bajra,1080.0,1200.0,1.1111,t/ha,PBS Crops Area and Production by Districts (all_crops_2015_2025)
Rajanpur,2020-21,bajra,114.0,141.0,1.2368,t/ha,PBS Crops Area and Production by Districts (all_crops_2015_2025)
Rajanpur,2022-23,bajra,492.0,243.0,0.4939,t/ha,PBS Crops Area and Production by Districts (all_crops_2015_2025)
Rajanpur,2023-24,bajra,5744.0,6003.0,1.0451,t/ha,PBS Crops Area and Production by Districts (all_crops_2015_2025)
Rajanpur,2024-25,bajra,4249.0,4338.0,1.0209,t/ha,PBS Crops Area and Production by Districts (all_crops_2015_2025)
Rawalpindi,2017-18,bajra,13300.0,4100.0,0.3083,t/ha,PBS Crops Area and Production by Districts (all_crops_2015_2025)
Rawalpindi,2018-19,bajra,12200.0,4200.0,0.3443,t/ha,PBS Crops Area and Production by Districts (all_crops_2015_2025)
Rawalpindi,2019-20,bajra,12260.0,4200.0,0.3426,t/ha,PBS Crops Area and Production by Districts (all_crops_2015_2025)
Rawalpindi,2020-21,bajra,5185.0,3365.0,0.649,t/ha,PBS Crops Area and Production by Districts (all_crops_2015_2025)
Rawalpindi,2021-22,bajra,3238.0,2713.0,0.8379,t/ha,PBS Crops Area and Production by Districts (all_crops_2015_2025)
Rawalpindi,2022-23,bajra,613.0,554.0,0.9038,t/ha,PBS Crops Area and Production by Districts (all_crops_2015_2025)
Sahiwal,2017-18,bajra,1300.0,1400.0,1.0769,t/ha,PBS Crops Area and Production by Districts (all_crops_2015_2025)
Sahiwal,2018-19,bajra,2100.0,3000.0,1.4286,t/ha,PBS Crops Area and Production by Districts (all_crops_2015_2025)
Sahiwal,2019-20,bajra,1420.0,2700.0,1.9014,t/ha,PBS Crops Area and Production by Districts (all_crops_2015_2025)
Sahiwal,2020-21,bajra,677.0,1413.0,2.0871,t/ha,PBS Crops Area and Production by Districts (all_crops_2015_2025)
Sargodha,2017-18,bajra,24200.0,12100.0,0.5,t/ha,PBS Crops Area and Production by Districts (all_crops_2015_2025)
Sargodha,2018-19,bajra,25200.0,13400.0,0.5317,t/ha,PBS Crops Area and Production by Districts (all_crops_2015_2025)
Sargodha,2019-20,bajra,25780.0,14100.0,0.5469,t/ha,PBS Crops Area and Production by Districts (all_crops_2015_2025)
Sargodha,2020-21,bajra,20348.0,13576.0,0.6672,t/ha,PBS Crops Area and Production by Districts (all_crops_2015_2025)
Sheikhupura,2017-18,bajra,3100.0,2500.0,0.8065,t/ha,PBS Crops Area and Production by Districts (all_crops_2015_2025)
Sheikhupura,2018-19,bajra,2600.0,2000.0,0.7692,t/ha,PBS Crops Area and Production by Districts (all_crops_2015_2025)
Sheikhupura,2019-20,bajra,630.0,500.0,0.7937,t/ha,PBS Crops Area and Production by Districts (all_crops_2015_2025)
Sheikhupura,2020-21,bajra,298.0,285.0,0.9564,t/ha,PBS Crops Area and Production by Districts (all_crops_2015_2025)
Sialkot,2017-18,bajra,2100.0,1000.0,0.4762,t/ha,PBS Crops Area and Production by Districts (all_crops_2015_2025)
Sialkot,2018-19,bajra,1900.0,900.0,0.4737,t/ha,PBS Crops Area and Production by Districts (all_crops_2015_2025)
Sialkot,2019-20,bajra,2220.0,1200.0,0.5405,t/ha,PBS Crops Area and Production by Districts (all_crops_2015_2025)
Sialkot,2020-21,bajra,1093.0,713.0,0.6523,t/ha,PBS Crops Area and Production by Districts (all_crops_2015_2025)
Toba Tek Singh,2017-18,bajra,4500.0,9100.0,2.0222,t/ha,PBS Crops Area and Production by Districts (all_crops_2015_2025)
Toba Tek Singh,2018-19,bajra,5500.0,11100.0,2.0182,t/ha,PBS Crops Area and Production by Districts (all_crops_2015_2025)
Toba Tek Singh,2019-20,bajra,6360.0,12700.0,1.9969,t/ha,PBS Crops Area and Production by Districts (all_crops_2015_2025)
Toba Tek Singh,2020-21,bajra,5998.0,12314.0,2.053,t/ha,PBS Crops Area and Production by Districts (all_crops_2015_2025)
Toba Tek Singh,2021-22,bajra,4475.0,8909.0,1.9908,t/ha,PBS Crops Area and Production by Districts (all_crops_2015_2025)
Toba Tek Singh,2022-23,bajra,8484.0,14039.0,1.6548,t/ha,PBS Crops Area and Production by Districts (all_crops_2015_2025)
Toba Tek Singh,2023-24,bajra,5922.0,9512.0,1.6062,t/ha,PBS Crops Area and Production by Districts (all_crops_2015_2025)
Toba Tek Singh,2024-25,bajra,3948.0,4691.0,1.1882,t/ha,PBS Crops Area and Production by Districts (all_crops_2015_2025)
Vehari,2017-18,bajra,3000.0,3200.0,1.0667,t/ha,PBS Crops Area and Production by Districts (all_crops_2015_2025)
Vehari,2018-19,bajra,4500.0,4600.0,1.0222,t/ha,PBS Crops Area and Production by Districts (all_crops_2015_2025)
Vehari,2019-20,bajra,4050.0,3900.0,0.963,t/ha,PBS Crops Area and Production by Districts (all_crops_2015_2025)
Vehari,2020-21,bajra,48.0,53.0,1.1042,t/ha,PBS Crops Area and Production by Districts (all_crops_2015_2025)
Vehari,2021-22,bajra,157.0,378.0,2.4076,t/ha,PBS Crops Area and Production by Districts (all_crops_2015_2025)
Vehari,2022-23,bajra,512.0,1192.0,2.3281,t/ha,PBS Crops Area and Production by Districts (all_crops_2015_2025)
Vehari,2023-24,bajra,244.0,628.0,2.5738,t/ha,PBS Crops Area and Production by Districts (all_crops_2015_2025)
Vehari,2024-25,bajra,206.0,449.0,2.1796,t/ha,PBS Crops Area and Production by Districts (all_crops_2015_2025)
Attock,2017-18,barley,1880.0,989.0,0.5261,t/ha,PBS Crops Area and Production by Districts (all_crops_2015_2025)
Attock,2018-19,barley,2196.0,1196.0,0.5446,t/ha,PBS Crops Area and Production by Districts (all_crops_2015_2025)
Attock,2019-20,barley,382.0,320.0,0.8377,t/ha,PBS Crops Area and Production by Districts (all_crops_2015_2025)
Attock,2020-21,barley,578.0,334.0,0.5779,t/ha,PBS Crops Area and Production by Districts (all_crops_2015_2025)
Attock,2021-22,barley,520.0,218.0,0.4192,t/ha,PBS Crops Area and Production by Districts (all_crops_2015_2025)
Attock,2022-23,barley,140.0,44.0,0.3143,t/ha,PBS Crops Area and Production by Districts (all_crops_2015_2025)
Attock,2023-24,barley,284.0,177.0,0.6232,t/ha,PBS Crops Area and Production by Districts (all_crops_2015_2025)
Attock,2024-25,barley,219.0,180.0,0.8219,t/ha,PBS Crops Area and Production by Districts (all_crops_2015_2025)
Bahawalnagar,2017-18,barley,613.0,478.0,0.7798,t/ha,PBS Crops Area and Production by Districts (all_crops_2015_2025)
Bahawalnagar,2018-19,barley,779.0,615.0,0.7895,t/ha,PBS Crops Area and Production by Districts (all_crops_2015_2025)
Bahawalnagar,2019-20,barley,80.0,62.0,0.775,t/ha,PBS Crops Area and Production by Districts (all_crops_2015_2025)
Bahawalnagar,2022-23,barley,5.0,5.0,1.0,t/ha,PBS Crops Area and Production by Districts (all_crops_2015_2025)
Bahawalpur,2017-18,barley,168.0,198.0,1.1786,t/ha,PBS Crops Area and Production by Districts (all_crops_2015_2025)
Bahawalpur,2018-19,barley,40.0,48.0,1.2,t/ha,PBS Crops Area and Production by Districts (all_crops_2015_2025)
Bahawalpur,2019-20,barley,644.0,804.0,1.2484,t/ha,PBS Crops Area and Production by Districts (all_crops_2015_2025)
Bahawalpur,2020-21,barley,202.0,168.0,0.8317,t/ha,PBS Crops Area and Production by Districts (all_crops_2015_2025)
Bahawalpur,2023-24,barley,4.0,5.0,1.25,t/ha,PBS Crops Area and Production by Districts (all_crops_2015_2025)
Bhakkar,2017-18,barley,2210.0,1540.0,0.6968,t/ha,PBS Crops Area and Production by Districts (all_crops_2015_2025)
Bhakkar,2018-19,barley,1275.0,717.0,0.5624,t/ha,PBS Crops Area and Production by Districts (all_crops_2015_2025)
Bhakkar,2019-20,barley,1188.0,1234.0,1.0387,t/ha,PBS Crops Area and Production by Districts (all_crops_2015_2025)
Bhakkar,2020-21,barley,667.0,731.0,1.096,t/ha,PBS Crops Area and Production by Districts (all_crops_2015_2025)
Bhakkar,2021-22,barley,98.0,140.0,1.4286,t/ha,PBS Crops Area and Production by Districts (all_crops_2015_2025)
Bhakkar,2022-23,barley,87.0,133.0,1.5287,t/ha,PBS Crops Area and Production by Districts (all_crops_2015_2025)
Bhakkar,2023-24,barley,100.0,147.0,1.47,t/ha,PBS Crops Area and Production by Districts (all_crops_2015_2025)
Bhakkar,2024-25,barley,1126.0,701.0,0.6226,t/ha,PBS Crops Area and Production by Districts (all_crops_2015_2025)
Chakwal,2017-18,barley,769.0,254.0,0.3303,t/ha,PBS Crops Area and Production by Districts (all_crops_2015_2025)
Chakwal,2018-19,barley,816.0,297.0,0.364,t/ha,PBS Crops Area and Production by Districts (all_crops_2015_2025)
Chakwal,2019-20,barley,192.0,161.0,0.8385,t/ha,PBS Crops Area and Production by Districts (all_crops_2015_2025)
Chakwal,2020-21,barley,81.0,44.0,0.5432,t/ha,PBS Crops Area and Production by Districts (all_crops_2015_2025)
Chakwal,2021-22,barley,122.0,177.0,1.4508,t/ha,PBS Crops Area and Production by Districts (all_crops_2015_2025)
Chakwal,2022-23,barley,413.0,879.0,2.1283,t/ha,PBS Crops Area and Production by Districts (all_crops_2015_2025)
Chakwal,2023-24,barley,364.0,545.0,1.4973,t/ha,PBS Crops Area and Production by Districts (all_crops_2015_2025)
Chakwal,2024-25,barley,336.0,375.0,1.1161,t/ha,PBS Crops Area and Production by Districts (all_crops_2015_2025)
Chiniot,2017-18,barley,165.0,203.0,1.2303,t/ha,PBS Crops Area and Production by Districts (all_crops_2015_2025)
Chiniot,2018-19,barley,114.0,140.0,1.2281,t/ha,PBS Crops Area and Production by Districts (all_crops_2015_2025)
Chiniot,2020-21,barley,58.0,47.0,0.8103,t/ha,PBS Crops Area and Production by Districts (all_crops_2015_2025)
Dera Ghazi Khan,2017-18,barley,92.0,73.0,0.7935,t/ha,PBS Crops Area and Production by Districts (all_crops_2015_2025)
Dera Ghazi Khan,2018-19,barley,40.0,54.0,1.35,t/ha,PBS Crops Area and Production by Districts (all_crops_2015_2025)
Faisalabad,2017-18,barley,126.0,160.0,1.2698,t/ha,PBS Crops Area and Production by Districts (all_crops_2015_2025)
Faisalabad,2018-19,barley,82.0,104.0,1.2683,t/ha,PBS Crops Area and Production by Districts (all_crops_2015_2025)
Faisalabad,2019-20,barley,14.0,17.0,1.2143,t/ha,PBS Crops Area and Production by Districts (all_crops_2015_2025)
Gujranwala,2017-18,barley,338.0,398.0,1.1775,t/ha,PBS Crops Area and Production by Districts (all_crops_2015_2025)
Gujranwala,2018-19,barley,137.0,161.0,1.1752,t/ha,PBS Crops Area and Production by Districts (all_crops_2015_2025)
Gujrat,2017-18,barley,51.0,66.0,1.2941,t/ha,PBS Crops Area and Production by Districts (all_crops_2015_2025)
Gujrat,2018-19,barley,15.0,18.0,1.2,t/ha,PBS Crops Area and Production by Districts (all_crops_2015_2025)
Gujrat,2019-20,barley,130.0,158.0,1.2154,t/ha,PBS Crops Area and Production by Districts (all_crops_2015_2025)
Hafizabad,2017-18,barley,421.0,426.0,1.0119,t/ha,PBS Crops Area and Production by Districts (all_crops_2015_2025)
Hafizabad,2018-19,barley,311.0,301.0,0.9678,t/ha,PBS Crops Area and Production by Districts (all_crops_2015_2025)
Jhang,2017-18,barley,289.0,304.0,1.0519,t/ha,PBS Crops Area and Production by Districts (all_crops_2015_2025)
Jhang,2018-19,barley,420.0,369.0,0.8786,t/ha,PBS Crops Area and Production by Districts (all_crops_2015_2025)
Jhang,2019-20,barley,38.0,38.0,1.0,t/ha,PBS Crops Area and Production by Districts (all_crops_2015_2025)
Jhang,2020-21,barley,14.0,14.0,1.0,t/ha,PBS Crops Area and Production by Districts (all_crops_2015_2025)
Jhang,2022-23,barley,18.0,35.0,1.9444,t/ha,PBS Crops Area and Production by Districts (all_crops_2015_2025)
Jhelum,2017-18,barley,149.0,182.0,1.2215,t/ha,PBS Crops Area and Production by Districts (all_crops_2015_2025)
Jhelum,2018-19,barley,165.0,216.0,1.3091,t/ha,PBS Crops Area and Production by Districts (all_crops_2015_2025)
Jhelum,2021-22,barley,10.0,12.0,1.2,t/ha,PBS Crops Area and Production by Districts (all_crops_2015_2025)
Kasur,2017-18,barley,152.0,145.0,0.9539,t/ha,PBS Crops Area and Production by Districts (all_crops_2015_2025)
Kasur,2018-19,barley,160.0,154.0,0.9625,t/ha,PBS Crops Area and Production by Districts (all_crops_2015_2025)
Kasur,2024-25,barley,7.0,20.0,2.8571,t/ha,PBS Crops Area and Production by Districts (all_crops_2015_2025)
Khanewal,2017-18,barley,377.0,434.0,1.1512,t/ha,PBS Crops Area and Production by Districts (all_crops_2015_2025)
Khanewal,2018-19,barley,277.0,382.0,1.3791,t/ha,PBS Crops Area and Production by Districts (all_crops_2015_2025)
Khanewal,2021-22,barley,28.0,35.0,1.25,t/ha,PBS Crops Area and Production by Districts (all_crops_2015_2025)
Khushab,2017-18,barley,727.0,673.0,0.9257,t/ha,PBS Crops Area and Production by Districts (all_crops_2015_2025)
Khushab,2018-19,barley,829.0,705.0,0.8504,t/ha,PBS Crops Area and Production by Districts (all_crops_2015_2025)
Khushab,2019-20,barley,351.0,342.0,0.9744,t/ha,PBS Crops Area and Production by Districts (all_crops_2015_2025)
Khushab,2020-21,barley,155.0,76.0,0.4903,t/ha,PBS Crops Area and Production by Districts (all_crops_2015_2025)
Khushab,2021-22,barley,38.0,18.0,0.4737,t/ha,PBS Crops Area and Production by Districts (all_crops_2015_2025)
Khushab,2022-23,barley,119.0,95.0,0.7983,t/ha,PBS Crops Area and Production by Districts (all_crops_2015_2025)
Khushab,2023-24,barley,81.0,60.0,0.7407,t/ha,PBS Crops Area and Production by Districts (all_crops_2015_2025)
Khushab,2024-25,barley,96.0,106.0,1.1042,t/ha,PBS Crops Area and Production by Districts (all_crops_2015_2025)
Lahore,2017-18,barley,433.0,340.0,0.7852,t/ha,PBS Crops Area and Production by Districts (all_crops_2015_2025)
Lahore,2018-19,barley,294.0,233.0,0.7925,t/ha,PBS Crops Area and Production by Districts (all_crops_2015_2025)
Layyah,2017-18,barley,3674.0,3261.0,0.8876,t/ha,PBS Crops Area and Production by Districts (all_crops_2015_2025)
Layyah,2018-19,barley,3532.0,3228.0,0.9139,t/ha,PBS Crops Area and Production by Districts (all_crops_2015_2025)
Layyah,2019-20,barley,5368.0,4704.0,0.8763,t/ha,PBS Crops Area and Production by Districts (all_crops_2015_2025)
Layyah,2020-21,barley,1290.0,1292.0,1.0015,t/ha,PBS Crops Area and Production by Districts (all_crops_2015_2025)
Layyah,2024-25,barley,251.0,302.0,1.2032,t/ha,PBS Crops Area and Production by Districts (all_crops_2015_2025)
Lodhran,2017-18,barley,100.0,238.0,2.38,t/ha,PBS Crops Area and Production by Districts (all_crops_2015_2025)
Lodhran,2018-19,barley,140.0,329.0,2.35,t/ha,PBS Crops Area and Production by Districts (all_crops_2015_2025)
Mandi Bahauddin,2017-18,barley,513.0,362.0,0.7057,t/ha,PBS Crops Area and Production by Districts (all_crops_2015_2025)
Mandi Bahauddin,2018-19,barley,532.0,352.0,0.6617,t/ha,PBS Crops Area and Production by Districts (all_crops_2015_2025)
Mandi Bahauddin,2019-20,barley,2180.0,2875.0,1.3188,t/ha,PBS Crops Area and Production by Districts (all_crops_2015_2025)
Mandi Bahauddin,2020-21,barley,421.0,440.0,1.0451,t/ha,PBS Crops Area and Production by Districts (all_crops_2015_2025)
Mandi Bahauddin,2021-22,barley,394.0,1005.0,2.5508,t/ha,PBS Crops Area and Production by Districts (all_crops_2015_2025)
Mandi Bahauddin,2022-23,barley,375.0,1186.0,3.1627,t/ha,PBS Crops Area and Production by Districts (all_crops_2015_2025)
Mandi Bahauddin,2023-24,barley,344.0,998.0,2.9012,t/ha,PBS Crops Area and Production by Districts (all_crops_2015_2025)
Mandi Bahauddin,2024-25,barley,412.0,1242.0,3.0146,t/ha,PBS Crops Area and Production by Districts (all_crops_2015_2025)
Mianwali,2017-18,barley,517.0,443.0,0.8569,t/ha,PBS Crops Area and Production by Districts (all_crops_2015_2025)
Mianwali,2018-19,barley,562.0,509.0,0.9057,t/ha,PBS Crops Area and Production by Districts (all_crops_2015_2025)
Mianwali,2019-20,barley,1353.0,1240.0,0.9165,t/ha,PBS Crops Area and Production by Districts (all_crops_2015_2025)
Mianwali,2020-21,barley,745.0,570.0,0.7651,t/ha,PBS Crops Area and Production by Districts (all_crops_2015_2025)
Mianwali,2021-22,barley,2.0,3.0,1.5,t/ha,PBS Crops Area and Production by Districts (all_crops_2015_2025)
Mianwali,2022-23,barley,30.0,28.0,0.9333,t/ha,PBS Crops Area and Production by Districts (all_crops_2015_2025)
Multan,2017-18,barley,175.0,289.0,1.6514,t/ha,PBS Crops Area and Production by Districts (all_crops_2015_2025)
Multan,2018-19,barley,5.0,9.0,1.8,t/ha,PBS Crops Area and Production by Districts (all_crops_2015_2025)
Muzaffargarh,2017-18,barley,4211.0,4984.0,1.1836,t/ha,PBS Crops Area and Production by Districts (all_crops_2015_2025)
Muzaffargarh,2018-19,barley,3566.0,4215.0,1.182,t/ha,PBS Crops Area and Production by Districts (all_crops_2015_2025)
Muzaffargarh,2019-20,barley,429.0,476.0,1.1096,t/ha,PBS Crops Area and Production by Districts (all_crops_2015_2025)
Muzaffargarh,2020-21,barley,56.0,57.0,1.0179,t/ha,PBS Crops Area and Production by Districts (all_crops_2015_2025)
Nankana Sahib,2017-18,barley,115.0,101.0,0.8783,t/ha,PBS Crops Area and Production by Districts (all_crops_2015_2025)
Nankana Sahib,2018-19,barley,123.0,113.0,0.9187,t/ha,PBS Crops Area and Production by Districts (all_crops_2015_2025)
Narowal,2017-18,barley,40.0,21.0,0.525,t/ha,PBS Crops Area and Production by Districts (all_crops_2015_2025)
Narowal,2018-19,barley,77.0,61.0,0.7922,t/ha,PBS Crops Area and Production by Districts (all_crops_2015_2025)
Narowal,2019-20,barley,5.0,4.0,0.8,t/ha,PBS Crops Area and Production by Districts (all_crops_2015_2025)
Narowal,2022-23,barley,38.0,74.0,1.9474,t/ha,PBS Crops Area and Production by Districts (all_crops_2015_2025)
Narowal,2023-24,barley,20.0,22.0,1.1,t/ha,PBS Crops Area and Production by Districts (all_crops_2015_2025)
Okara,2017-18,barley,68.0,115.0,1.6912,t/ha,PBS Crops Area and Production by Districts (all_crops_2015_2025)
Okara,2018-19,barley,120.0,207.0,1.725,t/ha,PBS Crops Area and Production by Districts (all_crops_2015_2025)
Pakpattan,2017-18,barley,147.0,160.0,1.0884,t/ha,PBS Crops Area and Production by Districts (all_crops_2015_2025)
Pakpattan,2018-19,barley,53.0,56.0,1.0566,t/ha,PBS Crops Area and Production by Districts (all_crops_2015_2025)
Pakpattan,2019-20,barley,24.0,26.0,1.0833,t/ha,PBS Crops Area and Production by Districts (all_crops_2015_2025)
Rahim Yar Khan,2017-18,barley,62.0,71.0,1.1452,t/ha,PBS Crops Area and Production by Districts (all_crops_2015_2025)
Rahim Yar Khan,2018-19,barley,342.0,405.0,1.1842,t/ha,PBS Crops Area and Production by Districts (all_crops_2015_2025)
Rajanpur,2017-18,barley,23.0,26.0,1.1304,t/ha,PBS Crops Area and Production by Districts (all_crops_2015_2025)
Rajanpur,2018-19,barley,20.0,22.0,1.1,t/ha,PBS Crops Area and Production by Districts (all_crops_2015_2025)
Rawalpindi,2017-18,barley,724.0,537.0,0.7417,t/ha,PBS Crops Area and Production by Districts (all_crops_2015_2025)
Rawalpindi,2018-19,barley,986.0,974.0,0.9878,t/ha,PBS Crops Area and Production by Districts (all_crops_2015_2025)
Sahiwal,2017-18,barley,105.0,125.0,1.1905,t/ha,PBS Crops Area and Production by Districts (all_crops_2015_2025)
Sahiwal,2018-19,barley,49.0,58.0,1.1837,t/ha,PBS Crops Area and Production by Districts (all_crops_2015_2025)
Sahiwal,2020-21,barley,56.0,50.0,0.8929,t/ha,PBS Crops Area and Production by Districts (all_crops_2015_2025)
Sargodha,2017-18,barley,859.0,954.0,1.1106,t/ha,PBS Crops Area and Production by Districts (all_crops_2015_2025)
Sargodha,2018-19,barley,905.0,942.0,1.0409,t/ha,PBS Crops Area and Production by Districts (all_crops_2015_2025)
Sargodha,2021-22,barley,68.0,136.0,2.0,t/ha,PBS Crops Area and Production by Districts (all_crops_2015_2025)
Sargodha,2022-23,barley,84.0,145.0,1.7262,t/ha,PBS Crops Area and Production by Districts (all_crops_2015_2025)
Sheikhupura,2017-18,barley,202.0,194.0,0.9604,t/ha,PBS Crops Area and Production by Districts (all_crops_2015_2025)
Sheikhupura,2018-19,barley,211.0,198.0,0.9384,t/ha,PBS Crops Area and Production by Districts (all_crops_2015_2025)
Sheikhupura,2019-20,barley,64.0,54.0,0.8438,t/ha,PBS Crops Area and Production by Districts (all_crops_2015_2025)
Sialkot,2017-18,barley,38.0,25.0,0.6579,t/ha,PBS Crops Area and Production by Districts (all_crops_2015_2025)
Sialkot,2018-19,barley,41.0,27.0,0.6585,t/ha,PBS Crops Area and Production by Districts (all_crops_2015_2025)
Sialkot,2020-21,barley,3.0,2.0,0.6667,t/ha,PBS Crops Area and Production by Districts (all_crops_2015_2025)
Toba Tek Singh,2017-18,barley,20.0,22.0,1.1,t/ha,PBS Crops Area and Production by Districts (all_crops_2015_2025)
Toba Tek Singh,2018-19,barley,32.0,36.0,1.125,t/ha,PBS Crops Area and Production by Districts (all_crops_2015_2025)
Toba Tek Singh,2019-20,barley,14.0,15.0,1.0714,t/ha,PBS Crops Area and Production by Districts (all_crops_2015_2025)
Vehari,2017-18,barley,66.0,73.0,1.1061,t/ha,PBS Crops Area and Production by Districts (all_crops_2015_2025)
Vehari,2018-19,barley,223.0,245.0,1.0987,t/ha,PBS Crops Area and Production by Districts (all_crops_2015_2025)
Vehari,2019-20,barley,88.0,98.0,1.1136,t/ha,PBS Crops Area and Production by Districts (all_crops_2015_2025)
Bahawalnagar,2017-18,cotton,240390.0,866679.99,3.6053,t/ha,PBS Crops Area and Production by Districts (all_crops_2015_2025)
Bahawalnagar,2018-19,cotton,212070.01,686320.01,3.2363,t/ha,PBS Crops Area and Production by Districts (all_crops_2015_2025)
Bahawalnagar,2019-20,cotton,224210.01,820700.01,3.6604,t/ha,PBS Crops Area and Production by Districts (all_crops_2015_2025)
Bahawalnagar,2020-21,cotton,246070.01,994030.03,4.0396,t/ha,PBS Crops Area and Production by Districts (all_crops_2015_2025)
Bahawalnagar,2021-22,cotton,250119.99,1023979.98,4.094,t/ha,PBS Crops Area and Production by Districts (all_crops_2015_2025)
Bahawalnagar,2022-23,cotton,263850.01,593219.97,2.2483,t/ha,PBS Crops Area and Production by Districts (all_crops_2015_2025)
Bahawalnagar,2023-24,cotton,314030.0,1244699.95,3.9636,t/ha,PBS Crops Area and Production by Districts (all_crops_2015_2025)
Bahawalnagar,2024-25,cotton,272790.01,836000.0,3.0646,t/ha,PBS Crops Area and Production by Districts (all_crops_2015_2025)
Bahawalpur,2017-18,cotton,267500.0,1124569.95,4.204,t/ha,PBS Crops Area and Production by Districts (all_crops_2015_2025)
Bahawalpur,2018-19,cotton,265470.0,991960.02,3.7366,t/ha,PBS Crops Area and Production by Districts (all_crops_2015_2025)
Bahawalpur,2019-20,cotton,273970.0,994880.01,3.6313,t/ha,PBS Crops Area and Production by Districts (all_crops_2015_2025)
Bahawalpur,2020-21,cotton,241990.01,860820.01,3.5573,t/ha,PBS Crops Area and Production by Districts (all_crops_2015_2025)
Bahawalpur,2021-22,cotton,217720.0,871060.0,4.0008,t/ha,PBS Crops Area and Production by Districts (all_crops_2015_2025)
Bahawalpur,2022-23,cotton,233899.99,525500.0,2.2467,t/ha,PBS Crops Area and Production by Districts (all_crops_2015_2025)
Bahawalpur,2023-24,cotton,265060.0,1022890.01,3.8591,t/ha,PBS Crops Area and Production by Districts (all_crops_2015_2025)
Bahawalpur,2024-25,cotton,234300.0,703000.0,3.0004,t/ha,PBS Crops Area and Production by Districts (all_crops_2015_2025)
Bhakkar,2017-18,cotton,23470.0,71250.0,3.0358,t/ha,PBS Crops Area and Production by Districts (all_crops_2015_2025)
Bhakkar,2018-19,cotton,16590.0,55970.0,3.3737,t/ha,PBS Crops Area and Production by Districts (all_crops_2015_2025)
Bhakkar,2019-20,cotton,15780.0,43740.0,2.7719,t/ha,PBS Crops Area and Production by Districts (all_crops_2015_2025)
Bhakkar,2020-21,cotton,4860.0,15550.0,3.1996,t/ha,PBS Crops Area and Production by Districts (all_crops_2015_2025)
Bhakkar,2021-22,cotton,3240.0,11520.0,3.5556,t/ha,PBS Crops Area and Production by Districts (all_crops_2015_2025)
Bhakkar,2022-23,cotton,8500.0,27110.0,3.1894,t/ha,PBS Crops Area and Production by Districts (all_crops_2015_2025)
Bhakkar,2023-24,cotton,17400.0,61630.0,3.542,t/ha,PBS Crops Area and Production by Districts (all_crops_2015_2025)
Bhakkar,2024-25,cotton,13400.0,39000.0,2.9104,t/ha,PBS Crops Area and Production by Districts (all_crops_2015_2025)
Chiniot,2017-18,cotton,1220.0,2610.0,2.1393,t/ha,PBS Crops Area and Production by Districts (all_crops_2015_2025)
Chiniot,2018-19,cotton,1210.0,2660.0,2.1983,t/ha,PBS Crops Area and Production by Districts (all_crops_2015_2025)
Chiniot,2019-20,cotton,400.0,930.0,2.325,t/ha,PBS Crops Area and Production by Districts (all_crops_2015_2025)
Chiniot,2023-24,cotton,810.0,2970.0,3.6667,t/ha,PBS Crops Area and Production by Districts (all_crops_2015_2025)
Chiniot,2024-25,cotton,400.0,1100.0,2.75,t/ha,PBS Crops Area and Production by Districts (all_crops_2015_2025)
Dera Ghazi Khan,2017-18,cotton,90240.0,415649.99,4.6061,t/ha,PBS Crops Area and Production by Districts (all_crops_2015_2025)
Dera Ghazi Khan,2018-19,cotton,96720.0,346230.01,3.5797,t/ha,PBS Crops Area and Production by Districts (all_crops_2015_2025)
Dera Ghazi Khan,2019-20,cotton,95500.0,300230.01,3.1438,t/ha,PBS Crops Area and Production by Districts (all_crops_2015_2025)
Dera Ghazi Khan,2020-21,cotton,68800.0,182039.99,2.6459,t/ha,PBS Crops Area and Production by Districts (all_crops_2015_2025)
Dera Ghazi Khan,2021-22,cotton,45730.0,163850.01,3.583,t/ha,PBS Crops Area and Production by Districts (all_crops_2015_2025)
Dera Ghazi Khan,2022-23,cotton,46540.0,50890.0,1.0935,t/ha,PBS Crops Area and Production by Districts (all_crops_2015_2025)
Dera Ghazi Khan,2023-24,cotton,50990.0,148789.99,2.918,t/ha,PBS Crops Area and Production by Districts (all_crops_2015_2025)
Dera Ghazi Khan,2024-25,cotton,23000.0,62000.0,2.6957,t/ha,PBS Crops Area and Production by Districts (all_crops_2015_2025)
Faisalabad,2017-18,cotton,24690.0,77330.0,3.132,t/ha,PBS Crops Area and Production by Districts (all_crops_2015_2025)
Faisalabad,2018-19,cotton,15780.0,43540.0,2.7592,t/ha,PBS Crops Area and Production by Districts (all_crops_2015_2025)
Faisalabad,2019-20,cotton,14160.0,44590.0,3.149,t/ha,PBS Crops Area and Production by Districts (all_crops_2015_2025)
Faisalabad,2020-21,cotton,8490.0,30350.0,3.5748,t/ha,PBS Crops Area and Production by Districts (all_crops_2015_2025)
Faisalabad,2021-22,cotton,4860.0,21940.0,4.5144,t/ha,PBS Crops Area and Production by Districts (all_crops_2015_2025)
Faisalabad,2022-23,cotton,10520.0,44680.0,4.2471,t/ha,PBS Crops Area and Production by Districts (all_crops_2015_2025)
Faisalabad,2023-24,cotton,14160.0,62880.0,4.4407,t/ha,PBS Crops Area and Production by Districts (all_crops_2015_2025)
Faisalabad,2024-25,cotton,11300.0,47000.0,4.1593,t/ha,PBS Crops Area and Production by Districts (all_crops_2015_2025)
Jhang,2017-18,cotton,21850.0,51480.0,2.3561,t/ha,PBS Crops Area and Production by Districts (all_crops_2015_2025)
Jhang,2018-19,cotton,17000.0,39220.0,2.3071,t/ha,PBS Crops Area and Production by Districts (all_crops_2015_2025)
Jhang,2019-20,cotton,14200.0,39630.0,2.7908,t/ha,PBS Crops Area and Production by Districts (all_crops_2015_2025)
Jhang,2020-21,cotton,8100.0,23870.0,2.9469,t/ha,PBS Crops Area and Production by Districts (all_crops_2015_2025)
Jhang,2021-22,cotton,4450.0,14560.0,3.2719,t/ha,PBS Crops Area and Production by Districts (all_crops_2015_2025)
Jhang,2022-23,cotton,12550.0,30950.0,2.4661,t/ha,PBS Crops Area and Production by Districts (all_crops_2015_2025)
Jhang,2023-24,cotton,16590.0,65290.0,3.9355,t/ha,PBS Crops Area and Production by Districts (all_crops_2015_2025)
Jhang,2024-25,cotton,14600.0,48000.0,3.2877,t/ha,PBS Crops Area and Production by Districts (all_crops_2015_2025)
Jhelum,2017-18,cotton,400.0,400.0,1.0,t/ha,PBS Crops Area and Production by Districts (all_crops_2015_2025)
Jhelum,2018-19,cotton,400.0,380.0,0.95,t/ha,PBS Crops Area and Production by Districts (all_crops_2015_2025)
Jhelum,2019-20,cotton,400.0,370.0,0.925,t/ha,PBS Crops Area and Production by Districts (all_crops_2015_2025)
Kasur,2017-18,cotton,5680.0,14390.0,2.5335,t/ha,PBS Crops Area and Production by Districts (all_crops_2015_2025)
Kasur,2018-19,cotton,4860.0,11970.0,2.463,t/ha,PBS Crops Area and Production by Districts (all_crops_2015_2025)
Kasur,2019-20,cotton,5670.0,17960.0,3.1675,t/ha,PBS Crops Area and Production by Districts (all_crops_2015_2025)
Kasur,2020-21,cotton,1210.0,1680.0,1.3884,t/ha,PBS Crops Area and Production by Districts (all_crops_2015_2025)
Kasur,2021-22,cotton,1210.0,1750.0,1.4463,t/ha,PBS Crops Area and Production by Districts (all_crops_2015_2025)
Kasur,2022-23,cotton,2020.0,3590.0,1.7772,t/ha,PBS Crops Area and Production by Districts (all_crops_2015_2025)
Kasur,2023-24,cotton,2830.0,5490.0,1.9399,t/ha,PBS Crops Area and Production by Districts (all_crops_2015_2025)
Kasur,2024-25,cotton,1200.0,2390.0,1.9917,t/ha,PBS Crops Area and Production by Districts (all_crops_2015_2025)
Khanewal,2017-18,cotton,179679.99,769409.97,4.2821,t/ha,PBS Crops Area and Production by Districts (all_crops_2015_2025)
Khanewal,2018-19,cotton,167130.01,622849.98,3.7267,t/ha,PBS Crops Area and Production by Districts (all_crops_2015_2025)
Khanewal,2019-20,cotton,157009.99,473310.0,3.0145,t/ha,PBS Crops Area and Production by Districts (all_crops_2015_2025)
Khanewal,2020-21,cotton,117360.0,337369.99,2.8747,t/ha,PBS Crops Area and Production by Districts (all_crops_2015_2025)
Khanewal,2021-22,cotton,88620.0,334340.0,3.7727,t/ha,PBS Crops Area and Production by Districts (all_crops_2015_2025)
Khanewal,2022-23,cotton,106030.0,255450.0,2.4092,t/ha,PBS Crops Area and Production by Districts (all_crops_2015_2025)
Khanewal,2023-24,cotton,106430.0,450170.01,4.2297,t/ha,PBS Crops Area and Production by Districts (all_crops_2015_2025)
Khanewal,2024-25,cotton,70400.0,266000.0,3.7784,t/ha,PBS Crops Area and Production by Districts (all_crops_2015_2025)
Khushab,2017-18,cotton,800.0,960.0,1.2,t/ha,PBS Crops Area and Production by Districts (all_crops_2015_2025)
Khushab,2018-19,cotton,400.0,470.0,1.175,t/ha,PBS Crops Area and Production by Districts (all_crops_2015_2025)
Khushab,2021-22,cotton,400.0,640.0,1.6,t/ha,PBS Crops Area and Production by Districts (all_crops_2015_2025)
Khushab,2022-23,cotton,810.0,1800.0,2.2222,t/ha,PBS Crops Area and Production by Districts (all_crops_2015_2025)
Khushab,2023-24,cotton,1210.0,3730.0,3.0826,t/ha,PBS Crops Area and Production by Districts (all_crops_2015_2025)
Khushab,2024-25,cotton,800.0,2480.0,3.1,t/ha,PBS Crops Area and Production by Districts (all_crops_2015_2025)
Layyah,2017-18,cotton,49380.0,200640.0,4.0632,t/ha,PBS Crops Area and Production by Districts (all_crops_2015_2025)
Layyah,2018-19,cotton,37230.0,102790.0,2.7609,t/ha,PBS Crops Area and Production by Districts (all_crops_2015_2025)
Layyah,2019-20,cotton,36420.0,134880.01,3.7035,t/ha,PBS Crops Area and Production by Districts (all_crops_2015_2025)
Layyah,2020-21,cotton,34390.0,108080.0,3.1428,t/ha,PBS Crops Area and Production by Districts (all_crops_2015_2025)
Layyah,2021-22,cotton,31970.0,111260.0,3.4801,t/ha,PBS Crops Area and Production by Districts (all_crops_2015_2025)
Layyah,2022-23,cotton,40870.0,94940.0,2.323,t/ha,PBS Crops Area and Production by Districts (all_crops_2015_2025)
Layyah,2023-24,cotton,48160.0,155000.0,3.2184,t/ha,PBS Crops Area and Production by Districts (all_crops_2015_2025)
Layyah,2024-25,cotton,34400.0,44000.0,1.2791,t/ha,PBS Crops Area and Production by Districts (all_crops_2015_2025)
Lodhran,2017-18,cotton,182910.0,691710.02,3.7817,t/ha,PBS Crops Area and Production by Districts (all_crops_2015_2025)
Lodhran,2018-19,cotton,162280.0,676340.03,4.1677,t/ha,PBS Crops Area and Production by Districts (all_crops_2015_2025)
Lodhran,2019-20,cotton,149730.0,501489.99,3.3493,t/ha,PBS Crops Area and Production by Districts (all_crops_2015_2025)
Lodhran,2020-21,cotton,134350.01,439350.01,3.2702,t/ha,PBS Crops Area and Production by Districts (all_crops_2015_2025)
Lodhran,2021-22,cotton,95500.0,469250.0,4.9136,t/ha,PBS Crops Area and Production by Districts (all_crops_2015_2025)
Lodhran,2022-23,cotton,107640.0,264450.01,2.4568,t/ha,PBS Crops Area and Production by Districts (all_crops_2015_2025)
Lodhran,2023-24,cotton,114520.0,380160.0,3.3196,t/ha,PBS Crops Area and Production by Districts (all_crops_2015_2025)
Lodhran,2024-25,cotton,88200.0,289940.0,3.2873,t/ha,PBS Crops Area and Production by Districts (all_crops_2015_2025)
Mandi Bahauddin,2017-18,cotton,810.0,900.0,1.1111,t/ha,PBS Crops Area and Production by Districts (all_crops_2015_2025)
Mandi Bahauddin,2018-19,cotton,810.0,650.0,0.8025,t/ha,PBS Crops Area and Production by Districts (all_crops_2015_2025)
Mandi Bahauddin,2019-20,cotton,810.0,660.0,0.8148,t/ha,PBS Crops Area and Production by Districts (all_crops_2015_2025)
Mandi Bahauddin,2020-21,cotton,400.0,390.0,0.975,t/ha,PBS Crops Area and Production by Districts (all_crops_2015_2025)
Mianwali,2017-18,cotton,42900.0,137730.0,3.2105,t/ha,PBS Crops Area and Production by Districts (all_crops_2015_2025)
Mianwali,2018-19,cotton,31150.0,98850.0,3.1734,t/ha,PBS Crops Area and Production by Districts (all_crops_2015_2025)
Mianwali,2019-20,cotton,28330.0,93460.0,3.299,t/ha,PBS Crops Area and Production by Districts (all_crops_2015_2025)
Mianwali,2020-21,cotton,26710.0,109400.0,4.0958,t/ha,PBS Crops Area and Production by Districts (all_crops_2015_2025)
Mianwali,2021-22,cotton,30340.0,125630.0,4.1407,t/ha,PBS Crops Area and Production by Districts (all_crops_2015_2025)
Mianwali,2022-23,cotton,42490.0,163280.0,3.8428,t/ha,PBS Crops Area and Production by Districts (all_crops_2015_2025)
Mianwali,2023-24,cotton,61110.0,240720.0,3.9391,t/ha,PBS Crops Area and Production by Districts (all_crops_2015_2025)
Mianwali,2024-25,cotton,41300.0,129000.0,3.1235,t/ha,PBS Crops Area and Production by Districts (all_crops_2015_2025)
Multan,2017-18,cotton,157420.0,622520.02,3.9545,t/ha,PBS Crops Area and Production by Districts (all_crops_2015_2025)
Multan,2018-19,cotton,140020.0,530570.01,3.7892,t/ha,PBS Crops Area and Production by Districts (all_crops_2015_2025)
Multan,2019-20,cotton,140420.0,495140.02,3.5261,t/ha,PBS Crops Area and Production by Districts (all_crops_2015_2025)
Multan,2020-21,cotton,105220.0,296399.99,2.817,t/ha,PBS Crops Area and Production by Districts (all_crops_2015_2025)
Multan,2021-22,cotton,81340.0,354929.99,4.3635,t/ha,PBS Crops Area and Production by Districts (all_crops_2015_2025)
Multan,2022-23,cotton,97530.0,188980.0,1.9377,t/ha,PBS Crops Area and Production by Districts (all_crops_2015_2025)
Multan,2023-24,cotton,109670.0,383010.01,3.4924,t/ha,PBS Crops Area and Production by Districts (all_crops_2015_2025)
Multan,2024-25,cotton,81300.0,280060.0,3.4448,t/ha,PBS Crops Area and Production by Districts (all_crops_2015_2025)
Muzaffargarh,2017-18,cotton,140020.0,497519.99,3.5532,t/ha,PBS Crops Area and Production by Districts (all_crops_2015_2025)
Muzaffargarh,2018-19,cotton,142039.99,430630.01,3.0318,t/ha,PBS Crops Area and Production by Districts (all_crops_2015_2025)
Muzaffargarh,2019-20,cotton,136780.0,339369.99,2.4811,t/ha,PBS Crops Area and Production by Districts (all_crops_2015_2025)
Muzaffargarh,2020-21,cotton,119380.0,241160.0,2.0201,t/ha,PBS Crops Area and Production by Districts (all_crops_2015_2025)
Muzaffargarh,2021-22,cotton,89430.0,324130.01,3.6244,t/ha,PBS Crops Area and Production by Districts (all_crops_2015_2025)
Muzaffargarh,2022-23,cotton,90650.0,126560.0,1.3961,t/ha,PBS Crops Area and Production by Districts (all_crops_2015_2025)
Muzaffargarh,2023-24,cotton,73250.0,196900.0,2.6881,t/ha,PBS Crops Area and Production by Districts (all_crops_2015_2025)
Muzaffargarh,2024-25,cotton,51000.0,98000.0,1.9216,t/ha,PBS Crops Area and Production by Districts (all_crops_2015_2025)
Nankana Sahib,2017-18,cotton,400.0,480.0,1.2,t/ha,PBS Crops Area and Production by Districts (all_crops_2015_2025)
Okara,2017-18,cotton,11330.0,36670.0,3.2365,t/ha,PBS Crops Area and Production by Districts (all_crops_2015_2025)
Okara,2018-19,cotton,9710.0,32980.0,3.3965,t/ha,PBS Crops Area and Production by Districts (all_crops_2015_2025)
Okara,2019-20,cotton,10930.0,37250.0,3.4081,t/ha,PBS Crops Area and Production by Districts (all_crops_2015_2025)
Okara,2020-21,cotton,5670.0,24160.0,4.261,t/ha,PBS Crops Area and Production by Districts (all_crops_2015_2025)
Okara,2021-22,cotton,3240.0,17780.0,5.4877,t/ha,PBS Crops Area and Production by Districts (all_crops_2015_2025)
Okara,2022-23,cotton,4450.0,19260.0,4.3281,t/ha,PBS Crops Area and Production by Districts (all_crops_2015_2025)
Okara,2023-24,cotton,4860.0,23620.0,4.8601,t/ha,PBS Crops Area and Production by Districts (all_crops_2015_2025)
Okara,2024-25,cotton,3200.0,14710.0,4.5969,t/ha,PBS Crops Area and Production by Districts (all_crops_2015_2025)
Pakpattan,2017-18,cotton,25890.0,85130.0,3.2881,t/ha,PBS Crops Area and Production by Districts (all_crops_2015_2025)
Pakpattan,2018-19,cotton,21850.0,81140.0,3.7135,t/ha,PBS Crops Area and Production by Districts (all_crops_2015_2025)
Pakpattan,2019-20,cotton,14970.0,52090.0,3.4796,t/ha,PBS Crops Area and Production by Districts (all_crops_2015_2025)
Pakpattan,2020-21,cotton,6070.0,23160.0,3.8155,t/ha,PBS Crops Area and Production by Districts (all_crops_2015_2025)
Pakpattan,2021-22,cotton,3240.0,13570.0,4.1883,t/ha,PBS Crops Area and Production by Districts (all_crops_2015_2025)
Pakpattan,2022-23,cotton,8900.0,32780.0,3.6831,t/ha,PBS Crops Area and Production by Districts (all_crops_2015_2025)
Pakpattan,2023-24,cotton,8900.0,45980.0,5.1663,t/ha,PBS Crops Area and Production by Districts (all_crops_2015_2025)
Pakpattan,2024-25,cotton,4500.0,16750.0,3.7222,t/ha,PBS Crops Area and Production by Districts (all_crops_2015_2025)
Rahim Yar Khan,2017-18,cotton,157420.0,611500.0,3.8845,t/ha,PBS Crops Area and Production by Districts (all_crops_2015_2025)
Rahim Yar Khan,2018-19,cotton,165920.0,674750.0,4.0667,t/ha,PBS Crops Area and Production by Districts (all_crops_2015_2025)
Rahim Yar Khan,2019-20,cotton,214080.0,824929.99,3.8534,t/ha,PBS Crops Area and Production by Districts (all_crops_2015_2025)
Rahim Yar Khan,2020-21,cotton,191810.0,617400.02,3.2188,t/ha,PBS Crops Area and Production by Districts (all_crops_2015_2025)
Rahim Yar Khan,2021-22,cotton,180080.0,736099.98,4.0876,t/ha,PBS Crops Area and Production by Districts (all_crops_2015_2025)
Rahim Yar Khan,2022-23,cotton,189789.99,362690.0,1.911,t/ha,PBS Crops Area and Production by Districts (all_crops_2015_2025)
Rahim Yar Khan,2023-24,cotton,228240.01,753880.01,3.303,t/ha,PBS Crops Area and Production by Districts (all_crops_2015_2025)
Rahim Yar Khan,2024-25,cotton,195100.01,460000.0,2.3578,t/ha,PBS Crops Area and Production by Districts (all_crops_2015_2025)
Rajanpur,2017-18,cotton,134350.01,695710.02,5.1783,t/ha,PBS Crops Area and Production by Districts (all_crops_2015_2025)
Rajanpur,2018-19,cotton,143259.99,625239.99,4.3644,t/ha,PBS Crops Area and Production by Districts (all_crops_2015_2025)
Rajanpur,2019-20,cotton,142450.0,444989.99,3.1238,t/ha,PBS Crops Area and Production by Districts (all_crops_2015_2025)
Rajanpur,2020-21,cotton,118160.0,355519.99,3.0088,t/ha,PBS Crops Area and Production by Districts (all_crops_2015_2025)
Rajanpur,2021-22,cotton,77290.0,301299.99,3.8983,t/ha,PBS Crops Area and Production by Districts (all_crops_2015_2025)
Rajanpur,2022-23,cotton,110070.0,133730.0,1.215,t/ha,PBS Crops Area and Production by Districts (all_crops_2015_2025)
Rajanpur,2023-24,cotton,128280.0,324130.01,2.5267,t/ha,PBS Crops Area and Production by Districts (all_crops_2015_2025)
Rajanpur,2024-25,cotton,74500.0,172000.0,2.3087,t/ha,PBS Crops Area and Production by Districts (all_crops_2015_2025)
Sahiwal,2017-18,cotton,64740.0,200190.0,3.0922,t/ha,PBS Crops Area and Production by Districts (all_crops_2015_2025)
Sahiwal,2018-19,cotton,57050.0,187570.01,3.2878,t/ha,PBS Crops Area and Production by Districts (all_crops_2015_2025)
Sahiwal,2019-20,cotton,53010.0,192860.0,3.6382,t/ha,PBS Crops Area and Production by Districts (all_crops_2015_2025)
Sahiwal,2020-21,cotton,24280.0,114700.0,4.7241,t/ha,PBS Crops Area and Production by Districts (all_crops_2015_2025)
Sahiwal,2021-22,cotton,15780.0,65490.0,4.1502,t/ha,PBS Crops Area and Production by Districts (all_crops_2015_2025)
Sahiwal,2022-23,cotton,28330.0,86390.0,3.0494,t/ha,PBS Crops Area and Production by Districts (all_crops_2015_2025)
Sahiwal,2023-24,cotton,29140.0,145020.0,4.9767,t/ha,PBS Crops Area and Production by Districts (all_crops_2015_2025)
Sahiwal,2024-25,cotton,20600.0,96000.0,4.6602,t/ha,PBS Crops Area and Production by Districts (all_crops_2015_2025)
Sargodha,2017-18,cotton,5660.0,10250.0,1.811,t/ha,PBS Crops Area and Production by Districts (all_crops_2015_2025)
Sargodha,2018-19,cotton,3650.0,6250.0,1.7123,t/ha,PBS Crops Area and Production by Districts (all_crops_2015_2025)
Sargodha,2019-20,cotton,3640.0,7040.0,1.9341,t/ha,PBS Crops Area and Production by Districts (all_crops_2015_2025)
Sargodha,2020-21,cotton,2020.0,3260.0,1.6139,t/ha,PBS Crops Area and Production by Districts (all_crops_2015_2025)
Sargodha,2021-22,cotton,1620.0,2670.0,1.6481,t/ha,PBS Crops Area and Production by Districts (all_crops_2015_2025)
Sargodha,2022-23,cotton,1620.0,2700.0,1.6667,t/ha,PBS Crops Area and Production by Districts (all_crops_2015_2025)
Sargodha,2023-24,cotton,3240.0,5470.0,1.6883,t/ha,PBS Crops Area and Production by Districts (all_crops_2015_2025)
Sargodha,2024-25,cotton,3200.0,7470.0,2.3344,t/ha,PBS Crops Area and Production by Districts (all_crops_2015_2025)
Sheikhupura,2017-18,cotton,400.0,790.0,1.975,t/ha,PBS Crops Area and Production by Districts (all_crops_2015_2025)
Toba Tek Singh,2017-18,cotton,31160.0,88270.0,2.8328,t/ha,PBS Crops Area and Production by Districts (all_crops_2015_2025)
Toba Tek Singh,2018-19,cotton,21040.0,47910.0,2.2771,t/ha,PBS Crops Area and Production by Districts (all_crops_2015_2025)
Toba Tek Singh,2019-20,cotton,18210.0,61280.0,3.3652,t/ha,PBS Crops Area and Production by Districts (all_crops_2015_2025)
Toba Tek Singh,2020-21,cotton,10120.0,35040.0,3.4625,t/ha,PBS Crops Area and Production by Districts (all_crops_2015_2025)
Toba Tek Singh,2021-22,cotton,6470.0,22750.0,3.5162,t/ha,PBS Crops Area and Production by Districts (all_crops_2015_2025)
Toba Tek Singh,2022-23,cotton,12140.0,32750.0,2.6977,t/ha,PBS Crops Area and Production by Districts (all_crops_2015_2025)
Toba Tek Singh,2023-24,cotton,14970.0,55180.0,3.686,t/ha,PBS Crops Area and Production by Districts (all_crops_2015_2025)
Toba Tek Singh,2024-25,cotton,13800.0,36000.0,2.6087,t/ha,PBS Crops Area and Production by Districts (all_crops_2015_2025)
Vehari,2017-18,cotton,192220.0,802260.01,4.1737,t/ha,PBS Crops Area and Production by Districts (all_crops_2015_2025)
Vehari,2018-19,cotton,154179.99,528760.01,3.4295,t/ha,PBS Crops Area and Production by Districts (all_crops_2015_2025)
Vehari,2019-20,cotton,128690.0,384220.0,2.9856,t/ha,PBS Crops Area and Production by Districts (all_crops_2015_2025)
Vehari,2020-21,cotton,70820.0,230270.0,3.2515,t/ha,PBS Crops Area and Production by Districts (all_crops_2015_2025)
Vehari,2021-22,cotton,46540.0,179500.0,3.8569,t/ha,PBS Crops Area and Production by Districts (all_crops_2015_2025)
Vehari,2022-23,cotton,65960.0,168300.0,2.5515,t/ha,PBS Crops Area and Production by Districts (all_crops_2015_2025)
Vehari,2023-24,cotton,66370.0,250509.99,3.7744,t/ha,PBS Crops Area and Production by Districts (all_crops_2015_2025)
Vehari,2024-25,cotton,50200.0,187030.0,3.7257,t/ha,PBS Crops Area and Production by Districts (all_crops_2015_2025)
Attock,2017-18,gram,1400.0,1040.0,0.7429,t/ha,PBS Crops Area and Production by Districts (all_crops_2015_2025)
Attock,2018-19,gram,350.0,320.0,0.9143,t/ha,PBS Crops Area and Production by Districts (all_crops_2015_2025)
Attock,2019-20,gram,3237.43,1710.0,0.5282,t/ha,PBS Crops Area and Production by Districts (all_crops_2015_2025)
Attock,2020-21,gram,180.0,60.0,0.3333,t/ha,PBS Crops Area and Production by Districts (all_crops_2015_2025)
Attock,2021-22,gram,950.0,800.0,0.8421,t/ha,PBS Crops Area and Production by Districts (all_crops_2015_2025)
Attock,2022-23,gram,1470.0,140.0,0.0952,t/ha,PBS Crops Area and Production by Districts (all_crops_2015_2025)
Attock,2023-24,gram,1600.0,300.0,0.1875,t/ha,PBS Crops Area and Production by Districts (all_crops_2015_2025)
Attock,2024-25,gram,1600.0,900.0,0.5625,t/ha,PBS Crops Area and Production by Districts (all_crops_2015_2025)
Bahawalnagar,2017-18,gram,6440.0,5770.0,0.896,t/ha,PBS Crops Area and Production by Districts (all_crops_2015_2025)
Bahawalnagar,2018-19,gram,6070.0,6440.0,1.061,t/ha,PBS Crops Area and Production by Districts (all_crops_2015_2025)
Bahawalnagar,2019-20,gram,4856.14,4970.0,1.0234,t/ha,PBS Crops Area and Production by Districts (all_crops_2015_2025)
Bahawalnagar,2020-21,gram,5470.0,7010.0,1.2815,t/ha,PBS Crops Area and Production by Districts (all_crops_2015_2025)
Bahawalnagar,2021-22,gram,4450.0,4490.0,1.009,t/ha,PBS Crops Area and Production by Districts (all_crops_2015_2025)
Bahawalnagar,2022-23,gram,2430.0,2070.0,0.8519,t/ha,PBS Crops Area and Production by Districts (all_crops_2015_2025)
Bahawalnagar,2023-24,gram,2000.0,2100.0,1.05,t/ha,PBS Crops Area and Production by Districts (all_crops_2015_2025)
Bahawalnagar,2024-25,gram,3400.0,3000.0,0.8824,t/ha,PBS Crops Area and Production by Districts (all_crops_2015_2025)
Bahawalpur,2017-18,gram,1450.0,1130.0,0.7793,t/ha,PBS Crops Area and Production by Districts (all_crops_2015_2025)
Bahawalpur,2018-19,gram,100.0,80.0,0.8,t/ha,PBS Crops Area and Production by Districts (all_crops_2015_2025)
Bahawalpur,2021-22,gram,40.0,50.0,1.25,t/ha,PBS Crops Area and Production by Districts (all_crops_2015_2025)
Bahawalpur,2022-23,gram,40.0,60.0,1.5,t/ha,PBS Crops Area and Production by Districts (all_crops_2015_2025)
Bahawalpur,2024-25,gram,300.0,400.0,1.3333,t/ha,PBS Crops Area and Production by Districts (all_crops_2015_2025)
Bhakkar,2017-18,gram,411160.0,97320.0,0.2367,t/ha,PBS Crops Area and Production by Districts (all_crops_2015_2025)
Bhakkar,2018-19,gram,396579.99,176990.01,0.4463,t/ha,PBS Crops Area and Production by Districts (all_crops_2015_2025)
Bhakkar,2019-20,gram,385524.66,188750.0,0.4896,t/ha,PBS Crops Area and Production by Districts (all_crops_2015_2025)
Bhakkar,2020-21,gram,390929.99,64790.0,0.1657,t/ha,PBS Crops Area and Production by Districts (all_crops_2015_2025)
Bhakkar,2021-22,gram,399820.01,115410.0,0.2887,t/ha,PBS Crops Area and Production by Districts (all_crops_2015_2025)
Bhakkar,2022-23,gram,384040.01,51820.0,0.1349,t/ha,PBS Crops Area and Production by Districts (all_crops_2015_2025)
Bhakkar,2023-24,gram,376399.99,45600.0,0.1211,t/ha,PBS Crops Area and Production by Districts (all_crops_2015_2025)
Bhakkar,2024-25,gram,324200.01,37100.0,0.1144,t/ha,PBS Crops Area and Production by Districts (all_crops_2015_2025)
Chakwal,2017-18,gram,7990.0,4780.0,0.5982,t/ha,PBS Crops Area and Production by Districts (all_crops_2015_2025)
Chakwal,2018-19,gram,8910.0,5270.0,0.5915,t/ha,PBS Crops Area and Production by Districts (all_crops_2015_2025)
Chakwal,2019-20,gram,5260.81,2730.0,0.5189,t/ha,PBS Crops Area and Production by Districts (all_crops_2015_2025)
Chakwal,2020-21,gram,6070.0,4500.0,0.7414,t/ha,PBS Crops Area and Production by Districts (all_crops_2015_2025)
Chakwal,2021-22,gram,7880.0,6570.0,0.8338,t/ha,PBS Crops Area and Production by Districts (all_crops_2015_2025)
Chakwal,2022-23,gram,3240.0,3300.0,1.0185,t/ha,PBS Crops Area and Production by Districts (all_crops_2015_2025)
Chakwal,2023-24,gram,12200.0,10600.0,0.8689,t/ha,PBS Crops Area and Production by Districts (all_crops_2015_2025)
Chakwal,2024-25,gram,11700.0,9000.0,0.7692,t/ha,PBS Crops Area and Production by Districts (all_crops_2015_2025)
Chiniot,2017-18,gram,200.0,100.0,0.5,t/ha,PBS Crops Area and Production by Districts (all_crops_2015_2025)
Chiniot,2018-19,gram,180.0,90.0,0.5,t/ha,PBS Crops Area and Production by Districts (all_crops_2015_2025)
Dera Ghazi Khan,2017-18,gram,3960.0,2500.0,0.6313,t/ha,PBS Crops Area and Production by Districts (all_crops_2015_2025)
Dera Ghazi Khan,2018-19,gram,3970.0,3200.0,0.806,t/ha,PBS Crops Area and Production by Districts (all_crops_2015_2025)
Dera Ghazi Khan,2019-20,gram,7284.2,6800.0,0.9335,t/ha,PBS Crops Area and Production by Districts (all_crops_2015_2025)
Dera Ghazi Khan,2020-21,gram,4050.0,3640.0,0.8988,t/ha,PBS Crops Area and Production by Districts (all_crops_2015_2025)
Dera Ghazi Khan,2021-22,gram,4860.0,4140.0,0.8519,t/ha,PBS Crops Area and Production by Districts (all_crops_2015_2025)
Dera Ghazi Khan,2022-23,gram,5260.0,4970.0,0.9449,t/ha,PBS Crops Area and Production by Districts (all_crops_2015_2025)
Dera Ghazi Khan,2023-24,gram,600.0,300.0,0.5,t/ha,PBS Crops Area and Production by Districts (all_crops_2015_2025)
Dera Ghazi Khan,2024-25,gram,5100.0,4800.0,0.9412,t/ha,PBS Crops Area and Production by Districts (all_crops_2015_2025)
Faisalabad,2017-18,gram,110.0,120.0,1.0909,t/ha,PBS Crops Area and Production by Districts (all_crops_2015_2025)
Faisalabad,2018-19,gram,100.0,120.0,1.2,t/ha,PBS Crops Area and Production by Districts (all_crops_2015_2025)
Gujranwala,2017-18,gram,50.0,20.0,0.4,t/ha,PBS Crops Area and Production by Districts (all_crops_2015_2025)
Gujranwala,2018-19,gram,20.0,10.0,0.5,t/ha,PBS Crops Area and Production by Districts (all_crops_2015_2025)
Gujrat,2017-18,gram,30.0,10.0,0.3333,t/ha,PBS Crops Area and Production by Districts (all_crops_2015_2025)
Gujrat,2018-19,gram,60.0,40.0,0.6667,t/ha,PBS Crops Area and Production by Districts (all_crops_2015_2025)
Gujrat,2021-22,gram,80.0,20.0,0.25,t/ha,PBS Crops Area and Production by Districts (all_crops_2015_2025)
Gujrat,2022-23,gram,60.0,10.0,0.1667,t/ha,PBS Crops Area and Production by Districts (all_crops_2015_2025)
Gujrat,2024-25,gram,100.0,20.0,0.2,t/ha,PBS Crops Area and Production by Districts (all_crops_2015_2025)
Hafizabad,2017-18,gram,180.0,90.0,0.5,t/ha,PBS Crops Area and Production by Districts (all_crops_2015_2025)
Hafizabad,2018-19,gram,130.0,60.0,0.4615,t/ha,PBS Crops Area and Production by Districts (all_crops_2015_2025)
Jhang,2017-18,gram,72760.0,17600.0,0.2419,t/ha,PBS Crops Area and Production by Districts (all_crops_2015_2025)
Jhang,2018-19,gram,71990.0,20350.0,0.2827,t/ha,PBS Crops Area and Production by Districts (all_crops_2015_2025)
Jhang,2019-20,gram,95908.71,49090.0,0.5118,t/ha,PBS Crops Area and Production by Districts (all_crops_2015_2025)
Jhang,2020-21,gram,84980.0,9820.0,0.1156,t/ha,PBS Crops Area and Production by Districts (all_crops_2015_2025)
Jhang,2021-22,gram,80330.0,20190.0,0.2513,t/ha,PBS Crops Area and Production by Districts (all_crops_2015_2025)
Jhang,2022-23,gram,93590.0,20720.0,0.2214,t/ha,PBS Crops Area and Production by Districts (all_crops_2015_2025)
Jhang,2023-24,gram,87100.0,24300.0,0.279,t/ha,PBS Crops Area and Production by Districts (all_crops_2015_2025)
Jhang,2024-25,gram,78100.0,9700.0,0.1242,t/ha,PBS Crops Area and Production by Districts (all_crops_2015_2025)
Jhelum,2017-18,gram,160.0,110.0,0.6875,t/ha,PBS Crops Area and Production by Districts (all_crops_2015_2025)
Jhelum,2018-19,gram,250.0,150.0,0.6,t/ha,PBS Crops Area and Production by Districts (all_crops_2015_2025)
Jhelum,2019-20,gram,404.68,210.0,0.5189,t/ha,PBS Crops Area and Production by Districts (all_crops_2015_2025)
Jhelum,2020-21,gram,20.0,20.0,1.0,t/ha,PBS Crops Area and Production by Districts (all_crops_2015_2025)
Kasur,2017-18,gram,100.0,90.0,0.9,t/ha,PBS Crops Area and Production by Districts (all_crops_2015_2025)
Kasur,2018-19,gram,220.0,210.0,0.9545,t/ha,PBS Crops Area and Production by Districts (all_crops_2015_2025)
Khanewal,2017-18,gram,40.0,50.0,1.25,t/ha,PBS Crops Area and Production by Districts (all_crops_2015_2025)
Khanewal,2018-19,gram,50.0,60.0,1.2,t/ha,PBS Crops Area and Production by Districts (all_crops_2015_2025)
Khanewal,2019-20,gram,202.34,200.0,0.9884,t/ha,PBS Crops Area and Production by Districts (all_crops_2015_2025)
Khanewal,2020-21,gram,140.0,50.0,0.3571,t/ha,PBS Crops Area and Production by Districts (all_crops_2015_2025)
Khushab,2017-18,gram,241690.0,57450.0,0.2377,t/ha,PBS Crops Area and Production by Districts (all_crops_2015_2025)
Khushab,2018-19,gram,229850.01,95560.0,0.4157,t/ha,PBS Crops Area and Production by Districts (all_crops_2015_2025)
Khushab,2019-20,gram,207170.9,100140.0,0.4834,t/ha,PBS Crops Area and Production by Districts (all_crops_2015_2025)
Khushab,2020-21,gram,178280.0,36620.0,0.2054,t/ha,PBS Crops Area and Production by Districts (all_crops_2015_2025)
Khushab,2021-22,gram,163090.0,56550.0,0.3467,t/ha,PBS Crops Area and Production by Districts (all_crops_2015_2025)
Khushab,2022-23,gram,127870.0,34190.0,0.2674,t/ha,PBS Crops Area and Production by Districts (all_crops_2015_2025)
Khushab,2023-24,gram,109700.0,29700.0,0.2707,t/ha,PBS Crops Area and Production by Districts (all_crops_2015_2025)
Khushab,2024-25,gram,73500.0,11500.0,0.1565,t/ha,PBS Crops Area and Production by Districts (all_crops_2015_2025)
Layyah,2017-18,gram,123070.0,62010.0,0.5039,t/ha,PBS Crops Area and Production by Districts (all_crops_2015_2025)
Layyah,2018-19,gram,115660.0,52610.0,0.4549,t/ha,PBS Crops Area and Production by Districts (all_crops_2015_2025)
Layyah,2019-20,gram,118975.36,61830.0,0.5197,t/ha,PBS Crops Area and Production by Districts (all_crops_2015_2025)
Layyah,2020-21,gram,105210.0,29130.0,0.2769,t/ha,PBS Crops Area and Production by Districts (all_crops_2015_2025)
Layyah,2021-22,gram,101570.0,32580.0,0.3208,t/ha,PBS Crops Area and Production by Districts (all_crops_2015_2025)
Layyah,2022-23,gram,101980.0,36630.0,0.3592,t/ha,PBS Crops Area and Production by Districts (all_crops_2015_2025)
Layyah,2023-24,gram,100400.0,19000.0,0.1892,t/ha,PBS Crops Area and Production by Districts (all_crops_2015_2025)
Layyah,2024-25,gram,90900.0,15300.0,0.1683,t/ha,PBS Crops Area and Production by Districts (all_crops_2015_2025)
Lodhran,2017-18,gram,240.0,180.0,0.75,t/ha,PBS Crops Area and Production by Districts (all_crops_2015_2025)
Mandi Bahauddin,2017-18,gram,180.0,90.0,0.5,t/ha,PBS Crops Area and Production by Districts (all_crops_2015_2025)
Mandi Bahauddin,2018-19,gram,190.0,110.0,0.5789,t/ha,PBS Crops Area and Production by Districts (all_crops_2015_2025)
Mianwali,2017-18,gram,15300.0,6470.0,0.4229,t/ha,PBS Crops Area and Production by Districts (all_crops_2015_2025)
Mianwali,2018-19,gram,13110.0,9750.0,0.7437,t/ha,PBS Crops Area and Production by Districts (all_crops_2015_2025)
Mianwali,2019-20,gram,19829.23,12570.0,0.6339,t/ha,PBS Crops Area and Production by Districts (all_crops_2015_2025)
Mianwali,2020-21,gram,16990.0,7930.0,0.4667,t/ha,PBS Crops Area and Production by Districts (all_crops_2015_2025)
Mianwali,2021-22,gram,14570.0,8710.0,0.5978,t/ha,PBS Crops Area and Production by Districts (all_crops_2015_2025)
Mianwali,2022-23,gram,16190.0,10260.0,0.6337,t/ha,PBS Crops Area and Production by Districts (all_crops_2015_2025)
Mianwali,2023-24,gram,12500.0,5700.0,0.456,t/ha,PBS Crops Area and Production by Districts (all_crops_2015_2025)
Mianwali,2024-25,gram,19600.0,6700.0,0.3418,t/ha,PBS Crops Area and Production by Districts (all_crops_2015_2025)
Muzaffargarh,2017-18,gram,2480.0,1290.0,0.5202,t/ha,PBS Crops Area and Production by Districts (all_crops_2015_2025)
Muzaffargarh,2018-19,gram,4560.0,2780.0,0.6096,t/ha,PBS Crops Area and Production by Districts (all_crops_2015_2025)
Muzaffargarh,2019-20,gram,1214.03,600.0,0.4942,t/ha,PBS Crops Area and Production by Districts (all_crops_2015_2025)
Muzaffargarh,2020-21,gram,1210.0,410.0,0.3388,t/ha,PBS Crops Area and Production by Districts (all_crops_2015_2025)
Muzaffargarh,2021-22,gram,1210.0,390.0,0.3223,t/ha,PBS Crops Area and Production by Districts (all_crops_2015_2025)
Muzaffargarh,2023-24,gram,400.0,200.0,0.5,t/ha,PBS Crops Area and Production by Districts (all_crops_2015_2025)
Muzaffargarh,2024-25,gram,400.0,100.0,0.25,t/ha,PBS Crops Area and Production by Districts (all_crops_2015_2025)
Nankana Sahib,2017-18,gram,50.0,70.0,1.4,t/ha,PBS Crops Area and Production by Districts (all_crops_2015_2025)
Nankana Sahib,2018-19,gram,40.0,60.0,1.5,t/ha,PBS Crops Area and Production by Districts (all_crops_2015_2025)
Narowal,2017-18,gram,30.0,10.0,0.3333,t/ha,PBS Crops Area and Production by Districts (all_crops_2015_2025)
Okara,2017-18,gram,310.0,330.0,1.0645,t/ha,PBS Crops Area and Production by Districts (all_crops_2015_2025)
Okara,2018-19,gram,190.0,210.0,1.1053,t/ha,PBS Crops Area and Production by Districts (all_crops_2015_2025)
Pakpattan,2017-18,gram,180.0,270.0,1.5,t/ha,PBS Crops Area and Production by Districts (all_crops_2015_2025)
Pakpattan,2018-19,gram,250.0,350.0,1.4,t/ha,PBS Crops Area and Production by Districts (all_crops_2015_2025)
Rahim Yar Khan,2017-18,gram,40.0,30.0,0.75,t/ha,PBS Crops Area and Production by Districts (all_crops_2015_2025)
Rahim Yar Khan,2018-19,gram,40.0,30.0,0.75,t/ha,PBS Crops Area and Production by Districts (all_crops_2015_2025)
Rajanpur,2017-18,gram,580.0,280.0,0.4828,t/ha,PBS Crops Area and Production by Districts (all_crops_2015_2025)
Rajanpur,2018-19,gram,150.0,70.0,0.4667,t/ha,PBS Crops Area and Production by Districts (all_crops_2015_2025)
Rawalpindi,2017-18,gram,730.0,300.0,0.411,t/ha,PBS Crops Area and Production by Districts (all_crops_2015_2025)
Rawalpindi,2018-19,gram,2140.0,1100.0,0.514,t/ha,PBS Crops Area and Production by Districts (all_crops_2015_2025)
Sahiwal,2017-18,gram,240.0,290.0,1.2083,t/ha,PBS Crops Area and Production by Districts (all_crops_2015_2025)
Sahiwal,2018-19,gram,230.0,290.0,1.2609,t/ha,PBS Crops Area and Production by Districts (all_crops_2015_2025)
Sahiwal,2019-20,gram,48.56,50.0,1.0296,t/ha,PBS Crops Area and Production by Districts (all_crops_2015_2025)
Sargodha,2017-18,gram,410.0,220.0,0.5366,t/ha,PBS Crops Area and Production by Districts (all_crops_2015_2025)
Sargodha,2018-19,gram,380.0,240.0,0.6316,t/ha,PBS Crops Area and Production by Districts (all_crops_2015_2025)
Sargodha,2022-23,gram,8090.0,5940.0,0.7342,t/ha,PBS Crops Area and Production by Districts (all_crops_2015_2025)
Sheikhupura,2017-18,gram,40.0,30.0,0.75,t/ha,PBS Crops Area and Production by Districts (all_crops_2015_2025)
Sheikhupura,2018-19,gram,10.0,10.0,1.0,t/ha,PBS Crops Area and Production by Districts (all_crops_2015_2025)
Toba Tek Singh,2017-18,gram,270.0,310.0,1.1481,t/ha,PBS Crops Area and Production by Districts (all_crops_2015_2025)
Toba Tek Singh,2018-19,gram,420.0,500.0,1.1905,t/ha,PBS Crops Area and Production by Districts (all_crops_2015_2025)
Toba Tek Singh,2019-20,gram,404.68,350.0,0.8649,t/ha,PBS Crops Area and Production by Districts (all_crops_2015_2025)
Toba Tek Singh,2020-21,gram,50.0,20.0,0.4,t/ha,PBS Crops Area and Production by Districts (all_crops_2015_2025)
Toba Tek Singh,2021-22,gram,160.0,100.0,0.625,t/ha,PBS Crops Area and Production by Districts (all_crops_2015_2025)
Toba Tek Singh,2022-23,gram,40.0,10.0,0.25,t/ha,PBS Crops Area and Production by Districts (all_crops_2015_2025)
Vehari,2017-18,gram,80.0,140.0,1.75,t/ha,PBS Crops Area and Production by Districts (all_crops_2015_2025)
Vehari,2018-19,gram,90.0,160.0,1.7778,t/ha,PBS Crops Area and Production by Districts (all_crops_2015_2025)
Attock,2018-19,groundnut,23894.0,26085.0,1.0917,t/ha,PBS Crops Area and Production by Districts (all_crops_2015_2025)
Attock,2019-20,groundnut,25555.0,27527.0,1.0772,t/ha,PBS Crops Area and Production by Districts (all_crops_2015_2025)
Attock,2020-21,groundnut,44651.0,26186.0,0.5865,t/ha,PBS Crops Area and Production by Districts (all_crops_2015_2025)
Attock,2021-22,groundnut,44564.0,33477.0,0.7512,t/ha,PBS Crops Area and Production by Districts (all_crops_2015_2025)
Attock,2022-23,groundnut,43450.0,44494.0,1.024,t/ha,PBS Crops Area and Production by Districts (all_crops_2015_2025)
Attock,2023-24,groundnut,47954.0,40243.0,0.8392,t/ha,PBS Crops Area and Production by Districts (all_crops_2015_2025)
Attock,2024-25,groundnut,48810.0,46750.0,0.9578,t/ha,PBS Crops Area and Production by Districts (all_crops_2015_2025)
Bahawalnagar,2018-19,groundnut,2.0,2.0,1.0,t/ha,PBS Crops Area and Production by Districts (all_crops_2015_2025)
Bahawalnagar,2019-20,groundnut,1.0,1.0,1.0,t/ha,PBS Crops Area and Production by Districts (all_crops_2015_2025)
Bahawalpur,2020-21,groundnut,1.0,1.0,1.0,t/ha,PBS Crops Area and Production by Districts (all_crops_2015_2025)
Bhakkar,2018-19,groundnut,801.0,601.0,0.7503,t/ha,PBS Crops Area and Production by Districts (all_crops_2015_2025)
Bhakkar,2019-20,groundnut,755.0,788.0,1.0437,t/ha,PBS Crops Area and Production by Districts (all_crops_2015_2025)
Bhakkar,2020-21,groundnut,815.0,496.0,0.6086,t/ha,PBS Crops Area and Production by Districts (all_crops_2015_2025)
Bhakkar,2021-22,groundnut,242.0,84.0,0.3471,t/ha,PBS Crops Area and Production by Districts (all_crops_2015_2025)
Bhakkar,2022-23,groundnut,534.0,320.0,0.5993,t/ha,PBS Crops Area and Production by Districts (all_crops_2015_2025)
Bhakkar,2023-24,groundnut,943.0,861.0,0.913,t/ha,PBS Crops Area and Production by Districts (all_crops_2015_2025)
Bhakkar,2024-25,groundnut,1599.0,1510.0,0.9443,t/ha,PBS Crops Area and Production by Districts (all_crops_2015_2025)
Chakwal,2018-19,groundnut,51701.0,45696.0,0.8839,t/ha,PBS Crops Area and Production by Districts (all_crops_2015_2025)
Chakwal,2019-20,groundnut,52078.0,41601.0,0.7988,t/ha,PBS Crops Area and Production by Districts (all_crops_2015_2025)
Chakwal,2020-21,groundnut,59891.0,59554.0,0.9944,t/ha,PBS Crops Area and Production by Districts (all_crops_2015_2025)
Chakwal,2021-22,groundnut,65217.0,66655.0,1.022,t/ha,PBS Crops Area and Production by Districts (all_crops_2015_2025)
Chakwal,2022-23,groundnut,64344.0,47891.0,0.7443,t/ha,PBS Crops Area and Production by Districts (all_crops_2015_2025)
Chakwal,2023-24,groundnut,66772.0,48880.0,0.732,t/ha,PBS Crops Area and Production by Districts (all_crops_2015_2025)
Chakwal,2024-25,groundnut,63186.0,51376.0,0.8131,t/ha,PBS Crops Area and Production by Districts (all_crops_2015_2025)
Chiniot,2018-19,groundnut,2.0,2.0,1.0,t/ha,PBS Crops Area and Production by Districts (all_crops_2015_2025)
Hafizabad,2018-19,groundnut,2.0,2.0,1.0,t/ha,PBS Crops Area and Production by Districts (all_crops_2015_2025)
Hafizabad,2019-20,groundnut,1.0,1.0,1.0,t/ha,PBS Crops Area and Production by Districts (all_crops_2015_2025)
Jhang,2018-19,groundnut,5.0,5.0,1.0,t/ha,PBS Crops Area and Production by Districts (all_crops_2015_2025)
Jhang,2019-20,groundnut,6.0,6.0,1.0,t/ha,PBS Crops Area and Production by Districts (all_crops_2015_2025)
Jhelum,2018-19,groundnut,218.0,513.0,2.3532,t/ha,PBS Crops Area and Production by Districts (all_crops_2015_2025)
Jhelum,2019-20,groundnut,82.0,91.0,1.1098,t/ha,PBS Crops Area and Production by Districts (all_crops_2015_2025)
Jhelum,2020-21,groundnut,759.0,1382.0,1.8208,t/ha,PBS Crops Area and Production by Districts (all_crops_2015_2025)
Jhelum,2021-22,groundnut,1084.0,2466.0,2.2749,t/ha,PBS Crops Area and Production by Districts (all_crops_2015_2025)
Jhelum,2022-23,groundnut,1057.0,1187.0,1.123,t/ha,PBS Crops Area and Production by Districts (all_crops_2015_2025)
Jhelum,2023-24,groundnut,1214.0,1812.0,1.4926,t/ha,PBS Crops Area and Production by Districts (all_crops_2015_2025)
Jhelum,2024-25,groundnut,401.0,613.0,1.5287,t/ha,PBS Crops Area and Production by Districts (all_crops_2015_2025)
Khanewal,2018-19,groundnut,1.0,1.0,1.0,t/ha,PBS Crops Area and Production by Districts (all_crops_2015_2025)
Khushab,2018-19,groundnut,3908.0,2493.0,0.6379,t/ha,PBS Crops Area and Production by Districts (all_crops_2015_2025)
Khushab,2019-20,groundnut,4310.0,3392.0,0.787,t/ha,PBS Crops Area and Production by Districts (all_crops_2015_2025)
Khushab,2020-21,groundnut,10927.0,7573.0,0.6931,t/ha,PBS Crops Area and Production by Districts (all_crops_2015_2025)
Khushab,2021-22,groundnut,20520.0,11706.0,0.5705,t/ha,PBS Crops Area and Production by Districts (all_crops_2015_2025)
Khushab,2022-23,groundnut,7284.0,3291.0,0.4518,t/ha,PBS Crops Area and Production by Districts (all_crops_2015_2025)
Khushab,2023-24,groundnut,7082.0,3253.0,0.4593,t/ha,PBS Crops Area and Production by Districts (all_crops_2015_2025)
Khushab,2024-25,groundnut,8986.0,5202.0,0.5789,t/ha,PBS Crops Area and Production by Districts (all_crops_2015_2025)
Layyah,2018-19,groundnut,164.0,114.0,0.6951,t/ha,PBS Crops Area and Production by Districts (all_crops_2015_2025)
Layyah,2019-20,groundnut,146.0,161.0,1.1027,t/ha,PBS Crops Area and Production by Districts (all_crops_2015_2025)
Lodhran,2018-19,groundnut,1.0,2.0,2.0,t/ha,PBS Crops Area and Production by Districts (all_crops_2015_2025)
Mianwali,2018-19,groundnut,3522.0,4331.0,1.2297,t/ha,PBS Crops Area and Production by Districts (all_crops_2015_2025)
Mianwali,2019-20,groundnut,2958.0,3157.0,1.0673,t/ha,PBS Crops Area and Production by Districts (all_crops_2015_2025)
Mianwali,2020-21,groundnut,10018.0,13308.0,1.3284,t/ha,PBS Crops Area and Production by Districts (all_crops_2015_2025)
Mianwali,2021-22,groundnut,12875.0,16911.0,1.3135,t/ha,PBS Crops Area and Production by Districts (all_crops_2015_2025)
Mianwali,2022-23,groundnut,4047.0,5009.0,1.2377,t/ha,PBS Crops Area and Production by Districts (all_crops_2015_2025)
Mianwali,2023-24,groundnut,9195.0,9951.0,1.0822,t/ha,PBS Crops Area and Production by Districts (all_crops_2015_2025)
Mianwali,2024-25,groundnut,9740.0,8092.0,0.8308,t/ha,PBS Crops Area and Production by Districts (all_crops_2015_2025)
Muzaffargarh,2018-19,groundnut,46.0,71.0,1.5435,t/ha,PBS Crops Area and Production by Districts (all_crops_2015_2025)
Muzaffargarh,2019-20,groundnut,35.0,41.0,1.1714,t/ha,PBS Crops Area and Production by Districts (all_crops_2015_2025)
Muzaffargarh,2021-22,groundnut,20.0,9.0,0.45,t/ha,PBS Crops Area and Production by Districts (all_crops_2015_2025)
Narowal,2018-19,groundnut,2.0,1.0,0.5,t/ha,PBS Crops Area and Production by Districts (all_crops_2015_2025)
Okara,2018-19,groundnut,1.0,1.0,1.0,t/ha,PBS Crops Area and Production by Districts (all_crops_2015_2025)
Rahim Yar Khan,2018-19,groundnut,27.0,32.0,1.1852,t/ha,PBS Crops Area and Production by Districts (all_crops_2015_2025)
Rahim Yar Khan,2019-20,groundnut,14.0,18.0,1.2857,t/ha,PBS Crops Area and Production by Districts (all_crops_2015_2025)
Rahim Yar Khan,2020-21,groundnut,107.0,120.0,1.1215,t/ha,PBS Crops Area and Production by Districts (all_crops_2015_2025)
Rahim Yar Khan,2021-22,groundnut,139.0,133.0,0.9568,t/ha,PBS Crops Area and Production by Districts (all_crops_2015_2025)
Rahim Yar Khan,2022-23,groundnut,7.0,2.0,0.2857,t/ha,PBS Crops Area and Production by Districts (all_crops_2015_2025)
Rahim Yar Khan,2023-24,groundnut,31.0,31.0,1.0,t/ha,PBS Crops Area and Production by Districts (all_crops_2015_2025)
Rahim Yar Khan,2024-25,groundnut,350.0,651.0,1.86,t/ha,PBS Crops Area and Production by Districts (all_crops_2015_2025)
Rajanpur,2021-22,groundnut,60.0,66.0,1.1,t/ha,PBS Crops Area and Production by Districts (all_crops_2015_2025)
Rawalpindi,2018-19,groundnut,8629.0,10712.0,1.2414,t/ha,PBS Crops Area and Production by Districts (all_crops_2015_2025)
Rawalpindi,2019-20,groundnut,9874.0,9637.0,0.976,t/ha,PBS Crops Area and Production by Districts (all_crops_2015_2025)
Rawalpindi,2020-21,groundnut,3437.0,5840.0,1.6992,t/ha,PBS Crops Area and Production by Districts (all_crops_2015_2025)
Rawalpindi,2021-22,groundnut,3840.0,6254.0,1.6286,t/ha,PBS Crops Area and Production by Districts (all_crops_2015_2025)
Rawalpindi,2022-23,groundnut,3764.0,5762.0,1.5308,t/ha,PBS Crops Area and Production by Districts (all_crops_2015_2025)
Rawalpindi,2023-24,groundnut,4577.0,8943.0,1.9539,t/ha,PBS Crops Area and Production by Districts (all_crops_2015_2025)
Rawalpindi,2024-25,groundnut,5535.0,8162.0,1.4746,t/ha,PBS Crops Area and Production by Districts (all_crops_2015_2025)
Sargodha,2024-25,groundnut,8.0,8.0,1.0,t/ha,PBS Crops Area and Production by Districts (all_crops_2015_2025)
Sialkot,2020-21,groundnut,4.0,5.0,1.25,t/ha,PBS Crops Area and Production by Districts (all_crops_2015_2025)
Vehari,2018-19,groundnut,2.0,3.0,1.5,t/ha,PBS Crops Area and Production by Districts (all_crops_2015_2025)
Attock,2017-18,jowar,11400.0,4700.0,0.4123,t/ha,PBS Crops Area and Production by Districts (all_crops_2015_2025)
Attock,2018-19,jowar,11400.0,4400.0,0.386,t/ha,PBS Crops Area and Production by Districts (all_crops_2015_2025)
Attock,2019-20,jowar,10990.0,3700.0,0.3367,t/ha,PBS Crops Area and Production by Districts (all_crops_2015_2025)
Attock,2020-21,jowar,1360.0,520.0,0.3824,t/ha,PBS Crops Area and Production by Districts (all_crops_2015_2025)
Attock,2021-22,jowar,1417.0,705.0,0.4975,t/ha,PBS Crops Area and Production by Districts (all_crops_2015_2025)
Attock,2022-23,jowar,582.0,188.0,0.323,t/ha,PBS Crops Area and Production by Districts (all_crops_2015_2025)
Attock,2023-24,jowar,304.0,86.0,0.2829,t/ha,PBS Crops Area and Production by Districts (all_crops_2015_2025)
Attock,2024-25,jowar,93.0,25.0,0.2688,t/ha,PBS Crops Area and Production by Districts (all_crops_2015_2025)
Bahawalnagar,2017-18,jowar,12900.0,10300.0,0.7984,t/ha,PBS Crops Area and Production by Districts (all_crops_2015_2025)
Bahawalnagar,2018-19,jowar,13500.0,11200.0,0.8296,t/ha,PBS Crops Area and Production by Districts (all_crops_2015_2025)
Bahawalnagar,2019-20,jowar,8620.0,7100.0,0.8237,t/ha,PBS Crops Area and Production by Districts (all_crops_2015_2025)
Bahawalnagar,2020-21,jowar,5128.0,4181.0,0.8153,t/ha,PBS Crops Area and Production by Districts (all_crops_2015_2025)
Bahawalpur,2017-18,jowar,9400.0,6500.0,0.6915,t/ha,PBS Crops Area and Production by Districts (all_crops_2015_2025)
Bahawalpur,2018-19,jowar,9800.0,7600.0,0.7755,t/ha,PBS Crops Area and Production by Districts (all_crops_2015_2025)
Bahawalpur,2019-20,jowar,4980.0,4100.0,0.8233,t/ha,PBS Crops Area and Production by Districts (all_crops_2015_2025)
Bahawalpur,2020-21,jowar,3715.0,3746.0,1.0083,t/ha,PBS Crops Area and Production by Districts (all_crops_2015_2025)
Bhakkar,2017-18,jowar,2200.0,700.0,0.3182,t/ha,PBS Crops Area and Production by Districts (all_crops_2015_2025)
Bhakkar,2018-19,jowar,2500.0,1000.0,0.4,t/ha,PBS Crops Area and Production by Districts (all_crops_2015_2025)
Bhakkar,2019-20,jowar,2630.0,1100.0,0.4183,t/ha,PBS Crops Area and Production by Districts (all_crops_2015_2025)
Bhakkar,2020-21,jowar,202.0,112.0,0.5545,t/ha,PBS Crops Area and Production by Districts (all_crops_2015_2025)
Chakwal,2017-18,jowar,22300.0,8300.0,0.3722,t/ha,PBS Crops Area and Production by Districts (all_crops_2015_2025)
Chakwal,2018-19,jowar,17900.0,6600.0,0.3687,t/ha,PBS Crops Area and Production by Districts (all_crops_2015_2025)
Chakwal,2019-20,jowar,17310.0,6300.0,0.364,t/ha,PBS Crops Area and Production by Districts (all_crops_2015_2025)
Chakwal,2020-21,jowar,6418.0,2616.0,0.4076,t/ha,PBS Crops Area and Production by Districts (all_crops_2015_2025)
Chakwal,2021-22,jowar,4803.0,911.0,0.1897,t/ha,PBS Crops Area and Production by Districts (all_crops_2015_2025)
Chakwal,2022-23,jowar,1441.0,550.0,0.3817,t/ha,PBS Crops Area and Production by Districts (all_crops_2015_2025)
Chakwal,2023-24,jowar,607.0,228.0,0.3756,t/ha,PBS Crops Area and Production by Districts (all_crops_2015_2025)
Chakwal,2024-25,jowar,587.0,233.0,0.3969,t/ha,PBS Crops Area and Production by Districts (all_crops_2015_2025)
Chiniot,2017-18,jowar,3500.0,3300.0,0.9429,t/ha,PBS Crops Area and Production by Districts (all_crops_2015_2025)
Chiniot,2018-19,jowar,4900.0,4600.0,0.9388,t/ha,PBS Crops Area and Production by Districts (all_crops_2015_2025)
Chiniot,2019-20,jowar,2830.0,2600.0,0.9187,t/ha,PBS Crops Area and Production by Districts (all_crops_2015_2025)
Chiniot,2020-21,jowar,1495.0,1658.0,1.109,t/ha,PBS Crops Area and Production by Districts (all_crops_2015_2025)
Chiniot,2021-22,jowar,1257.0,1143.0,0.9093,t/ha,PBS Crops Area and Production by Districts (all_crops_2015_2025)
Dera Ghazi Khan,2017-18,jowar,10500.0,6700.0,0.6381,t/ha,PBS Crops Area and Production by Districts (all_crops_2015_2025)
Dera Ghazi Khan,2018-19,jowar,8900.0,6100.0,0.6854,t/ha,PBS Crops Area and Production by Districts (all_crops_2015_2025)
Dera Ghazi Khan,2019-20,jowar,10120.0,6600.0,0.6522,t/ha,PBS Crops Area and Production by Districts (all_crops_2015_2025)
Dera Ghazi Khan,2020-21,jowar,5993.0,3918.0,0.6538,t/ha,PBS Crops Area and Production by Districts (all_crops_2015_2025)
Dera Ghazi Khan,2021-22,jowar,932.0,0.0,0.0,t/ha,PBS Crops Area and Production by Districts (all_crops_2015_2025)
Dera Ghazi Khan,2022-23,jowar,909.0,314.0,0.3454,t/ha,PBS Crops Area and Production by Districts (all_crops_2015_2025)
Dera Ghazi Khan,2023-24,jowar,728.0,265.0,0.364,t/ha,PBS Crops Area and Production by Districts (all_crops_2015_2025)
Dera Ghazi Khan,2024-25,jowar,485.0,190.0,0.3918,t/ha,PBS Crops Area and Production by Districts (all_crops_2015_2025)
Faisalabad,2017-18,jowar,700.0,1000.0,1.4286,t/ha,PBS Crops Area and Production by Districts (all_crops_2015_2025)
Faisalabad,2018-19,jowar,300.0,400.0,1.3333,t/ha,PBS Crops Area and Production by Districts (all_crops_2015_2025)
Faisalabad,2019-20,jowar,300.0,400.0,1.3333,t/ha,PBS Crops Area and Production by Districts (all_crops_2015_2025)
Faisalabad,2020-21,jowar,81.0,114.0,1.4074,t/ha,PBS Crops Area and Production by Districts (all_crops_2015_2025)
Gujranwala,2017-18,jowar,4200.0,2000.0,0.4762,t/ha,PBS Crops Area and Production by Districts (all_crops_2015_2025)
Gujranwala,2018-19,jowar,3500.0,1700.0,0.4857,t/ha,PBS Crops Area and Production by Districts (all_crops_2015_2025)
Gujranwala,2019-20,jowar,1660.0,800.0,0.4819,t/ha,PBS Crops Area and Production by Districts (all_crops_2015_2025)
Gujranwala,2020-21,jowar,1162.0,686.0,0.5904,t/ha,PBS Crops Area and Production by Districts (all_crops_2015_2025)
Gujrat,2017-18,jowar,10800.0,7800.0,0.7222,t/ha,PBS Crops Area and Production by Districts (all_crops_2015_2025)
Gujrat,2018-19,jowar,10300.0,7600.0,0.7379,t/ha,PBS Crops Area and Production by Districts (all_crops_2015_2025)
Gujrat,2019-20,jowar,4130.0,3700.0,0.8959,t/ha,PBS Crops Area and Production by Districts (all_crops_2015_2025)
Gujrat,2020-21,jowar,2323.0,2092.0,0.9006,t/ha,PBS Crops Area and Production by Districts (all_crops_2015_2025)
Gujrat,2021-22,jowar,1325.0,1151.0,0.8687,t/ha,PBS Crops Area and Production by Districts (all_crops_2015_2025)
Hafizabad,2017-18,jowar,3600.0,1900.0,0.5278,t/ha,PBS Crops Area and Production by Districts (all_crops_2015_2025)
Hafizabad,2018-19,jowar,3500.0,1800.0,0.5143,t/ha,PBS Crops Area and Production by Districts (all_crops_2015_2025)
Hafizabad,2019-20,jowar,3200.0,1700.0,0.5312,t/ha,PBS Crops Area and Production by Districts (all_crops_2015_2025)
Hafizabad,2020-21,jowar,3053.0,1699.0,0.5565,t/ha,PBS Crops Area and Production by Districts (all_crops_2015_2025)
Hafizabad,2021-22,jowar,2152.0,1298.0,0.6032,t/ha,PBS Crops Area and Production by Districts (all_crops_2015_2025)
Jhang,2017-18,jowar,3400.0,3200.0,0.9412,t/ha,PBS Crops Area and Production by Districts (all_crops_2015_2025)
Jhang,2018-19,jowar,4200.0,3800.0,0.9048,t/ha,PBS Crops Area and Production by Districts (all_crops_2015_2025)
Jhang,2019-20,jowar,410.0,400.0,0.9756,t/ha,PBS Crops Area and Production by Districts (all_crops_2015_2025)
Jhang,2020-21,jowar,182.0,198.0,1.0879,t/ha,PBS Crops Area and Production by Districts (all_crops_2015_2025)
Jhang,2021-22,jowar,382.0,306.0,0.801,t/ha,PBS Crops Area and Production by Districts (all_crops_2015_2025)
Jhang,2022-23,jowar,344.0,595.0,1.7297,t/ha,PBS Crops Area and Production by Districts (all_crops_2015_2025)
Jhelum,2017-18,jowar,3000.0,1600.0,0.5333,t/ha,PBS Crops Area and Production by Districts (all_crops_2015_2025)
Jhelum,2018-19,jowar,3600.0,1800.0,0.5,t/ha,PBS Crops Area and Production by Districts (all_crops_2015_2025)
Jhelum,2019-20,jowar,3380.0,1600.0,0.4734,t/ha,PBS Crops Area and Production by Districts (all_crops_2015_2025)
Jhelum,2020-21,jowar,1416.0,679.0,0.4795,t/ha,PBS Crops Area and Production by Districts (all_crops_2015_2025)
Kasur,2017-18,jowar,600.0,300.0,0.5,t/ha,PBS Crops Area and Production by Districts (all_crops_2015_2025)
Kasur,2018-19,jowar,500.0,200.0,0.4,t/ha,PBS Crops Area and Production by Districts (all_crops_2015_2025)
Kasur,2019-20,jowar,510.0,200.0,0.3922,t/ha,PBS Crops Area and Production by Districts (all_crops_2015_2025)
Kasur,2020-21,jowar,480.0,582.0,1.2125,t/ha,PBS Crops Area and Production by Districts (all_crops_2015_2025)
Kasur,2024-25,jowar,2.0,3.0,1.5,t/ha,PBS Crops Area and Production by Districts (all_crops_2015_2025)
Khanewal,2017-18,jowar,1400.0,1600.0,1.1429,t/ha,PBS Crops Area and Production by Districts (all_crops_2015_2025)
Khanewal,2018-19,jowar,1500.0,1600.0,1.0667,t/ha,PBS Crops Area and Production by Districts (all_crops_2015_2025)
Khanewal,2019-20,jowar,1260.0,1200.0,0.9524,t/ha,PBS Crops Area and Production by Districts (all_crops_2015_2025)
Khanewal,2020-21,jowar,1990.0,2264.0,1.1377,t/ha,PBS Crops Area and Production by Districts (all_crops_2015_2025)
Khanewal,2021-22,jowar,1518.0,866.0,0.5705,t/ha,PBS Crops Area and Production by Districts (all_crops_2015_2025)
Khanewal,2022-23,jowar,943.0,559.0,0.5928,t/ha,PBS Crops Area and Production by Districts (all_crops_2015_2025)
Khanewal,2023-24,jowar,324.0,186.0,0.5741,t/ha,PBS Crops Area and Production by Districts (all_crops_2015_2025)
Khanewal,2024-25,jowar,122.0,77.0,0.6311,t/ha,PBS Crops Area and Production by Districts (all_crops_2015_2025)
Khushab,2017-18,jowar,16800.0,8100.0,0.4821,t/ha,PBS Crops Area and Production by Districts (all_crops_2015_2025)
Khushab,2018-19,jowar,17700.0,8800.0,0.4972,t/ha,PBS Crops Area and Production by Districts (all_crops_2015_2025)
Khushab,2019-20,jowar,13960.0,7200.0,0.5158,t/ha,PBS Crops Area and Production by Districts (all_crops_2015_2025)
Khushab,2020-21,jowar,7336.0,4272.0,0.5823,t/ha,PBS Crops Area and Production by Districts (all_crops_2015_2025)
Lahore,2017-18,jowar,500.0,400.0,0.8,t/ha,PBS Crops Area and Production by Districts (all_crops_2015_2025)
Lahore,2018-19,jowar,1000.0,800.0,0.8,t/ha,PBS Crops Area and Production by Districts (all_crops_2015_2025)
Lahore,2019-20,jowar,1000.0,800.0,0.8,t/ha,PBS Crops Area and Production by Districts (all_crops_2015_2025)
Lahore,2020-21,jowar,495.0,416.0,0.8404,t/ha,PBS Crops Area and Production by Districts (all_crops_2015_2025)
Layyah,2017-18,jowar,2200.0,1600.0,0.7273,t/ha,PBS Crops Area and Production by Districts (all_crops_2015_2025)
Layyah,2018-19,jowar,1600.0,1100.0,0.6875,t/ha,PBS Crops Area and Production by Districts (all_crops_2015_2025)
Layyah,2019-20,jowar,1630.0,1200.0,0.7362,t/ha,PBS Crops Area and Production by Districts (all_crops_2015_2025)
Layyah,2020-21,jowar,1416.0,1175.0,0.8298,t/ha,PBS Crops Area and Production by Districts (all_crops_2015_2025)
Layyah,2021-22,jowar,951.0,404.0,0.4248,t/ha,PBS Crops Area and Production by Districts (all_crops_2015_2025)
Layyah,2022-23,jowar,755.0,299.0,0.396,t/ha,PBS Crops Area and Production by Districts (all_crops_2015_2025)
Layyah,2023-24,jowar,708.0,270.0,0.3814,t/ha,PBS Crops Area and Production by Districts (all_crops_2015_2025)
Layyah,2024-25,jowar,607.0,238.0,0.3921,t/ha,PBS Crops Area and Production by Districts (all_crops_2015_2025)
Lodhran,2017-18,jowar,600.0,700.0,1.1667,t/ha,PBS Crops Area and Production by Districts (all_crops_2015_2025)
Lodhran,2018-19,jowar,800.0,900.0,1.125,t/ha,PBS Crops Area and Production by Districts (all_crops_2015_2025)
Lodhran,2019-20,jowar,460.0,500.0,1.087,t/ha,PBS Crops Area and Production by Districts (all_crops_2015_2025)
Lodhran,2020-21,jowar,347.0,386.0,1.1124,t/ha,PBS Crops Area and Production by Districts (all_crops_2015_2025)
Mandi Bahauddin,2017-18,jowar,17000.0,9600.0,0.5647,t/ha,PBS Crops Area and Production by Districts (all_crops_2015_2025)
Mandi Bahauddin,2018-19,jowar,17200.0,9800.0,0.5698,t/ha,PBS Crops Area and Production by Districts (all_crops_2015_2025)
Mandi Bahauddin,2019-20,jowar,9410.0,5900.0,0.627,t/ha,PBS Crops Area and Production by Districts (all_crops_2015_2025)
Mandi Bahauddin,2020-21,jowar,5650.0,4077.0,0.7216,t/ha,PBS Crops Area and Production by Districts (all_crops_2015_2025)
Mandi Bahauddin,2021-22,jowar,2501.0,2032.0,0.8125,t/ha,PBS Crops Area and Production by Districts (all_crops_2015_2025)
Mianwali,2017-18,jowar,6100.0,1400.0,0.2295,t/ha,PBS Crops Area and Production by Districts (all_crops_2015_2025)
Mianwali,2018-19,jowar,6900.0,2100.0,0.3043,t/ha,PBS Crops Area and Production by Districts (all_crops_2015_2025)
Mianwali,2019-20,jowar,5680.0,1800.0,0.3169,t/ha,PBS Crops Area and Production by Districts (all_crops_2015_2025)
Mianwali,2020-21,jowar,3300.0,1073.0,0.3252,t/ha,PBS Crops Area and Production by Districts (all_crops_2015_2025)
Mianwali,2021-22,jowar,1817.0,1118.0,0.6153,t/ha,PBS Crops Area and Production by Districts (all_crops_2015_2025)
Mianwali,2022-23,jowar,2100.0,1453.0,0.6919,t/ha,PBS Crops Area and Production by Districts (all_crops_2015_2025)
Mianwali,2024-25,jowar,1619.0,1283.0,0.7925,t/ha,PBS Crops Area and Production by Districts (all_crops_2015_2025)
Multan,2017-18,jowar,2500.0,1500.0,0.6,t/ha,PBS Crops Area and Production by Districts (all_crops_2015_2025)
Multan,2018-19,jowar,2200.0,1600.0,0.7273,t/ha,PBS Crops Area and Production by Districts (all_crops_2015_2025)
Multan,2019-20,jowar,2020.0,1500.0,0.7426,t/ha,PBS Crops Area and Production by Districts (all_crops_2015_2025)
Multan,2020-21,jowar,1314.0,1209.0,0.9201,t/ha,PBS Crops Area and Production by Districts (all_crops_2015_2025)
Multan,2021-22,jowar,991.0,594.0,0.5994,t/ha,PBS Crops Area and Production by Districts (all_crops_2015_2025)
Multan,2022-23,jowar,821.0,517.0,0.6297,t/ha,PBS Crops Area and Production by Districts (all_crops_2015_2025)
Multan,2023-24,jowar,813.0,494.0,0.6076,t/ha,PBS Crops Area and Production by Districts (all_crops_2015_2025)
Multan,2024-25,jowar,789.0,470.0,0.5957,t/ha,PBS Crops Area and Production by Districts (all_crops_2015_2025)
Muzaffargarh,2017-18,jowar,9600.0,6500.0,0.6771,t/ha,PBS Crops Area and Production by Districts (all_crops_2015_2025)
Muzaffargarh,2018-19,jowar,10300.0,7100.0,0.6893,t/ha,PBS Crops Area and Production by Districts (all_crops_2015_2025)
Muzaffargarh,2019-20,jowar,10450.0,7400.0,0.7081,t/ha,PBS Crops Area and Production by Districts (all_crops_2015_2025)
Muzaffargarh,2020-21,jowar,5453.0,4161.0,0.7631,t/ha,PBS Crops Area and Production by Districts (all_crops_2015_2025)
Nankana Sahib,2017-18,jowar,600.0,500.0,0.8333,t/ha,PBS Crops Area and Production by Districts (all_crops_2015_2025)
Nankana Sahib,2018-19,jowar,700.0,600.0,0.8571,t/ha,PBS Crops Area and Production by Districts (all_crops_2015_2025)
Nankana Sahib,2019-20,jowar,200.0,200.0,1.0,t/ha,PBS Crops Area and Production by Districts (all_crops_2015_2025)
Nankana Sahib,2020-21,jowar,317.0,276.0,0.8707,t/ha,PBS Crops Area and Production by Districts (all_crops_2015_2025)
Narowal,2017-18,jowar,300.0,200.0,0.6667,t/ha,PBS Crops Area and Production by Districts (all_crops_2015_2025)
Narowal,2018-19,jowar,100.0,100.0,1.0,t/ha,PBS Crops Area and Production by Districts (all_crops_2015_2025)
Narowal,2019-20,jowar,130.0,100.0,0.7692,t/ha,PBS Crops Area and Production by Districts (all_crops_2015_2025)
Narowal,2020-21,jowar,309.0,242.0,0.7832,t/ha,PBS Crops Area and Production by Districts (all_crops_2015_2025)
Okara,2017-18,jowar,400.0,500.0,1.25,t/ha,PBS Crops Area and Production by Districts (all_crops_2015_2025)
Okara,2018-19,jowar,200.0,400.0,2.0,t/ha,PBS Crops Area and Production by Districts (all_crops_2015_2025)
Okara,2019-20,jowar,170.0,400.0,2.3529,t/ha,PBS Crops Area and Production by Districts (all_crops_2015_2025)
Okara,2020-21,jowar,161.0,381.0,2.3665,t/ha,PBS Crops Area and Production by Districts (all_crops_2015_2025)
Pakpattan,2017-18,jowar,400.0,700.0,1.75,t/ha,PBS Crops Area and Production by Districts (all_crops_2015_2025)
Pakpattan,2018-19,jowar,1100.0,2100.0,1.9091,t/ha,PBS Crops Area and Production by Districts (all_crops_2015_2025)
Pakpattan,2019-20,jowar,1190.0,2900.0,2.437,t/ha,PBS Crops Area and Production by Districts (all_crops_2015_2025)
Pakpattan,2020-21,jowar,747.0,1848.0,2.4739,t/ha,PBS Crops Area and Production by Districts (all_crops_2015_2025)
Rahim Yar Khan,2017-18,jowar,12600.0,11100.0,0.881,t/ha,PBS Crops Area and Production by Districts (all_crops_2015_2025)
Rahim Yar Khan,2018-19,jowar,11900.0,10600.0,0.8908,t/ha,PBS Crops Area and Production by Districts (all_crops_2015_2025)
Rahim Yar Khan,2019-20,jowar,1050.0,900.0,0.8571,t/ha,PBS Crops Area and Production by Districts (all_crops_2015_2025)
Rahim Yar Khan,2020-21,jowar,1086.0,1213.0,1.1169,t/ha,PBS Crops Area and Production by Districts (all_crops_2015_2025)
Rahim Yar Khan,2021-22,jowar,426.0,337.0,0.7911,t/ha,PBS Crops Area and Production by Districts (all_crops_2015_2025)
Rajanpur,2017-18,jowar,7600.0,2500.0,0.3289,t/ha,PBS Crops Area and Production by Districts (all_crops_2015_2025)
Rajanpur,2018-19,jowar,6300.0,2200.0,0.3492,t/ha,PBS Crops Area and Production by Districts (all_crops_2015_2025)
Rajanpur,2019-20,jowar,7080.0,3600.0,0.5085,t/ha,PBS Crops Area and Production by Districts (all_crops_2015_2025)
Rajanpur,2020-21,jowar,4206.0,2217.0,0.5271,t/ha,PBS Crops Area and Production by Districts (all_crops_2015_2025)
Rajanpur,2021-22,jowar,1654.0,1239.0,0.7491,t/ha,PBS Crops Area and Production by Districts (all_crops_2015_2025)
Rajanpur,2022-23,jowar,1032.0,459.0,0.4448,t/ha,PBS Crops Area and Production by Districts (all_crops_2015_2025)
Rajanpur,2023-24,jowar,809.0,420.0,0.5192,t/ha,PBS Crops Area and Production by Districts (all_crops_2015_2025)
Rajanpur,2024-25,jowar,1156.0,571.0,0.4939,t/ha,PBS Crops Area and Production by Districts (all_crops_2015_2025)
Rawalpindi,2017-18,jowar,29800.0,8600.0,0.2886,t/ha,PBS Crops Area and Production by Districts (all_crops_2015_2025)
Rawalpindi,2018-19,jowar,25700.0,7800.0,0.3035,t/ha,PBS Crops Area and Production by Districts (all_crops_2015_2025)
Rawalpindi,2019-20,jowar,26010.0,7600.0,0.2922,t/ha,PBS Crops Area and Production by Districts (all_crops_2015_2025)
Rawalpindi,2020-21,jowar,6105.0,2618.0,0.4288,t/ha,PBS Crops Area and Production by Districts (all_crops_2015_2025)
Rawalpindi,2021-22,jowar,907.0,493.0,0.5435,t/ha,PBS Crops Area and Production by Districts (all_crops_2015_2025)
Rawalpindi,2022-23,jowar,1192.0,1028.0,0.8624,t/ha,PBS Crops Area and Production by Districts (all_crops_2015_2025)
Rawalpindi,2023-24,jowar,1038.0,473.0,0.4557,t/ha,PBS Crops Area and Production by Districts (all_crops_2015_2025)
Rawalpindi,2024-25,jowar,84.0,37.0,0.4405,t/ha,PBS Crops Area and Production by Districts (all_crops_2015_2025)
Sahiwal,2017-18,jowar,100.0,200.0,2.0,t/ha,PBS Crops Area and Production by Districts (all_crops_2015_2025)
Sahiwal,2018-19,jowar,300.0,500.0,1.6667,t/ha,PBS Crops Area and Production by Districts (all_crops_2015_2025)
Sahiwal,2019-20,jowar,300.0,700.0,2.3333,t/ha,PBS Crops Area and Production by Districts (all_crops_2015_2025)
Sahiwal,2020-21,jowar,231.0,547.0,2.368,t/ha,PBS Crops Area and Production by Districts (all_crops_2015_2025)
Sargodha,2017-18,jowar,7200.0,3700.0,0.5139,t/ha,PBS Crops Area and Production by Districts (all_crops_2015_2025)
Sargodha,2018-19,jowar,7600.0,3800.0,0.5,t/ha,PBS Crops Area and Production by Districts (all_crops_2015_2025)
Sargodha,2019-20,jowar,7690.0,4000.0,0.5202,t/ha,PBS Crops Area and Production by Districts (all_crops_2015_2025)
Sargodha,2020-21,jowar,6556.0,3700.0,0.5644,t/ha,PBS Crops Area and Production by Districts (all_crops_2015_2025)
Sheikhupura,2017-18,jowar,2400.0,1800.0,0.75,t/ha,PBS Crops Area and Production by Districts (all_crops_2015_2025)
Sheikhupura,2018-19,jowar,1600.0,1200.0,0.75,t/ha,PBS Crops Area and Production by Districts (all_crops_2015_2025)
Sheikhupura,2019-20,jowar,2080.0,1700.0,0.8173,t/ha,PBS Crops Area and Production by Districts (all_crops_2015_2025)
Sheikhupura,2020-21,jowar,467.0,440.0,0.9422,t/ha,PBS Crops Area and Production by Districts (all_crops_2015_2025)
Sialkot,2017-18,jowar,300.0,200.0,0.6667,t/ha,PBS Crops Area and Production by Districts (all_crops_2015_2025)
Sialkot,2018-19,jowar,700.0,500.0,0.7143,t/ha,PBS Crops Area and Production by Districts (all_crops_2015_2025)
Sialkot,2019-20,jowar,800.0,500.0,0.625,t/ha,PBS Crops Area and Production by Districts (all_crops_2015_2025)
Sialkot,2020-21,jowar,605.0,426.0,0.7041,t/ha,PBS Crops Area and Production by Districts (all_crops_2015_2025)
Toba Tek Singh,2017-18,jowar,900.0,2100.0,2.3333,t/ha,PBS Crops Area and Production by Districts (all_crops_2015_2025)
Toba Tek Singh,2018-19,jowar,400.0,900.0,2.25,t/ha,PBS Crops Area and Production by Districts (all_crops_2015_2025)
Toba Tek Singh,2019-20,jowar,730.0,1800.0,2.4658,t/ha,PBS Crops Area and Production by Districts (all_crops_2015_2025)
Toba Tek Singh,2020-21,jowar,683.0,1453.0,2.1274,t/ha,PBS Crops Area and Production by Districts (all_crops_2015_2025)
Toba Tek Singh,2021-22,jowar,10920.0,13332.0,1.2209,t/ha,PBS Crops Area and Production by Districts (all_crops_2015_2025)
Toba Tek Singh,2022-23,jowar,6129.0,11680.0,1.9057,t/ha,PBS Crops Area and Production by Districts (all_crops_2015_2025)
Toba Tek Singh,2023-24,jowar,729.0,1326.0,1.8189,t/ha,PBS Crops Area and Production by Districts (all_crops_2015_2025)
Toba Tek Singh,2024-25,jowar,271.0,465.0,1.7159,t/ha,PBS Crops Area and Production by Districts (all_crops_2015_2025)
Vehari,2017-18,jowar,300.0,300.0,1.0,t/ha,PBS Crops Area and Production by Districts (all_crops_2015_2025)
Vehari,2018-19,jowar,200.0,200.0,1.0,t/ha,PBS Crops Area and Production by Districts (all_crops_2015_2025)
Vehari,2019-20,jowar,180.0,200.0,1.1111,t/ha,PBS Crops Area and Production by Districts (all_crops_2015_2025)
Vehari,2020-21,jowar,1158.0,1202.0,1.038,t/ha,PBS Crops Area and Production by Districts (all_crops_2015_2025)
Vehari,2021-22,jowar,3520.0,4026.0,1.1438,t/ha,PBS Crops Area and Production by Districts (all_crops_2015_2025)
Vehari,2022-23,jowar,3231.0,6334.0,1.9604,t/ha,PBS Crops Area and Production by Districts (all_crops_2015_2025)
Attock,2017-18,maize,12800.0,24000.0,1.875,t/ha,PBS Crops Area and Production by Districts (all_crops_2015_2025)
Attock,2018-19,maize,11100.0,25800.0,2.3243,t/ha,PBS Crops Area and Production by Districts (all_crops_2015_2025)
Attock,2019-20,maize,11500.0,31800.0,2.7652,t/ha,PBS Crops Area and Production by Districts (all_crops_2015_2025)
Attock,2021-22,maize,7100.0,31800.0,4.4789,t/ha,PBS Crops Area and Production by Districts (all_crops_2015_2025)
Attock,2022-23,maize,6500.0,30900.0,4.7538,t/ha,PBS Crops Area and Production by Districts (all_crops_2015_2025)
Attock,2023-24,maize,10600.0,47900.0,4.5189,t/ha,PBS Crops Area and Production by Districts (all_crops_2015_2025)
Bahawalnagar,2017-18,maize,10676.0,88997.0,8.3362,t/ha,PBS Crops Area and Production by Districts (all_crops_2015_2025)
Bahawalnagar,2018-19,maize,14478.0,106945.0,7.3867,t/ha,PBS Crops Area and Production by Districts (all_crops_2015_2025)
Bahawalnagar,2019-20,maize,19600.0,136899.99,6.9847,t/ha,PBS Crops Area and Production by Districts (all_crops_2015_2025)
Bahawalnagar,2021-22,maize,13700.0,100200.0,7.3139,t/ha,PBS Crops Area and Production by Districts (all_crops_2015_2025)
Bahawalnagar,2022-23,maize,21123.97,198200.0,9.3827,t/ha,PBS Crops Area and Production by Districts (all_crops_2015_2025)
Bahawalnagar,2023-24,maize,11000.0,92500.0,8.4091,t/ha,PBS Crops Area and Production by Districts (all_crops_2015_2025)
Bahawalpur,2017-18,maize,9296.0,67917.0,7.306,t/ha,PBS Crops Area and Production by Districts (all_crops_2015_2025)
Bahawalpur,2018-19,maize,12442.0,84496.0,6.7912,t/ha,PBS Crops Area and Production by Districts (all_crops_2015_2025)
Bahawalpur,2019-20,maize,21800.0,171000.0,7.844,t/ha,PBS Crops Area and Production by Districts (all_crops_2015_2025)
Bahawalpur,2021-22,maize,46750.0,308200.01,6.5925,t/ha,PBS Crops Area and Production by Districts (all_crops_2015_2025)
Bahawalpur,2022-23,maize,54683.03,394399.99,7.2125,t/ha,PBS Crops Area and Production by Districts (all_crops_2015_2025)
Bahawalpur,2023-24,maize,63300.0,440000.0,6.951,t/ha,PBS Crops Area and Production by Districts (all_crops_2015_2025)
Bhakkar,2017-18,maize,2800.0,3100.0,1.1071,t/ha,PBS Crops Area and Production by Districts (all_crops_2015_2025)
Bhakkar,2018-19,maize,4100.0,5400.0,1.3171,t/ha,PBS Crops Area and Production by Districts (all_crops_2015_2025)
Bhakkar,2019-20,maize,2000.0,5600.0,2.8,t/ha,PBS Crops Area and Production by Districts (all_crops_2015_2025)
Chakwal,2017-18,maize,1400.0,1200.0,0.8571,t/ha,PBS Crops Area and Production by Districts (all_crops_2015_2025)
Chakwal,2018-19,maize,1400.0,1900.0,1.3571,t/ha,PBS Crops Area and Production by Districts (all_crops_2015_2025)
Chakwal,2019-20,maize,1300.0,1900.0,1.4615,t/ha,PBS Crops Area and Production by Districts (all_crops_2015_2025)
Chakwal,2021-22,maize,600.0,1500.0,2.5,t/ha,PBS Crops Area and Production by Districts (all_crops_2015_2025)
Chakwal,2022-23,maize,804.68,1600.0,1.9884,t/ha,PBS Crops Area and Production by Districts (all_crops_2015_2025)
Chiniot,2017-18,maize,35004.0,237549.0,6.7863,t/ha,PBS Crops Area and Production by Districts (all_crops_2015_2025)
Chiniot,2018-19,maize,44047.0,314905.0,7.1493,t/ha,PBS Crops Area and Production by Districts (all_crops_2015_2025)
Chiniot,2019-20,maize,24200.0,190500.0,7.8719,t/ha,PBS Crops Area and Production by Districts (all_crops_2015_2025)
Chiniot,2021-22,maize,28000.0,234500.0,8.375,t/ha,PBS Crops Area and Production by Districts (all_crops_2015_2025)
Chiniot,2022-23,maize,33304.07,311200.01,9.3442,t/ha,PBS Crops Area and Production by Districts (all_crops_2015_2025)
Chiniot,2023-24,maize,30500.0,271799.99,8.9115,t/ha,PBS Crops Area and Production by Districts (all_crops_2015_2025)
Dera Ghazi Khan,2017-18,maize,1100.0,1800.0,1.6364,t/ha,PBS Crops Area and Production by Districts (all_crops_2015_2025)
Dera Ghazi Khan,2018-19,maize,1400.0,2500.0,1.7857,t/ha,PBS Crops Area and Production by Districts (all_crops_2015_2025)
Dera Ghazi Khan,2019-20,maize,900.0,4100.0,4.5556,t/ha,PBS Crops Area and Production by Districts (all_crops_2015_2025)
Dera Ghazi Khan,2021-22,maize,100.0,600.0,6.0,t/ha,PBS Crops Area and Production by Districts (all_crops_2015_2025)
Dera Ghazi Khan,2022-23,maize,404.68,3900.0,9.6373,t/ha,PBS Crops Area and Production by Districts (all_crops_2015_2025)
Dera Ghazi Khan,2023-24,maize,400.0,2100.0,5.25,t/ha,PBS Crops Area and Production by Districts (all_crops_2015_2025)
Faisalabad,2017-18,maize,28549.0,174123.99,6.0991,t/ha,PBS Crops Area and Production by Districts (all_crops_2015_2025)
Faisalabad,2018-19,maize,40697.0,266849.0,6.557,t/ha,PBS Crops Area and Production by Districts (all_crops_2015_2025)
Faisalabad,2019-20,maize,49000.0,315100.01,6.4306,t/ha,PBS Crops Area and Production by Districts (all_crops_2015_2025)
Faisalabad,2021-22,maize,54700.0,365899.99,6.6892,t/ha,PBS Crops Area and Production by Districts (all_crops_2015_2025)
Faisalabad,2022-23,maize,53723.84,448000.0,8.3389,t/ha,PBS Crops Area and Production by Districts (all_crops_2015_2025)
Faisalabad,2023-24,maize,54700.0,386200.01,7.0603,t/ha,PBS Crops Area and Production by Districts (all_crops_2015_2025)
Gujranwala,2017-18,maize,1711.0,5259.0,3.0736,t/ha,PBS Crops Area and Production by Districts (all_crops_2015_2025)
Gujranwala,2018-19,maize,1705.0,5224.0,3.0639,t/ha,PBS Crops Area and Production by Districts (all_crops_2015_2025)
Gujranwala,2019-20,maize,2400.0,18800.0,7.8333,t/ha,PBS Crops Area and Production by Districts (all_crops_2015_2025)
Gujranwala,2021-22,maize,2800.0,26100.0,9.3214,t/ha,PBS Crops Area and Production by Districts (all_crops_2015_2025)
Gujranwala,2022-23,maize,3803.97,30700.0,8.0705,t/ha,PBS Crops Area and Production by Districts (all_crops_2015_2025)
Gujranwala,2023-24,maize,1100.0,8600.0,7.8182,t/ha,PBS Crops Area and Production by Districts (all_crops_2015_2025)
Gujrat,2017-18,maize,2452.0,6348.0,2.5889,t/ha,PBS Crops Area and Production by Districts (all_crops_2015_2025)
Gujrat,2018-19,maize,2692.0,6468.0,2.4027,t/ha,PBS Crops Area and Production by Districts (all_crops_2015_2025)
Gujrat,2019-20,maize,100.0,500.0,5.0,t/ha,PBS Crops Area and Production by Districts (all_crops_2015_2025)
Hafizabad,2017-18,maize,1413.0,3255.0,2.3036,t/ha,PBS Crops Area and Production by Districts (all_crops_2015_2025)
Hafizabad,2018-19,maize,1223.0,3046.0,2.4906,t/ha,PBS Crops Area and Production by Districts (all_crops_2015_2025)
Hafizabad,2019-20,maize,900.0,4300.0,4.7778,t/ha,PBS Crops Area and Production by Districts (all_crops_2015_2025)
Hafizabad,2021-22,maize,400.0,2000.0,5.0,t/ha,PBS Crops Area and Production by Districts (all_crops_2015_2025)
Hafizabad,2022-23,maize,728.42,1800.0,2.4711,t/ha,PBS Crops Area and Production by Districts (all_crops_2015_2025)
Hafizabad,2023-24,maize,100.0,500.0,5.0,t/ha,PBS Crops Area and Production by Districts (all_crops_2015_2025)
Jhang,2017-18,maize,10620.0,53124.0,5.0023,t/ha,PBS Crops Area and Production by Districts (all_crops_2015_2025)
Jhang,2018-19,maize,12797.0,69505.0,5.4314,t/ha,PBS Crops Area and Production by Districts (all_crops_2015_2025)
Jhang,2019-20,maize,3000.0,27100.0,9.0333,t/ha,PBS Crops Area and Production by Districts (all_crops_2015_2025)
Jhang,2021-22,maize,3300.0,52200.0,15.8182,t/ha,PBS Crops Area and Production by Districts (all_crops_2015_2025)
Jhang,2022-23,maize,4961.17,48300.0,9.7356,t/ha,PBS Crops Area and Production by Districts (all_crops_2015_2025)
Jhang,2023-24,maize,3700.0,19800.0,5.3514,t/ha,PBS Crops Area and Production by Districts (all_crops_2015_2025)
Jhelum,2017-18,maize,7823.0,42475.0,5.4295,t/ha,PBS Crops Area and Production by Districts (all_crops_2015_2025)
Jhelum,2018-19,maize,8011.0,42592.0,5.3167,t/ha,PBS Crops Area and Production by Districts (all_crops_2015_2025)
Jhelum,2019-20,maize,9100.0,76100.0,8.3626,t/ha,PBS Crops Area and Production by Districts (all_crops_2015_2025)
Jhelum,2021-22,maize,6000.0,54800.0,9.1333,t/ha,PBS Crops Area and Production by Districts (all_crops_2015_2025)
Jhelum,2022-23,maize,4627.72,22200.0,4.7972,t/ha,PBS Crops Area and Production by Districts (all_crops_2015_2025)
Jhelum,2023-24,maize,5200.0,47200.0,9.0769,t/ha,PBS Crops Area and Production by Districts (all_crops_2015_2025)
Kasur,2017-18,maize,52563.0,415386.99,7.9027,t/ha,PBS Crops Area and Production by Districts (all_crops_2015_2025)
Kasur,2018-19,maize,63891.0,503160.0,7.8753,t/ha,PBS Crops Area and Production by Districts (all_crops_2015_2025)
Kasur,2019-20,maize,59600.0,551000.0,9.245,t/ha,PBS Crops Area and Production by Districts (all_crops_2015_2025)
Kasur,2021-22,maize,77800.0,663700.01,8.5308,t/ha,PBS Crops Area and Production by Districts (all_crops_2015_2025)
Kasur,2022-23,maize,86376.56,848200.01,9.8198,t/ha,PBS Crops Area and Production by Districts (all_crops_2015_2025)
Kasur,2023-24,maize,73100.0,783400.02,10.7168,t/ha,PBS Crops Area and Production by Districts (all_crops_2015_2025)
Khanewal,2017-18,maize,19884.0,141542.01,7.1184,t/ha,PBS Crops Area and Production by Districts (all_crops_2015_2025)
Khanewal,2018-19,maize,23305.0,166095.99,7.1271,t/ha,PBS Crops Area and Production by Districts (all_crops_2015_2025)
Khanewal,2019-20,maize,38800.0,300500.0,7.7448,t/ha,PBS Crops Area and Production by Districts (all_crops_2015_2025)
Khanewal,2021-22,maize,54950.0,387100.01,7.0446,t/ha,PBS Crops Area and Production by Districts (all_crops_2015_2025)
Khanewal,2022-23,maize,67169.57,570799.99,8.4979,t/ha,PBS Crops Area and Production by Districts (all_crops_2015_2025)
Khanewal,2023-24,maize,67300.0,506399.99,7.5245,t/ha,PBS Crops Area and Production by Districts (all_crops_2015_2025)
Khushab,2017-18,maize,1800.0,2400.0,1.3333,t/ha,PBS Crops Area and Production by Districts (all_crops_2015_2025)
Khushab,2018-19,maize,1700.0,2200.0,1.2941,t/ha,PBS Crops Area and Production by Districts (all_crops_2015_2025)
Khushab,2019-20,maize,800.0,3800.0,4.75,t/ha,PBS Crops Area and Production by Districts (all_crops_2015_2025)
Khushab,2023-24,maize,200.0,1300.0,6.5,t/ha,PBS Crops Area and Production by Districts (all_crops_2015_2025)
Lahore,2017-18,maize,2805.0,16604.0,5.9194,t/ha,PBS Crops Area and Production by Districts (all_crops_2015_2025)
Lahore,2018-19,maize,6152.0,32571.0,5.2944,t/ha,PBS Crops Area and Production by Districts (all_crops_2015_2025)
Lahore,2019-20,maize,2900.0,16800.0,5.7931,t/ha,PBS Crops Area and Production by Districts (all_crops_2015_2025)
Lahore,2021-22,maize,2100.0,9500.0,4.5238,t/ha,PBS Crops Area and Production by Districts (all_crops_2015_2025)
Lahore,2022-23,maize,1740.12,8700.0,4.9997,t/ha,PBS Crops Area and Production by Districts (all_crops_2015_2025)
Lahore,2023-24,maize,1100.0,6600.0,6.0,t/ha,PBS Crops Area and Production by Districts (all_crops_2015_2025)
Layyah,2017-18,maize,2400.0,3500.0,1.4583,t/ha,PBS Crops Area and Production by Districts (all_crops_2015_2025)
Layyah,2018-19,maize,3200.0,4400.0,1.375,t/ha,PBS Crops Area and Production by Districts (all_crops_2015_2025)
Layyah,2019-20,maize,2800.0,9100.0,3.25,t/ha,PBS Crops Area and Production by Districts (all_crops_2015_2025)
Lodhran,2017-18,maize,19056.0,134090.0,7.0366,t/ha,PBS Crops Area and Production by Districts (all_crops_2015_2025)
Lodhran,2018-19,maize,28431.0,200470.0,7.0511,t/ha,PBS Crops Area and Production by Districts (all_crops_2015_2025)
Lodhran,2019-20,maize,47500.0,319000.0,6.7158,t/ha,PBS Crops Area and Production by Districts (all_crops_2015_2025)
Lodhran,2021-22,maize,94100.0,774200.01,8.2274,t/ha,PBS Crops Area and Production by Districts (all_crops_2015_2025)
Lodhran,2022-23,maize,96729.1,694500.0,7.1798,t/ha,PBS Crops Area and Production by Districts (all_crops_2015_2025)
Lodhran,2023-24,maize,93000.0,630099.98,6.7753,t/ha,PBS Crops Area and Production by Districts (all_crops_2015_2025)
Mandi Bahauddin,2017-18,maize,2774.0,6443.0,2.3226,t/ha,PBS Crops Area and Production by Districts (all_crops_2015_2025)
Mandi Bahauddin,2018-19,maize,3068.0,7919.0,2.5812,t/ha,PBS Crops Area and Production by Districts (all_crops_2015_2025)
Mandi Bahauddin,2019-20,maize,2900.0,10900.0,3.7586,t/ha,PBS Crops Area and Production by Districts (all_crops_2015_2025)
Mandi Bahauddin,2021-22,maize,400.0,1900.0,4.75,t/ha,PBS Crops Area and Production by Districts (all_crops_2015_2025)
Mandi Bahauddin,2022-23,maize,566.55,3100.0,5.4717,t/ha,PBS Crops Area and Production by Districts (all_crops_2015_2025)
Mandi Bahauddin,2023-24,maize,100.0,400.0,4.0,t/ha,PBS Crops Area and Production by Districts (all_crops_2015_2025)
Mianwali,2017-18,maize,1258.0,1551.0,1.2329,t/ha,PBS Crops Area and Production by Districts (all_crops_2015_2025)
Mianwali,2018-19,maize,1401.0,1939.0,1.384,t/ha,PBS Crops Area and Production by Districts (all_crops_2015_2025)
Mianwali,2019-20,maize,1000.0,4800.0,4.8,t/ha,PBS Crops Area and Production by Districts (all_crops_2015_2025)
Multan,2017-18,maize,10766.0,61037.0,5.6694,t/ha,PBS Crops Area and Production by Districts (all_crops_2015_2025)
Multan,2018-19,maize,16891.0,100504.0,5.9502,t/ha,PBS Crops Area and Production by Districts (all_crops_2015_2025)
Multan,2019-20,maize,18100.0,104900.0,5.7956,t/ha,PBS Crops Area and Production by Districts (all_crops_2015_2025)
Multan,2021-22,maize,26500.0,169500.0,6.3962,t/ha,PBS Crops Area and Production by Districts (all_crops_2015_2025)
Multan,2022-23,maize,29678.12,211399.99,7.1231,t/ha,PBS Crops Area and Production by Districts (all_crops_2015_2025)
Multan,2023-24,maize,33600.0,223200.0,6.6429,t/ha,PBS Crops Area and Production by Districts (all_crops_2015_2025)
Muzaffargarh,2017-18,maize,3900.0,7000.0,1.7949,t/ha,PBS Crops Area and Production by Districts (all_crops_2015_2025)
Muzaffargarh,2018-19,maize,4300.0,9600.0,2.2326,t/ha,PBS Crops Area and Production by Districts (all_crops_2015_2025)
Muzaffargarh,2019-20,maize,3300.0,10900.0,3.303,t/ha,PBS Crops Area and Production by Districts (all_crops_2015_2025)
Muzaffargarh,2021-22,maize,1900.0,12600.0,6.6316,t/ha,PBS Crops Area and Production by Districts (all_crops_2015_2025)
Muzaffargarh,2022-23,maize,2514.03,15200.0,6.0461,t/ha,PBS Crops Area and Production by Districts (all_crops_2015_2025)
Muzaffargarh,2023-24,maize,7400.0,53300.0,7.2027,t/ha,PBS Crops Area and Production by Districts (all_crops_2015_2025)
Nankana Sahib,2017-18,maize,6432.0,37072.0,5.7637,t/ha,PBS Crops Area and Production by Districts (all_crops_2015_2025)
Nankana Sahib,2018-19,maize,4642.0,26527.0,5.7146,t/ha,PBS Crops Area and Production by Districts (all_crops_2015_2025)
Nankana Sahib,2019-20,maize,3200.0,22500.0,7.0312,t/ha,PBS Crops Area and Production by Districts (all_crops_2015_2025)
Nankana Sahib,2021-22,maize,4500.0,38100.0,8.4667,t/ha,PBS Crops Area and Production by Districts (all_crops_2015_2025)
Nankana Sahib,2022-23,maize,4670.88,41800.0,8.9491,t/ha,PBS Crops Area and Production by Districts (all_crops_2015_2025)
Nankana Sahib,2023-24,maize,1800.0,14700.0,8.1667,t/ha,PBS Crops Area and Production by Districts (all_crops_2015_2025)
Narowal,2017-18,maize,410.0,505.0,1.2317,t/ha,PBS Crops Area and Production by Districts (all_crops_2015_2025)
Narowal,2018-19,maize,305.0,390.0,1.2787,t/ha,PBS Crops Area and Production by Districts (all_crops_2015_2025)
Narowal,2019-20,maize,400.0,3300.0,8.25,t/ha,PBS Crops Area and Production by Districts (all_crops_2015_2025)
Narowal,2021-22,maize,100.0,900.0,9.0,t/ha,PBS Crops Area and Production by Districts (all_crops_2015_2025)
Okara,2017-18,maize,133531.01,1013880.01,7.5928,t/ha,PBS Crops Area and Production by Districts (all_crops_2015_2025)
Okara,2018-19,maize,139602.01,1058975.95,7.5857,t/ha,PBS Crops Area and Production by Districts (all_crops_2015_2025)
Okara,2019-20,maize,150899.99,1294800.05,8.5805,t/ha,PBS Crops Area and Production by Districts (all_crops_2015_2025)
Okara,2021-22,maize,155100.01,1156099.98,7.4539,t/ha,PBS Crops Area and Production by Districts (all_crops_2015_2025)
Okara,2022-23,maize,164986.46,1328000.0,8.0491,t/ha,PBS Crops Area and Production by Districts (all_crops_2015_2025)
Okara,2023-24,maize,137200.0,1164500.0,8.4876,t/ha,PBS Crops Area and Production by Districts (all_crops_2015_2025)
Pakpattan,2017-18,maize,121378.0,935776.98,7.7096,t/ha,PBS Crops Area and Production by Districts (all_crops_2015_2025)
Pakpattan,2018-19,maize,128639.01,993195.98,7.7208,t/ha,PBS Crops Area and Production by Districts (all_crops_2015_2025)
Pakpattan,2019-20,maize,120900.0,962099.98,7.9578,t/ha,PBS Crops Area and Production by Districts (all_crops_2015_2025)
Pakpattan,2021-22,maize,163300.0,1230500.0,7.5352,t/ha,PBS Crops Area and Production by Districts (all_crops_2015_2025)
Pakpattan,2022-23,maize,173251.16,1479800.05,8.5414,t/ha,PBS Crops Area and Production by Districts (all_crops_2015_2025)
Pakpattan,2023-24,maize,147300.0,1119300.05,7.5988,t/ha,PBS Crops Area and Production by Districts (all_crops_2015_2025)
Rahim Yar Khan,2017-18,maize,1736.0,7995.0,4.6054,t/ha,PBS Crops Area and Production by Districts (all_crops_2015_2025)
Rahim Yar Khan,2018-19,maize,1937.0,8807.0,4.5467,t/ha,PBS Crops Area and Production by Districts (all_crops_2015_2025)
Rahim Yar Khan,2019-20,maize,1300.0,5400.0,4.1538,t/ha,PBS Crops Area and Production by Districts (all_crops_2015_2025)
Rahim Yar Khan,2021-22,maize,1707.0,11300.0,6.6198,t/ha,PBS Crops Area and Production by Districts (all_crops_2015_2025)
Rahim Yar Khan,2022-23,maize,3006.66,26400.0,8.7805,t/ha,PBS Crops Area and Production by Districts (all_crops_2015_2025)
Rahim Yar Khan,2023-24,maize,2200.0,14300.0,6.5,t/ha,PBS Crops Area and Production by Districts (all_crops_2015_2025)
Rajanpur,2017-18,maize,400.0,800.0,2.0,t/ha,PBS Crops Area and Production by Districts (all_crops_2015_2025)
Rajanpur,2018-19,maize,600.0,1100.0,1.8333,t/ha,PBS Crops Area and Production by Districts (all_crops_2015_2025)
Rajanpur,2019-20,maize,300.0,600.0,2.0,t/ha,PBS Crops Area and Production by Districts (all_crops_2015_2025)
Rawalpindi,2017-18,maize,44900.0,52200.0,1.1626,t/ha,PBS Crops Area and Production by Districts (all_crops_2015_2025)
Rawalpindi,2018-19,maize,46000.0,57100.0,1.2413,t/ha,PBS Crops Area and Production by Districts (all_crops_2015_2025)
Rawalpindi,2019-20,maize,45600.0,58800.0,1.2895,t/ha,PBS Crops Area and Production by Districts (all_crops_2015_2025)
Rawalpindi,2021-22,maize,9100.0,18900.0,2.0769,t/ha,PBS Crops Area and Production by Districts (all_crops_2015_2025)
Rawalpindi,2022-23,maize,5400.0,8800.0,1.6296,t/ha,PBS Crops Area and Production by Districts (all_crops_2015_2025)
Rawalpindi,2023-24,maize,3300.0,9400.0,2.8485,t/ha,PBS Crops Area and Production by Districts (all_crops_2015_2025)
Sahiwal,2017-18,maize,87829.0,644952.03,7.3433,t/ha,PBS Crops Area and Production by Districts (all_crops_2015_2025)
Sahiwal,2018-19,maize,97138.0,714031.01,7.3507,t/ha,PBS Crops Area and Production by Districts (all_crops_2015_2025)
Sahiwal,2019-20,maize,89400.0,702900.02,7.8624,t/ha,PBS Crops Area and Production by Districts (all_crops_2015_2025)
Sahiwal,2021-22,maize,125200.0,846099.98,6.758,t/ha,PBS Crops Area and Production by Districts (all_crops_2015_2025)
Sahiwal,2022-23,maize,105917.5,890200.01,8.4047,t/ha,PBS Crops Area and Production by Districts (all_crops_2015_2025)
Sahiwal,2023-24,maize,105200.0,835400.02,7.9411,t/ha,PBS Crops Area and Production by Districts (all_crops_2015_2025)
Sargodha,2017-18,maize,21252.0,67089.0,3.1568,t/ha,PBS Crops Area and Production by Districts (all_crops_2015_2025)
Sargodha,2018-19,maize,22253.0,73908.0,3.3213,t/ha,PBS Crops Area and Production by Districts (all_crops_2015_2025)
Sargodha,2019-20,maize,25100.0,144300.0,5.749,t/ha,PBS Crops Area and Production by Districts (all_crops_2015_2025)
Sargodha,2021-22,maize,3000.0,15100.0,5.0333,t/ha,PBS Crops Area and Production by Districts (all_crops_2015_2025)
Sargodha,2022-23,maize,3761.17,31600.0,8.4016,t/ha,PBS Crops Area and Production by Districts (all_crops_2015_2025)
Sargodha,2023-24,maize,3300.0,32500.0,9.8485,t/ha,PBS Crops Area and Production by Districts (all_crops_2015_2025)
Sheikhupura,2017-18,maize,5212.0,29512.0,5.6623,t/ha,PBS Crops Area and Production by Districts (all_crops_2015_2025)
Sheikhupura,2018-19,maize,6772.0,38693.0,5.7137,t/ha,PBS Crops Area and Production by Districts (all_crops_2015_2025)
Sheikhupura,2019-20,maize,3600.0,23000.0,6.3889,t/ha,PBS Crops Area and Production by Districts (all_crops_2015_2025)
Sheikhupura,2021-22,maize,600.0,4000.0,6.6667,t/ha,PBS Crops Area and Production by Districts (all_crops_2015_2025)
Sheikhupura,2022-23,maize,1173.57,8000.0,6.8168,t/ha,PBS Crops Area and Production by Districts (all_crops_2015_2025)
Sheikhupura,2023-24,maize,400.0,2500.0,6.25,t/ha,PBS Crops Area and Production by Districts (all_crops_2015_2025)
Sialkot,2017-18,maize,2484.0,13186.0,5.3084,t/ha,PBS Crops Area and Production by Districts (all_crops_2015_2025)
Sialkot,2018-19,maize,2368.0,12258.0,5.1765,t/ha,PBS Crops Area and Production by Districts (all_crops_2015_2025)
Sialkot,2019-20,maize,5100.0,58700.0,11.5098,t/ha,PBS Crops Area and Production by Districts (all_crops_2015_2025)
Sialkot,2021-22,maize,5700.0,57300.0,10.0526,t/ha,PBS Crops Area and Production by Districts (all_crops_2015_2025)
Sialkot,2022-23,maize,5644.09,68800.0,12.1897,t/ha,PBS Crops Area and Production by Districts (all_crops_2015_2025)
Sialkot,2023-24,maize,4700.0,61900.0,13.1702,t/ha,PBS Crops Area and Production by Districts (all_crops_2015_2025)
Toba Tek Singh,2017-18,maize,31963.0,232645.0,7.2786,t/ha,PBS Crops Area and Production by Districts (all_crops_2015_2025)
Toba Tek Singh,2018-19,maize,35481.0,260245.0,7.3348,t/ha,PBS Crops Area and Production by Districts (all_crops_2015_2025)
Toba Tek Singh,2019-20,maize,42100.0,282500.0,6.7102,t/ha,PBS Crops Area and Production by Districts (all_crops_2015_2025)
Toba Tek Singh,2021-22,maize,50100.0,321700.01,6.4212,t/ha,PBS Crops Area and Production by Districts (all_crops_2015_2025)
Toba Tek Singh,2022-23,maize,48150.28,379100.01,7.8733,t/ha,PBS Crops Area and Production by Districts (all_crops_2015_2025)
Toba Tek Singh,2023-24,maize,53400.0,369700.01,6.9232,t/ha,PBS Crops Area and Production by Districts (all_crops_2015_2025)
Vehari,2017-18,maize,61158.0,483521.0,7.9061,t/ha,PBS Crops Area and Production by Districts (all_crops_2015_2025)
Vehari,2018-19,maize,97162.0,696698.0,7.1705,t/ha,PBS Crops Area and Production by Districts (all_crops_2015_2025)
Vehari,2019-20,maize,125400.0,1111099.98,8.8604,t/ha,PBS Crops Area and Production by Districts (all_crops_2015_2025)
Vehari,2021-22,maize,245100.01,1731099.98,7.0628,t/ha,PBS Crops Area and Production by Districts (all_crops_2015_2025)
Vehari,2022-23,maize,257977.11,1948800.05,7.5542,t/ha,PBS Crops Area and Production by Districts (all_crops_2015_2025)
Vehari,2023-24,maize,233500.0,1630800.05,6.9842,t/ha,PBS Crops Area and Production by Districts (all_crops_2015_2025)
Attock,2017-18,mash,23.0,6.0,0.2609,t/ha,PBS Crops Area and Production by Districts (all_crops_2015_2025)
Attock,2018-19,mash,15.0,4.0,0.2667,t/ha,PBS Crops Area and Production by Districts (all_crops_2015_2025)
Attock,2019-20,mash,12.0,3.0,0.25,t/ha,PBS Crops Area and Production by Districts (all_crops_2015_2025)
Bahawalnagar,2017-18,mash,17.0,7.0,0.4118,t/ha,PBS Crops Area and Production by Districts (all_crops_2015_2025)
Bahawalnagar,2018-19,mash,40.0,17.0,0.425,t/ha,PBS Crops Area and Production by Districts (all_crops_2015_2025)
Bahawalnagar,2019-20,mash,17.0,6.0,0.3529,t/ha,PBS Crops Area and Production by Districts (all_crops_2015_2025)
Bahawalpur,2017-18,mash,1.0,0.0,0.0,t/ha,PBS Crops Area and Production by Districts (all_crops_2015_2025)
Bhakkar,2017-18,mash,37.0,27.0,0.7297,t/ha,PBS Crops Area and Production by Districts (all_crops_2015_2025)
Bhakkar,2018-19,mash,67.0,47.0,0.7015,t/ha,PBS Crops Area and Production by Districts (all_crops_2015_2025)
Bhakkar,2019-20,mash,56.0,37.0,0.6607,t/ha,PBS Crops Area and Production by Districts (all_crops_2015_2025)
Bhakkar,2020-21,mash,39.0,26.0,0.6667,t/ha,PBS Crops Area and Production by Districts (all_crops_2015_2025)
Chakwal,2017-18,mash,645.0,204.0,0.3163,t/ha,PBS Crops Area and Production by Districts (all_crops_2015_2025)
Chakwal,2018-19,mash,439.0,134.0,0.3052,t/ha,PBS Crops Area and Production by Districts (all_crops_2015_2025)
Chakwal,2019-20,mash,419.0,125.0,0.2983,t/ha,PBS Crops Area and Production by Districts (all_crops_2015_2025)
Chakwal,2020-21,mash,81.0,26.0,0.321,t/ha,PBS Crops Area and Production by Districts (all_crops_2015_2025)
Dera Ghazi Khan,2017-18,mash,20.0,9.0,0.45,t/ha,PBS Crops Area and Production by Districts (all_crops_2015_2025)
Dera Ghazi Khan,2018-19,mash,25.0,11.0,0.44,t/ha,PBS Crops Area and Production by Districts (all_crops_2015_2025)
Dera Ghazi Khan,2019-20,mash,5.0,2.0,0.4,t/ha,PBS Crops Area and Production by Districts (all_crops_2015_2025)
Gujrat,2017-18,mash,472.0,9.0,0.0191,t/ha,PBS Crops Area and Production by Districts (all_crops_2015_2025)
Gujrat,2018-19,mash,320.0,4.0,0.0125,t/ha,PBS Crops Area and Production by Districts (all_crops_2015_2025)
Gujrat,2019-20,mash,344.0,125.0,0.3634,t/ha,PBS Crops Area and Production by Districts (all_crops_2015_2025)
Gujrat,2020-21,mash,204.0,73.0,0.3578,t/ha,PBS Crops Area and Production by Districts (all_crops_2015_2025)
Gujrat,2021-22,mash,361.0,136.0,0.3767,t/ha,PBS Crops Area and Production by Districts (all_crops_2015_2025)
Gujrat,2022-23,mash,373.0,138.0,0.37,t/ha,PBS Crops Area and Production by Districts (all_crops_2015_2025)
Gujrat,2023-24,mash,378.0,136.0,0.3598,t/ha,PBS Crops Area and Production by Districts (all_crops_2015_2025)
Gujrat,2024-25,mash,435.0,152.0,0.3494,t/ha,PBS Crops Area and Production by Districts (all_crops_2015_2025)
Jhang,2017-18,mash,2.0,2.0,1.0,t/ha,PBS Crops Area and Production by Districts (all_crops_2015_2025)
Jhang,2018-19,mash,1.0,1.0,1.0,t/ha,PBS Crops Area and Production by Districts (all_crops_2015_2025)
Jhelum,2017-18,mash,722.0,101.0,0.1399,t/ha,PBS Crops Area and Production by Districts (all_crops_2015_2025)
Jhelum,2018-19,mash,702.0,96.0,0.1368,t/ha,PBS Crops Area and Production by Districts (all_crops_2015_2025)
Jhelum,2019-20,mash,578.0,78.0,0.1349,t/ha,PBS Crops Area and Production by Districts (all_crops_2015_2025)
Jhelum,2020-21,mash,120.0,113.0,0.9417,t/ha,PBS Crops Area and Production by Districts (all_crops_2015_2025)
Jhelum,2021-22,mash,64.0,25.0,0.3906,t/ha,PBS Crops Area and Production by Districts (all_crops_2015_2025)
Kasur,2017-18,mash,7.0,4.0,0.5714,t/ha,PBS Crops Area and Production by Districts (all_crops_2015_2025)
Kasur,2018-19,mash,2.0,1.0,0.5,t/ha,PBS Crops Area and Production by Districts (all_crops_2015_2025)
Kasur,2019-20,mash,1.0,0.0,0.0,t/ha,PBS Crops Area and Production by Districts (all_crops_2015_2025)
Khanewal,2017-18,mash,5.0,3.0,0.6,t/ha,PBS Crops Area and Production by Districts (all_crops_2015_2025)
Khanewal,2018-19,mash,67.0,34.0,0.5075,t/ha,PBS Crops Area and Production by Districts (all_crops_2015_2025)
Khanewal,2019-20,mash,24.0,11.0,0.4583,t/ha,PBS Crops Area and Production by Districts (all_crops_2015_2025)
Layyah,2017-18,mash,4.0,2.0,0.5,t/ha,PBS Crops Area and Production by Districts (all_crops_2015_2025)
Layyah,2018-19,mash,2.0,1.0,0.5,t/ha,PBS Crops Area and Production by Districts (all_crops_2015_2025)
Layyah,2019-20,mash,1.0,1.0,1.0,t/ha,PBS Crops Area and Production by Districts (all_crops_2015_2025)
Lodhran,2017-18,mash,12.0,5.0,0.4167,t/ha,PBS Crops Area and Production by Districts (all_crops_2015_2025)
Lodhran,2018-19,mash,8.0,3.0,0.375,t/ha,PBS Crops Area and Production by Districts (all_crops_2015_2025)
Mandi Bahauddin,2017-18,mash,3.0,1.0,0.3333,t/ha,PBS Crops Area and Production by Districts (all_crops_2015_2025)
Mandi Bahauddin,2018-19,mash,3.0,1.0,0.3333,t/ha,PBS Crops Area and Production by Districts (all_crops_2015_2025)
Mandi Bahauddin,2019-20,mash,3.0,1.0,0.3333,t/ha,PBS Crops Area and Production by Districts (all_crops_2015_2025)
Mianwali,2017-18,mash,2.0,1.0,0.5,t/ha,PBS Crops Area and Production by Districts (all_crops_2015_2025)
Mianwali,2018-19,mash,164.0,85.0,0.5183,t/ha,PBS Crops Area and Production by Districts (all_crops_2015_2025)
Mianwali,2019-20,mash,162.0,87.0,0.537,t/ha,PBS Crops Area and Production by Districts (all_crops_2015_2025)
Mianwali,2020-21,mash,81.0,45.0,0.5556,t/ha,PBS Crops Area and Production by Districts (all_crops_2015_2025)
Multan,2017-18,mash,7.0,4.0,0.5714,t/ha,PBS Crops Area and Production by Districts (all_crops_2015_2025)
Multan,2018-19,mash,2.0,1.0,0.5,t/ha,PBS Crops Area and Production by Districts (all_crops_2015_2025)
Multan,2019-20,mash,2.0,1.0,0.5,t/ha,PBS Crops Area and Production by Districts (all_crops_2015_2025)
Muzaffargarh,2017-18,mash,2.0,1.0,0.5,t/ha,PBS Crops Area and Production by Districts (all_crops_2015_2025)
Muzaffargarh,2018-19,mash,4.0,3.0,0.75,t/ha,PBS Crops Area and Production by Districts (all_crops_2015_2025)
Muzaffargarh,2019-20,mash,4.0,3.0,0.75,t/ha,PBS Crops Area and Production by Districts (all_crops_2015_2025)
Nankana Sahib,2017-18,mash,1.0,0.0,0.0,t/ha,PBS Crops Area and Production by Districts (all_crops_2015_2025)
Nankana Sahib,2018-19,mash,2.0,1.0,0.5,t/ha,PBS Crops Area and Production by Districts (all_crops_2015_2025)
Narowal,2017-18,mash,4414.0,1192.0,0.2701,t/ha,PBS Crops Area and Production by Districts (all_crops_2015_2025)
Narowal,2018-19,mash,4242.0,1281.0,0.302,t/ha,PBS Crops Area and Production by Districts (all_crops_2015_2025)
Narowal,2019-20,mash,4063.0,1182.0,0.2909,t/ha,PBS Crops Area and Production by Districts (all_crops_2015_2025)
Narowal,2020-21,mash,3104.0,857.0,0.2761,t/ha,PBS Crops Area and Production by Districts (all_crops_2015_2025)
Narowal,2021-22,mash,1275.0,409.0,0.3208,t/ha,PBS Crops Area and Production by Districts (all_crops_2015_2025)
Narowal,2022-23,mash,1064.0,421.0,0.3957,t/ha,PBS Crops Area and Production by Districts (all_crops_2015_2025)
Narowal,2023-24,mash,1188.0,542.0,0.4562,t/ha,PBS Crops Area and Production by Districts (all_crops_2015_2025)
Narowal,2024-25,mash,1531.0,624.0,0.4076,t/ha,PBS Crops Area and Production by Districts (all_crops_2015_2025)
Okara,2017-18,mash,17.0,10.0,0.5882,t/ha,PBS Crops Area and Production by Districts (all_crops_2015_2025)
Okara,2018-19,mash,8.0,5.0,0.625,t/ha,PBS Crops Area and Production by Districts (all_crops_2015_2025)
Okara,2019-20,mash,6.0,4.0,0.6667,t/ha,PBS Crops Area and Production by Districts (all_crops_2015_2025)
Rahim Yar Khan,2018-19,mash,1.0,1.0,1.0,t/ha,PBS Crops Area and Production by Districts (all_crops_2015_2025)
Rahim Yar Khan,2019-20,mash,1.0,1.0,1.0,t/ha,PBS Crops Area and Production by Districts (all_crops_2015_2025)
Rajanpur,2017-18,mash,287.0,177.0,0.6167,t/ha,PBS Crops Area and Production by Districts (all_crops_2015_2025)
Rajanpur,2018-19,mash,4.0,2.0,0.5,t/ha,PBS Crops Area and Production by Districts (all_crops_2015_2025)
Rajanpur,2019-20,mash,3.0,2.0,0.6667,t/ha,PBS Crops Area and Production by Districts (all_crops_2015_2025)
Rawalpindi,2017-18,mash,1969.0,890.0,0.452,t/ha,PBS Crops Area and Production by Districts (all_crops_2015_2025)
Rawalpindi,2018-19,mash,2257.0,1021.0,0.4524,t/ha,PBS Crops Area and Production by Districts (all_crops_2015_2025)
Rawalpindi,2019-20,mash,1902.0,830.0,0.4364,t/ha,PBS Crops Area and Production by Districts (all_crops_2015_2025)
Rawalpindi,2020-21,mash,283.0,132.0,0.4664,t/ha,PBS Crops Area and Production by Districts (all_crops_2015_2025)
Rawalpindi,2023-24,mash,12.0,4.0,0.3333,t/ha,PBS Crops Area and Production by Districts (all_crops_2015_2025)
Rawalpindi,2024-25,mash,11.0,4.0,0.3636,t/ha,PBS Crops Area and Production by Districts (all_crops_2015_2025)
Sahiwal,2017-18,mash,268.0,227.0,0.847,t/ha,PBS Crops Area and Production by Districts (all_crops_2015_2025)
Sahiwal,2018-19,mash,1.0,1.0,1.0,t/ha,PBS Crops Area and Production by Districts (all_crops_2015_2025)
Sargodha,2017-18,mash,14.0,3.0,0.2143,t/ha,PBS Crops Area and Production by Districts (all_crops_2015_2025)
Sargodha,2018-19,mash,16.0,4.0,0.25,t/ha,PBS Crops Area and Production by Districts (all_crops_2015_2025)
Sargodha,2019-20,mash,13.0,3.0,0.2308,t/ha,PBS Crops Area and Production by Districts (all_crops_2015_2025)
Sheikhupura,2017-18,mash,1.0,0.0,0.0,t/ha,PBS Crops Area and Production by Districts (all_crops_2015_2025)
Sialkot,2017-18,mash,2169.0,636.0,0.2932,t/ha,PBS Crops Area and Production by Districts (all_crops_2015_2025)
Sialkot,2018-19,mash,1500.0,440.0,0.2933,t/ha,PBS Crops Area and Production by Districts (all_crops_2015_2025)
Sialkot,2019-20,mash,1655.0,521.0,0.3148,t/ha,PBS Crops Area and Production by Districts (all_crops_2015_2025)
Sialkot,2020-21,mash,810.0,264.0,0.3259,t/ha,PBS Crops Area and Production by Districts (all_crops_2015_2025)
Toba Tek Singh,2017-18,mash,20.0,9.0,0.45,t/ha,PBS Crops Area and Production by Districts (all_crops_2015_2025)
Toba Tek Singh,2018-19,mash,4.0,2.0,0.5,t/ha,PBS Crops Area and Production by Districts (all_crops_2015_2025)
Toba Tek Singh,2019-20,mash,2.0,1.0,0.5,t/ha,PBS Crops Area and Production by Districts (all_crops_2015_2025)
Vehari,2018-19,mash,81.0,31.0,0.3827,t/ha,PBS Crops Area and Production by Districts (all_crops_2015_2025)
Vehari,2019-20,mash,54.0,17.0,0.3148,t/ha,PBS Crops Area and Production by Districts (all_crops_2015_2025)
Attock,2017-18,masoor,104.0,24.0,0.2308,t/ha,PBS Crops Area and Production by Districts (all_crops_2015_2025)
Attock,2018-19,masoor,89.0,23.0,0.2584,t/ha,PBS Crops Area and Production by Districts (all_crops_2015_2025)
Attock,2019-20,masoor,512.0,124.0,0.2422,t/ha,PBS Crops Area and Production by Districts (all_crops_2015_2025)
Attock,2020-21,masoor,100.0,108.0,1.08,t/ha,PBS Crops Area and Production by Districts (all_crops_2015_2025)
Attock,2021-22,masoor,81.0,93.0,1.1481,t/ha,PBS Crops Area and Production by Districts (all_crops_2015_2025)
Attock,2022-23,masoor,228.0,209.0,0.9167,t/ha,PBS Crops Area and Production by Districts (all_crops_2015_2025)
Attock,2023-24,masoor,182.0,217.0,1.1923,t/ha,PBS Crops Area and Production by Districts (all_crops_2015_2025)
Attock,2024-25,masoor,166.0,139.0,0.8373,t/ha,PBS Crops Area and Production by Districts (all_crops_2015_2025)
Bahawalnagar,2017-18,masoor,89.0,64.0,0.7191,t/ha,PBS Crops Area and Production by Districts (all_crops_2015_2025)
Bahawalnagar,2018-19,masoor,77.0,56.0,0.7273,t/ha,PBS Crops Area and Production by Districts (all_crops_2015_2025)
Bahawalnagar,2020-21,masoor,34.0,17.0,0.5,t/ha,PBS Crops Area and Production by Districts (all_crops_2015_2025)
Bahawalnagar,2024-25,masoor,35.0,15.0,0.4286,t/ha,PBS Crops Area and Production by Districts (all_crops_2015_2025)
Bahawalpur,2017-18,masoor,13.0,10.0,0.7692,t/ha,PBS Crops Area and Production by Districts (all_crops_2015_2025)
Bahawalpur,2018-19,masoor,14.0,12.0,0.8571,t/ha,PBS Crops Area and Production by Districts (all_crops_2015_2025)
Bahawalpur,2019-20,masoor,9.0,6.0,0.6667,t/ha,PBS Crops Area and Production by Districts (all_crops_2015_2025)
Bahawalpur,2020-21,masoor,20.0,11.0,0.55,t/ha,PBS Crops Area and Production by Districts (all_crops_2015_2025)
Bahawalpur,2021-22,masoor,10.0,5.0,0.5,t/ha,PBS Crops Area and Production by Districts (all_crops_2015_2025)
Bahawalpur,2022-23,masoor,8.0,5.0,0.625,t/ha,PBS Crops Area and Production by Districts (all_crops_2015_2025)
Bahawalpur,2023-24,masoor,2.0,1.0,0.5,t/ha,PBS Crops Area and Production by Districts (all_crops_2015_2025)
Bahawalpur,2024-25,masoor,7.0,4.0,0.5714,t/ha,PBS Crops Area and Production by Districts (all_crops_2015_2025)
Bhakkar,2017-18,masoor,42.0,18.0,0.4286,t/ha,PBS Crops Area and Production by Districts (all_crops_2015_2025)
Bhakkar,2018-19,masoor,30.0,14.0,0.4667,t/ha,PBS Crops Area and Production by Districts (all_crops_2015_2025)
Bhakkar,2019-20,masoor,27.0,14.0,0.5185,t/ha,PBS Crops Area and Production by Districts (all_crops_2015_2025)
Bhakkar,2020-21,masoor,16.0,7.0,0.4375,t/ha,PBS Crops Area and Production by Districts (all_crops_2015_2025)
Bhakkar,2021-22,masoor,13.0,5.0,0.3846,t/ha,PBS Crops Area and Production by Districts (all_crops_2015_2025)
Chakwal,2017-18,masoor,1442.0,675.0,0.4681,t/ha,PBS Crops Area and Production by Districts (all_crops_2015_2025)
Chakwal,2018-19,masoor,1477.0,711.0,0.4814,t/ha,PBS Crops Area and Production by Districts (all_crops_2015_2025)
Chakwal,2019-20,masoor,808.0,362.0,0.448,t/ha,PBS Crops Area and Production by Districts (all_crops_2015_2025)
Chakwal,2020-21,masoor,46.0,26.0,0.5652,t/ha,PBS Crops Area and Production by Districts (all_crops_2015_2025)
Chakwal,2021-22,masoor,28.0,16.0,0.5714,t/ha,PBS Crops Area and Production by Districts (all_crops_2015_2025)
Chakwal,2022-23,masoor,35.0,15.0,0.4286,t/ha,PBS Crops Area and Production by Districts (all_crops_2015_2025)
Chakwal,2023-24,masoor,61.0,28.0,0.459,t/ha,PBS Crops Area and Production by Districts (all_crops_2015_2025)
Chakwal,2024-25,masoor,44.0,18.0,0.4091,t/ha,PBS Crops Area and Production by Districts (all_crops_2015_2025)
Chiniot,2017-18,masoor,187.0,113.0,0.6043,t/ha,PBS Crops Area and Production by Districts (all_crops_2015_2025)
Chiniot,2018-19,masoor,112.0,67.0,0.5982,t/ha,PBS Crops Area and Production by Districts (all_crops_2015_2025)
Chiniot,2020-21,masoor,2.0,1.0,0.5,t/ha,PBS Crops Area and Production by Districts (all_crops_2015_2025)
Dera Ghazi Khan,2017-18,masoor,77.0,25.0,0.3247,t/ha,PBS Crops Area and Production by Districts (all_crops_2015_2025)
Dera Ghazi Khan,2018-19,masoor,28.0,13.0,0.4643,t/ha,PBS Crops Area and Production by Districts (all_crops_2015_2025)
Faisalabad,2017-18,masoor,10.0,8.0,0.8,t/ha,PBS Crops Area and Production by Districts (all_crops_2015_2025)
Faisalabad,2018-19,masoor,4.0,3.0,0.75,t/ha,PBS Crops Area and Production by Districts (all_crops_2015_2025)
Faisalabad,2019-20,masoor,4.0,3.0,0.75,t/ha,PBS Crops Area and Production by Districts (all_crops_2015_2025)
Faisalabad,2021-22,masoor,7.0,6.0,0.8571,t/ha,PBS Crops Area and Production by Districts (all_crops_2015_2025)
Gujranwala,2017-18,masoor,21.0,7.0,0.3333,t/ha,PBS Crops Area and Production by Districts (all_crops_2015_2025)
Gujranwala,2018-19,masoor,41.0,16.0,0.3902,t/ha,PBS Crops Area and Production by Districts (all_crops_2015_2025)
Gujranwala,2019-20,masoor,11.0,5.0,0.4545,t/ha,PBS Crops Area and Production by Districts (all_crops_2015_2025)
Gujranwala,2020-21,masoor,3.0,1.0,0.3333,t/ha,PBS Crops Area and Production by Districts (all_crops_2015_2025)
Gujranwala,2021-22,masoor,2.0,1.0,0.5,t/ha,PBS Crops Area and Production by Districts (all_crops_2015_2025)
Gujranwala,2024-25,masoor,4.0,7.0,1.75,t/ha,PBS Crops Area and Production by Districts (all_crops_2015_2025)
Gujrat,2017-18,masoor,105.0,3.0,0.0286,t/ha,PBS Crops Area and Production by Districts (all_crops_2015_2025)
Gujrat,2018-19,masoor,131.0,32.0,0.2443,t/ha,PBS Crops Area and Production by Districts (all_crops_2015_2025)
Gujrat,2019-20,masoor,170.0,49.0,0.2882,t/ha,PBS Crops Area and Production by Districts (all_crops_2015_2025)
Gujrat,2020-21,masoor,384.0,83.0,0.2161,t/ha,PBS Crops Area and Production by Districts (all_crops_2015_2025)
Gujrat,2021-22,masoor,10.0,3.0,0.3,t/ha,PBS Crops Area and Production by Districts (all_crops_2015_2025)
Gujrat,2022-23,masoor,113.0,51.0,0.4513,t/ha,PBS Crops Area and Production by Districts (all_crops_2015_2025)
Gujrat,2024-25,masoor,100.0,34.0,0.34,t/ha,PBS Crops Area and Production by Districts (all_crops_2015_2025)
Hafizabad,2017-18,masoor,68.0,36.0,0.5294,t/ha,PBS Crops Area and Production by Districts (all_crops_2015_2025)
Hafizabad,2018-19,masoor,23.0,12.0,0.5217,t/ha,PBS Crops Area and Production by Districts (all_crops_2015_2025)
Jhang,2017-18,masoor,175.0,112.0,0.64,t/ha,PBS Crops Area and Production by Districts (all_crops_2015_2025)
Jhang,2018-19,masoor,340.0,169.0,0.4971,t/ha,PBS Crops Area and Production by Districts (all_crops_2015_2025)
Jhang,2019-20,masoor,16.0,6.0,0.375,t/ha,PBS Crops Area and Production by Districts (all_crops_2015_2025)
Jhang,2023-24,masoor,6.0,3.0,0.5,t/ha,PBS Crops Area and Production by Districts (all_crops_2015_2025)
Jhelum,2017-18,masoor,899.0,205.0,0.228,t/ha,PBS Crops Area and Production by Districts (all_crops_2015_2025)
Jhelum,2018-19,masoor,717.0,161.0,0.2245,t/ha,PBS Crops Area and Production by Districts (all_crops_2015_2025)
Jhelum,2019-20,masoor,800.0,230.0,0.2875,t/ha,PBS Crops Area and Production by Districts (all_crops_2015_2025)
Jhelum,2020-21,masoor,106.0,41.0,0.3868,t/ha,PBS Crops Area and Production by Districts (all_crops_2015_2025)
Jhelum,2021-22,masoor,283.0,83.0,0.2933,t/ha,PBS Crops Area and Production by Districts (all_crops_2015_2025)
Jhelum,2022-23,masoor,287.0,101.0,0.3519,t/ha,PBS Crops Area and Production by Districts (all_crops_2015_2025)
Jhelum,2023-24,masoor,275.0,99.0,0.36,t/ha,PBS Crops Area and Production by Districts (all_crops_2015_2025)
Jhelum,2024-25,masoor,328.0,87.0,0.2652,t/ha,PBS Crops Area and Production by Districts (all_crops_2015_2025)
Kasur,2017-18,masoor,26.0,19.0,0.7308,t/ha,PBS Crops Area and Production by Districts (all_crops_2015_2025)
Kasur,2018-19,masoor,2.0,1.0,0.5,t/ha,PBS Crops Area and Production by Districts (all_crops_2015_2025)
Khanewal,2020-21,masoor,3.0,1.0,0.3333,t/ha,PBS Crops Area and Production by Districts (all_crops_2015_2025)
Khushab,2017-18,masoor,10.0,3.0,0.3,t/ha,PBS Crops Area and Production by Districts (all_crops_2015_2025)
Khushab,2018-19,masoor,37.0,15.0,0.4054,t/ha,PBS Crops Area and Production by Districts (all_crops_2015_2025)
Khushab,2020-21,masoor,8.0,2.0,0.25,t/ha,PBS Crops Area and Production by Districts (all_crops_2015_2025)
Khushab,2024-25,masoor,35.0,28.0,0.8,t/ha,PBS Crops Area and Production by Districts (all_crops_2015_2025)
Layyah,2017-18,masoor,231.0,234.0,1.013,t/ha,PBS Crops Area and Production by Districts (all_crops_2015_2025)
Layyah,2018-19,masoor,174.0,169.0,0.9713,t/ha,PBS Crops Area and Production by Districts (all_crops_2015_2025)
Layyah,2024-25,masoor,8.0,4.0,0.5,t/ha,PBS Crops Area and Production by Districts (all_crops_2015_2025)
Lodhran,2017-18,masoor,1.0,1.0,1.0,t/ha,PBS Crops Area and Production by Districts (all_crops_2015_2025)
Lodhran,2019-20,masoor,9.0,4.0,0.4444,t/ha,PBS Crops Area and Production by Districts (all_crops_2015_2025)
Mandi Bahauddin,2017-18,masoor,154.0,56.0,0.3636,t/ha,PBS Crops Area and Production by Districts (all_crops_2015_2025)
Mandi Bahauddin,2018-19,masoor,292.0,94.0,0.3219,t/ha,PBS Crops Area and Production by Districts (all_crops_2015_2025)
Mandi Bahauddin,2019-20,masoor,25.0,7.0,0.28,t/ha,PBS Crops Area and Production by Districts (all_crops_2015_2025)
Mandi Bahauddin,2020-21,masoor,1.0,1.0,1.0,t/ha,PBS Crops Area and Production by Districts (all_crops_2015_2025)
Mianwali,2017-18,masoor,142.0,53.0,0.3732,t/ha,PBS Crops Area and Production by Districts (all_crops_2015_2025)
Mianwali,2018-19,masoor,124.0,53.0,0.4274,t/ha,PBS Crops Area and Production by Districts (all_crops_2015_2025)
Mianwali,2019-20,masoor,321.0,188.0,0.5857,t/ha,PBS Crops Area and Production by Districts (all_crops_2015_2025)
Mianwali,2020-21,masoor,48.0,23.0,0.4792,t/ha,PBS Crops Area and Production by Districts (all_crops_2015_2025)
Mianwali,2021-22,masoor,13.0,9.0,0.6923,t/ha,PBS Crops Area and Production by Districts (all_crops_2015_2025)
Mianwali,2022-23,masoor,20.0,14.0,0.7,t/ha,PBS Crops Area and Production by Districts (all_crops_2015_2025)
Mianwali,2023-24,masoor,23.0,15.0,0.6522,t/ha,PBS Crops Area and Production by Districts (all_crops_2015_2025)
Mianwali,2024-25,masoor,21.0,17.0,0.8095,t/ha,PBS Crops Area and Production by Districts (all_crops_2015_2025)
Muzaffargarh,2017-18,masoor,86.0,46.0,0.5349,t/ha,PBS Crops Area and Production by Districts (all_crops_2015_2025)
Muzaffargarh,2018-19,masoor,104.0,65.0,0.625,t/ha,PBS Crops Area and Production by Districts (all_crops_2015_2025)
Muzaffargarh,2019-20,masoor,134.0,82.0,0.6119,t/ha,PBS Crops Area and Production by Districts (all_crops_2015_2025)
Narowal,2017-18,masoor,695.0,262.0,0.377,t/ha,PBS Crops Area and Production by Districts (all_crops_2015_2025)
Narowal,2018-19,masoor,688.0,232.0,0.3372,t/ha,PBS Crops Area and Production by Districts (all_crops_2015_2025)
Narowal,2019-20,masoor,499.0,149.0,0.2986,t/ha,PBS Crops Area and Production by Districts (all_crops_2015_2025)
Narowal,2020-21,masoor,11.0,4.0,0.3636,t/ha,PBS Crops Area and Production by Districts (all_crops_2015_2025)
Narowal,2021-22,masoor,4.0,2.0,0.5,t/ha,PBS Crops Area and Production by Districts (all_crops_2015_2025)
Narowal,2023-24,masoor,62.0,36.0,0.5806,t/ha,PBS Crops Area and Production by Districts (all_crops_2015_2025)
Narowal,2024-25,masoor,119.0,73.0,0.6134,t/ha,PBS Crops Area and Production by Districts (all_crops_2015_2025)
Pakpattan,2017-18,masoor,4.0,3.0,0.75,t/ha,PBS Crops Area and Production by Districts (all_crops_2015_2025)
Pakpattan,2018-19,masoor,4.0,2.0,0.5,t/ha,PBS Crops Area and Production by Districts (all_crops_2015_2025)
Rahim Yar Khan,2017-18,masoor,26.0,14.0,0.5385,t/ha,PBS Crops Area and Production by Districts (all_crops_2015_2025)
Rahim Yar Khan,2018-19,masoor,15.0,8.0,0.5333,t/ha,PBS Crops Area and Production by Districts (all_crops_2015_2025)
Rahim Yar Khan,2022-23,masoor,5.0,5.0,1.0,t/ha,PBS Crops Area and Production by Districts (all_crops_2015_2025)
Rahim Yar Khan,2023-24,masoor,12.0,7.0,0.5833,t/ha,PBS Crops Area and Production by Districts (all_crops_2015_2025)
Rahim Yar Khan,2024-25,masoor,6.0,5.0,0.8333,t/ha,PBS Crops Area and Production by Districts (all_crops_2015_2025)
Rajanpur,2017-18,masoor,33.0,11.0,0.3333,t/ha,PBS Crops Area and Production by Districts (all_crops_2015_2025)
Rajanpur,2018-19,masoor,2.0,1.0,0.5,t/ha,PBS Crops Area and Production by Districts (all_crops_2015_2025)
Rajanpur,2019-20,masoor,31.0,15.0,0.4839,t/ha,PBS Crops Area and Production by Districts (all_crops_2015_2025)
Rawalpindi,2017-18,masoor,2737.0,633.0,0.2313,t/ha,PBS Crops Area and Production by Districts (all_crops_2015_2025)
Rawalpindi,2018-19,masoor,2841.0,702.0,0.2471,t/ha,PBS Crops Area and Production by Districts (all_crops_2015_2025)
Rawalpindi,2019-20,masoor,364.0,91.0,0.25,t/ha,PBS Crops Area and Production by Districts (all_crops_2015_2025)
Rawalpindi,2021-22,masoor,344.0,131.0,0.3808,t/ha,PBS Crops Area and Production by Districts (all_crops_2015_2025)
Rawalpindi,2022-23,masoor,283.0,83.0,0.2933,t/ha,PBS Crops Area and Production by Districts (all_crops_2015_2025)
Rawalpindi,2023-24,masoor,202.0,112.0,0.5545,t/ha,PBS Crops Area and Production by Districts (all_crops_2015_2025)
Rawalpindi,2024-25,masoor,344.0,81.0,0.2355,t/ha,PBS Crops Area and Production by Districts (all_crops_2015_2025)
Sahiwal,2017-18,masoor,18.0,14.0,0.7778,t/ha,PBS Crops Area and Production by Districts (all_crops_2015_2025)
Sahiwal,2018-19,masoor,3.0,2.0,0.6667,t/ha,PBS Crops Area and Production by Districts (all_crops_2015_2025)
Sahiwal,2020-21,masoor,2.0,1.0,0.5,t/ha,PBS Crops Area and Production by Districts (all_crops_2015_2025)
Sargodha,2017-18,masoor,76.0,18.0,0.2368,t/ha,PBS Crops Area and Production by Districts (all_crops_2015_2025)
Sargodha,2018-19,masoor,83.0,20.0,0.241,t/ha,PBS Crops Area and Production by Districts (all_crops_2015_2025)
Sargodha,2019-20,masoor,31.0,9.0,0.2903,t/ha,PBS Crops Area and Production by Districts (all_crops_2015_2025)
Sheikhupura,2017-18,masoor,16.0,10.0,0.625,t/ha,PBS Crops Area and Production by Districts (all_crops_2015_2025)
Sheikhupura,2018-19,masoor,17.0,10.0,0.5882,t/ha,PBS Crops Area and Production by Districts (all_crops_2015_2025)
Sheikhupura,2023-24,masoor,8.0,5.0,0.625,t/ha,PBS Crops Area and Production by Districts (all_crops_2015_2025)
Sheikhupura,2024-25,masoor,42.0,29.0,0.6905,t/ha,PBS Crops Area and Production by Districts (all_crops_2015_2025)
Sialkot,2017-18,masoor,44.0,16.0,0.3636,t/ha,PBS Crops Area and Production by Districts (all_crops_2015_2025)
Sialkot,2018-19,masoor,52.0,16.0,0.3077,t/ha,PBS Crops Area and Production by Districts (all_crops_2015_2025)
Toba Tek Singh,2017-18,masoor,81.0,121.0,1.4938,t/ha,PBS Crops Area and Production by Districts (all_crops_2015_2025)
Toba Tek Singh,2018-19,masoor,42.0,45.0,1.0714,t/ha,PBS Crops Area and Production by Districts (all_crops_2015_2025)
Toba Tek Singh,2019-20,masoor,85.0,78.0,0.9176,t/ha,PBS Crops Area and Production by Districts (all_crops_2015_2025)
Toba Tek Singh,2020-21,masoor,7.0,9.0,1.2857,t/ha,PBS Crops Area and Production by Districts (all_crops_2015_2025)
Toba Tek Singh,2021-22,masoor,10.0,6.0,0.6,t/ha,PBS Crops Area and Production by Districts (all_crops_2015_2025)
Toba Tek Singh,2022-23,masoor,8.0,7.0,0.875,t/ha,PBS Crops Area and Production by Districts (all_crops_2015_2025)
Toba Tek Singh,2023-24,masoor,12.0,14.0,1.1667,t/ha,PBS Crops Area and Production by Districts (all_crops_2015_2025)
Toba Tek Singh,2024-25,masoor,4.0,5.0,1.25,t/ha,PBS Crops Area and Production by Districts (all_crops_2015_2025)
Vehari,2017-18,masoor,5.0,3.0,0.6,t/ha,PBS Crops Area and Production by Districts (all_crops_2015_2025)
Vehari,2018-19,masoor,8.0,5.0,0.625,t/ha,PBS Crops Area and Production by Districts (all_crops_2015_2025)
Vehari,2020-21,masoor,2.0,1.0,0.5,t/ha,PBS Crops Area and Production by Districts (all_crops_2015_2025)
Attock,2017-18,mattar,12.0,4.0,0.3333,t/ha,PBS Crops Area and Production by Districts (all_crops_2015_2025)
Attock,2019-20,mattar,2.0,1.0,0.5,t/ha,PBS Crops Area and Production by Districts (all_crops_2015_2025)
Attock,2020-21,mattar,8.0,3.0,0.375,t/ha,PBS Crops Area and Production by Districts (all_crops_2015_2025)
Bahawalnagar,2017-18,mattar,16.0,15.0,0.9375,t/ha,PBS Crops Area and Production by Districts (all_crops_2015_2025)
Bahawalnagar,2018-19,mattar,4.0,4.0,1.0,t/ha,PBS Crops Area and Production by Districts (all_crops_2015_2025)
Bahawalnagar,2023-24,mattar,1214.0,2707.0,2.2298,t/ha,PBS Crops Area and Production by Districts (all_crops_2015_2025)
Bahawalnagar,2024-25,mattar,1347.0,2516.0,1.8679,t/ha,PBS Crops Area and Production by Districts (all_crops_2015_2025)
Chakwal,2017-18,mattar,22.0,6.0,0.2727,t/ha,PBS Crops Area and Production by Districts (all_crops_2015_2025)
Chakwal,2018-19,mattar,13.0,4.0,0.3077,t/ha,PBS Crops Area and Production by Districts (all_crops_2015_2025)
Chakwal,2019-20,mattar,3.0,1.0,0.3333,t/ha,PBS Crops Area and Production by Districts (all_crops_2015_2025)
Chiniot,2017-18,mattar,1942.0,1629.0,0.8388,t/ha,PBS Crops Area and Production by Districts (all_crops_2015_2025)
Chiniot,2018-19,mattar,1659.0,1423.0,0.8577,t/ha,PBS Crops Area and Production by Districts (all_crops_2015_2025)
Chiniot,2019-20,mattar,202.0,196.0,0.9703,t/ha,PBS Crops Area and Production by Districts (all_crops_2015_2025)
Chiniot,2020-21,mattar,473.0,505.0,1.0677,t/ha,PBS Crops Area and Production by Districts (all_crops_2015_2025)
Chiniot,2021-22,mattar,451.0,530.0,1.1752,t/ha,PBS Crops Area and Production by Districts (all_crops_2015_2025)
Chiniot,2022-23,mattar,203.0,205.0,1.0099,t/ha,PBS Crops Area and Production by Districts (all_crops_2015_2025)
Chiniot,2023-24,mattar,81.0,128.0,1.5802,t/ha,PBS Crops Area and Production by Districts (all_crops_2015_2025)
Chiniot,2024-25,mattar,121.0,180.0,1.4876,t/ha,PBS Crops Area and Production by Districts (all_crops_2015_2025)
Dera Ghazi Khan,2017-18,mattar,59.0,46.0,0.7797,t/ha,PBS Crops Area and Production by Districts (all_crops_2015_2025)
Dera Ghazi Khan,2018-19,mattar,38.0,29.0,0.7632,t/ha,PBS Crops Area and Production by Districts (all_crops_2015_2025)
Faisalabad,2017-18,mattar,40.0,31.0,0.775,t/ha,PBS Crops Area and Production by Districts (all_crops_2015_2025)
Faisalabad,2018-19,mattar,35.0,27.0,0.7714,t/ha,PBS Crops Area and Production by Districts (all_crops_2015_2025)
Faisalabad,2019-20,mattar,222.0,210.0,0.9459,t/ha,PBS Crops Area and Production by Districts (all_crops_2015_2025)
Faisalabad,2020-21,mattar,56.0,47.0,0.8393,t/ha,PBS Crops Area and Production by Districts (all_crops_2015_2025)
Faisalabad,2021-22,mattar,41.0,36.0,0.878,t/ha,PBS Crops Area and Production by Districts (all_crops_2015_2025)
Faisalabad,2022-23,mattar,24.0,20.0,0.8333,t/ha,PBS Crops Area and Production by Districts (all_crops_2015_2025)
Gujranwala,2017-18,mattar,589.0,167.0,0.2835,t/ha,PBS Crops Area and Production by Districts (all_crops_2015_2025)
Gujranwala,2018-19,mattar,613.0,193.0,0.3148,t/ha,PBS Crops Area and Production by Districts (all_crops_2015_2025)
Gujranwala,2019-20,mattar,117.0,49.0,0.4188,t/ha,PBS Crops Area and Production by Districts (all_crops_2015_2025)
Gujranwala,2020-21,mattar,162.0,114.0,0.7037,t/ha,PBS Crops Area and Production by Districts (all_crops_2015_2025)
Gujranwala,2021-22,mattar,142.0,113.0,0.7958,t/ha,PBS Crops Area and Production by Districts (all_crops_2015_2025)
Gujrat,2017-18,mattar,44.0,10.0,0.2273,t/ha,PBS Crops Area and Production by Districts (all_crops_2015_2025)
Gujrat,2018-19,mattar,23.0,7.0,0.3043,t/ha,PBS Crops Area and Production by Districts (all_crops_2015_2025)
Gujrat,2019-20,mattar,10.0,4.0,0.4,t/ha,PBS Crops Area and Production by Districts (all_crops_2015_2025)
Gujrat,2020-21,mattar,43.0,25.0,0.5814,t/ha,PBS Crops Area and Production by Districts (all_crops_2015_2025)
Gujrat,2021-22,mattar,28.0,20.0,0.7143,t/ha,PBS Crops Area and Production by Districts (all_crops_2015_2025)
Hafizabad,2017-18,mattar,102.0,28.0,0.2745,t/ha,PBS Crops Area and Production by Districts (all_crops_2015_2025)
Hafizabad,2018-19,mattar,97.0,26.0,0.268,t/ha,PBS Crops Area and Production by Districts (all_crops_2015_2025)
Hafizabad,2019-20,mattar,74.0,31.0,0.4189,t/ha,PBS Crops Area and Production by Districts (all_crops_2015_2025)
Hafizabad,2020-21,mattar,105.0,61.0,0.581,t/ha,PBS Crops Area and Production by Districts (all_crops_2015_2025)
Hafizabad,2021-22,mattar,81.0,52.0,0.642,t/ha,PBS Crops Area and Production by Districts (all_crops_2015_2025)
Jhang,2017-18,mattar,442.0,374.0,0.8462,t/ha,PBS Crops Area and Production by Districts (all_crops_2015_2025)
Jhang,2018-19,mattar,332.0,278.0,0.8373,t/ha,PBS Crops Area and Production by Districts (all_crops_2015_2025)
Jhang,2019-20,mattar,101.0,98.0,0.9703,t/ha,PBS Crops Area and Production by Districts (all_crops_2015_2025)
Jhang,2021-22,mattar,11.0,11.0,1.0,t/ha,PBS Crops Area and Production by Districts (all_crops_2015_2025)
Jhang,2022-23,mattar,10.0,10.0,1.0,t/ha,PBS Crops Area and Production by Districts (all_crops_2015_2025)
Jhang,2024-25,mattar,159.0,165.0,1.0377,t/ha,PBS Crops Area and Production by Districts (all_crops_2015_2025)
Jhelum,2017-18,mattar,90.0,57.0,0.6333,t/ha,PBS Crops Area and Production by Districts (all_crops_2015_2025)
Jhelum,2018-19,mattar,18.0,12.0,0.6667,t/ha,PBS Crops Area and Production by Districts (all_crops_2015_2025)
Jhelum,2019-20,mattar,4.0,2.0,0.5,t/ha,PBS Crops Area and Production by Districts (all_crops_2015_2025)
Jhelum,2020-21,mattar,27.0,13.0,0.4815,t/ha,PBS Crops Area and Production by Districts (all_crops_2015_2025)
Kasur,2017-18,mattar,97.0,62.0,0.6392,t/ha,PBS Crops Area and Production by Districts (all_crops_2015_2025)
Kasur,2018-19,mattar,93.0,65.0,0.6989,t/ha,PBS Crops Area and Production by Districts (all_crops_2015_2025)
Kasur,2019-20,mattar,68.0,44.0,0.6471,t/ha,PBS Crops Area and Production by Districts (all_crops_2015_2025)
Kasur,2020-21,mattar,69.0,65.0,0.942,t/ha,PBS Crops Area and Production by Districts (all_crops_2015_2025)
Kasur,2021-22,mattar,58.0,52.0,0.8966,t/ha,PBS Crops Area and Production by Districts (all_crops_2015_2025)
Kasur,2022-23,mattar,69.0,123.0,1.7826,t/ha,PBS Crops Area and Production by Districts (all_crops_2015_2025)
Kasur,2024-25,mattar,243.0,370.0,1.5226,t/ha,PBS Crops Area and Production by Districts (all_crops_2015_2025)
Khanewal,2017-18,mattar,648.0,647.0,0.9985,t/ha,PBS Crops Area and Production by Districts (all_crops_2015_2025)
Khanewal,2018-19,mattar,526.0,501.0,0.9525,t/ha,PBS Crops Area and Production by Districts (all_crops_2015_2025)
Khanewal,2019-20,mattar,110.0,102.0,0.9273,t/ha,PBS Crops Area and Production by Districts (all_crops_2015_2025)
Khanewal,2020-21,mattar,65.0,77.0,1.1846,t/ha,PBS Crops Area and Production by Districts (all_crops_2015_2025)
Khanewal,2021-22,mattar,67.0,83.0,1.2388,t/ha,PBS Crops Area and Production by Districts (all_crops_2015_2025)
Khanewal,2022-23,mattar,73.0,120.0,1.6438,t/ha,PBS Crops Area and Production by Districts (all_crops_2015_2025)
Khanewal,2023-24,mattar,48.0,83.0,1.7292,t/ha,PBS Crops Area and Production by Districts (all_crops_2015_2025)
Khanewal,2024-25,mattar,12.0,23.0,1.9167,t/ha,PBS Crops Area and Production by Districts (all_crops_2015_2025)
Khushab,2017-18,mattar,12.0,5.0,0.4167,t/ha,PBS Crops Area and Production by Districts (all_crops_2015_2025)
Khushab,2018-19,mattar,6.0,3.0,0.5,t/ha,PBS Crops Area and Production by Districts (all_crops_2015_2025)
Khushab,2019-20,mattar,36.0,15.0,0.4167,t/ha,PBS Crops Area and Production by Districts (all_crops_2015_2025)
Khushab,2020-21,mattar,32.0,15.0,0.4688,t/ha,PBS Crops Area and Production by Districts (all_crops_2015_2025)
Khushab,2021-22,mattar,30.0,16.0,0.5333,t/ha,PBS Crops Area and Production by Districts (all_crops_2015_2025)
Khushab,2022-23,mattar,49.0,58.0,1.1837,t/ha,PBS Crops Area and Production by Districts (all_crops_2015_2025)
Lahore,2017-18,mattar,5.0,2.0,0.4,t/ha,PBS Crops Area and Production by Districts (all_crops_2015_2025)
Lahore,2019-20,mattar,24.0,15.0,0.625,t/ha,PBS Crops Area and Production by Districts (all_crops_2015_2025)
Layyah,2017-18,mattar,44.0,35.0,0.7955,t/ha,PBS Crops Area and Production by Districts (all_crops_2015_2025)
Layyah,2018-19,mattar,39.0,31.0,0.7949,t/ha,PBS Crops Area and Production by Districts (all_crops_2015_2025)
Layyah,2019-20,mattar,13.0,11.0,0.8462,t/ha,PBS Crops Area and Production by Districts (all_crops_2015_2025)
Layyah,2020-21,mattar,16.0,14.0,0.875,t/ha,PBS Crops Area and Production by Districts (all_crops_2015_2025)
Layyah,2021-22,mattar,16.0,16.0,1.0,t/ha,PBS Crops Area and Production by Districts (all_crops_2015_2025)
Lodhran,2017-18,mattar,1.0,1.0,1.0,t/ha,PBS Crops Area and Production by Districts (all_crops_2015_2025)
Lodhran,2018-19,mattar,4.0,3.0,0.75,t/ha,PBS Crops Area and Production by Districts (all_crops_2015_2025)
Lodhran,2019-20,mattar,8.0,6.0,0.75,t/ha,PBS Crops Area and Production by Districts (all_crops_2015_2025)
Lodhran,2020-21,mattar,4.0,4.0,1.0,t/ha,PBS Crops Area and Production by Districts (all_crops_2015_2025)
Mandi Bahauddin,2017-18,mattar,39.0,12.0,0.3077,t/ha,PBS Crops Area and Production by Districts (all_crops_2015_2025)
Mandi Bahauddin,2018-19,mattar,37.0,12.0,0.3243,t/ha,PBS Crops Area and Production by Districts (all_crops_2015_2025)
Mandi Bahauddin,2019-20,mattar,15.0,6.0,0.4,t/ha,PBS Crops Area and Production by Districts (all_crops_2015_2025)
Mianwali,2017-18,mattar,8.0,4.0,0.5,t/ha,PBS Crops Area and Production by Districts (all_crops_2015_2025)
Mianwali,2018-19,mattar,8.0,4.0,0.5,t/ha,PBS Crops Area and Production by Districts (all_crops_2015_2025)
Mianwali,2019-20,mattar,12.0,5.0,0.4167,t/ha,PBS Crops Area and Production by Districts (all_crops_2015_2025)
Mianwali,2020-21,mattar,11.0,6.0,0.5455,t/ha,PBS Crops Area and Production by Districts (all_crops_2015_2025)
Multan,2017-18,mattar,160.0,84.0,0.525,t/ha,PBS Crops Area and Production by Districts (all_crops_2015_2025)
Multan,2018-19,mattar,166.0,84.0,0.506,t/ha,PBS Crops Area and Production by Districts (all_crops_2015_2025)
Multan,2019-20,mattar,61.0,54.0,0.8852,t/ha,PBS Crops Area and Production by Districts (all_crops_2015_2025)
Multan,2020-21,mattar,85.0,95.0,1.1176,t/ha,PBS Crops Area and Production by Districts (all_crops_2015_2025)
Multan,2021-22,mattar,89.0,100.0,1.1236,t/ha,PBS Crops Area and Production by Districts (all_crops_2015_2025)
Multan,2022-23,mattar,89.0,97.0,1.0899,t/ha,PBS Crops Area and Production by Districts (all_crops_2015_2025)
Muzaffargarh,2017-18,mattar,315.0,224.0,0.7111,t/ha,PBS Crops Area and Production by Districts (all_crops_2015_2025)
Muzaffargarh,2018-19,mattar,317.0,227.0,0.7161,t/ha,PBS Crops Area and Production by Districts (all_crops_2015_2025)
Muzaffargarh,2019-20,mattar,23.0,21.0,0.913,t/ha,PBS Crops Area and Production by Districts (all_crops_2015_2025)
Muzaffargarh,2020-21,mattar,22.0,21.0,0.9545,t/ha,PBS Crops Area and Production by Districts (all_crops_2015_2025)
Muzaffargarh,2021-22,mattar,12.0,11.0,0.9167,t/ha,PBS Crops Area and Production by Districts (all_crops_2015_2025)
Nankana Sahib,2019-20,mattar,77.0,42.0,0.5455,t/ha,PBS Crops Area and Production by Districts (all_crops_2015_2025)
Nankana Sahib,2020-21,mattar,43.0,24.0,0.5581,t/ha,PBS Crops Area and Production by Districts (all_crops_2015_2025)
Nankana Sahib,2021-22,mattar,34.0,26.0,0.7647,t/ha,PBS Crops Area and Production by Districts (all_crops_2015_2025)
Narowal,2017-18,mattar,45.0,58.0,1.2889,t/ha,PBS Crops Area and Production by Districts (all_crops_2015_2025)
Narowal,2018-19,mattar,45.0,64.0,1.4222,t/ha,PBS Crops Area and Production by Districts (all_crops_2015_2025)
Okara,2017-18,mattar,445.0,377.0,0.8472,t/ha,PBS Crops Area and Production by Districts (all_crops_2015_2025)
Okara,2018-19,mattar,463.0,419.0,0.905,t/ha,PBS Crops Area and Production by Districts (all_crops_2015_2025)
Okara,2019-20,mattar,415.0,391.0,0.9422,t/ha,PBS Crops Area and Production by Districts (all_crops_2015_2025)
Okara,2020-21,mattar,414.0,553.0,1.3357,t/ha,PBS Crops Area and Production by Districts (all_crops_2015_2025)
Okara,2021-22,mattar,407.0,555.0,1.3636,t/ha,PBS Crops Area and Production by Districts (all_crops_2015_2025)
Okara,2022-23,mattar,291.0,406.0,1.3952,t/ha,PBS Crops Area and Production by Districts (all_crops_2015_2025)
Pakpattan,2017-18,mattar,328.0,278.0,0.8476,t/ha,PBS Crops Area and Production by Districts (all_crops_2015_2025)
Pakpattan,2018-19,mattar,318.0,264.0,0.8302,t/ha,PBS Crops Area and Production by Districts (all_crops_2015_2025)
Pakpattan,2019-20,mattar,301.0,315.0,1.0465,t/ha,PBS Crops Area and Production by Districts (all_crops_2015_2025)
Pakpattan,2020-21,mattar,112.0,166.0,1.4821,t/ha,PBS Crops Area and Production by Districts (all_crops_2015_2025)
Pakpattan,2021-22,mattar,109.0,158.0,1.4495,t/ha,PBS Crops Area and Production by Districts (all_crops_2015_2025)
Pakpattan,2022-23,mattar,220.0,337.0,1.5318,t/ha,PBS Crops Area and Production by Districts (all_crops_2015_2025)
Pakpattan,2023-24,mattar,320.0,485.0,1.5156,t/ha,PBS Crops Area and Production by Districts (all_crops_2015_2025)
Pakpattan,2024-25,mattar,503.0,811.0,1.6123,t/ha,PBS Crops Area and Production by Districts (all_crops_2015_2025)
Rahim Yar Khan,2017-18,mattar,20.0,12.0,0.6,t/ha,PBS Crops Area and Production by Districts (all_crops_2015_2025)
Rahim Yar Khan,2018-19,mattar,15.0,9.0,0.6,t/ha,PBS Crops Area and Production by Districts (all_crops_2015_2025)
Rahim Yar Khan,2020-21,mattar,34.0,35.0,1.0294,t/ha,PBS Crops Area and Production by Districts (all_crops_2015_2025)
Rajanpur,2017-18,mattar,356.0,345.0,0.9691,t/ha,PBS Crops Area and Production by Districts (all_crops_2015_2025)
Rajanpur,2018-19,mattar,303.0,297.0,0.9802,t/ha,PBS Crops Area and Production by Districts (all_crops_2015_2025)
Rajanpur,2019-20,mattar,2.0,2.0,1.0,t/ha,PBS Crops Area and Production by Districts (all_crops_2015_2025)
Rawalpindi,2017-18,mattar,5.0,2.0,0.4,t/ha,PBS Crops Area and Production by Districts (all_crops_2015_2025)
Rawalpindi,2018-19,mattar,6.0,2.0,0.3333,t/ha,PBS Crops Area and Production by Districts (all_crops_2015_2025)
Rawalpindi,2019-20,mattar,6.0,2.0,0.3333,t/ha,PBS Crops Area and Production by Districts (all_crops_2015_2025)
Sahiwal,2017-18,mattar,1967.0,2014.0,1.0239,t/ha,PBS Crops Area and Production by Districts (all_crops_2015_2025)
Sahiwal,2018-19,mattar,2064.0,2084.0,1.0097,t/ha,PBS Crops Area and Production by Districts (all_crops_2015_2025)
Sahiwal,2019-20,mattar,587.0,649.0,1.1056,t/ha,PBS Crops Area and Production by Districts (all_crops_2015_2025)
Sahiwal,2020-21,mattar,308.0,608.0,1.974,t/ha,PBS Crops Area and Production by Districts (all_crops_2015_2025)
Sahiwal,2021-22,mattar,244.0,551.0,2.2582,t/ha,PBS Crops Area and Production by Districts (all_crops_2015_2025)
Sahiwal,2022-23,mattar,198.0,542.0,2.7374,t/ha,PBS Crops Area and Production by Districts (all_crops_2015_2025)
Sahiwal,2023-24,mattar,88.0,160.0,1.8182,t/ha,PBS Crops Area and Production by Districts (all_crops_2015_2025)
Sargodha,2017-18,mattar,20.0,9.0,0.45,t/ha,PBS Crops Area and Production by Districts (all_crops_2015_2025)
Sargodha,2018-19,mattar,12.0,6.0,0.5,t/ha,PBS Crops Area and Production by Districts (all_crops_2015_2025)
Sargodha,2019-20,mattar,12.0,5.0,0.4167,t/ha,PBS Crops Area and Production by Districts (all_crops_2015_2025)
Sargodha,2020-21,mattar,71.0,35.0,0.493,t/ha,PBS Crops Area and Production by Districts (all_crops_2015_2025)
Sargodha,2021-22,mattar,57.0,29.0,0.5088,t/ha,PBS Crops Area and Production by Districts (all_crops_2015_2025)
Sheikhupura,2017-18,mattar,296.0,187.0,0.6318,t/ha,PBS Crops Area and Production by Districts (all_crops_2015_2025)
Sheikhupura,2018-19,mattar,251.0,157.0,0.6255,t/ha,PBS Crops Area and Production by Districts (all_crops_2015_2025)
Sheikhupura,2019-20,mattar,415.0,249.0,0.6,t/ha,PBS Crops Area and Production by Districts (all_crops_2015_2025)
Sheikhupura,2020-21,mattar,282.0,226.0,0.8014,t/ha,PBS Crops Area and Production by Districts (all_crops_2015_2025)
Sheikhupura,2021-22,mattar,263.0,208.0,0.7909,t/ha,PBS Crops Area and Production by Districts (all_crops_2015_2025)
Sialkot,2017-18,mattar,123.0,20.0,0.1626,t/ha,PBS Crops Area and Production by Districts (all_crops_2015_2025)
Sialkot,2018-19,mattar,111.0,18.0,0.1622,t/ha,PBS Crops Area and Production by Districts (all_crops_2015_2025)
Sialkot,2019-20,mattar,4.0,1.0,0.25,t/ha,PBS Crops Area and Production by Districts (all_crops_2015_2025)
Sialkot,2020-21,mattar,121.0,81.0,0.6694,t/ha,PBS Crops Area and Production by Districts (all_crops_2015_2025)
Sialkot,2021-22,mattar,101.0,79.0,0.7822,t/ha,PBS Crops Area and Production by Districts (all_crops_2015_2025)
Toba Tek Singh,2017-18,mattar,522.0,777.0,1.4885,t/ha,PBS Crops Area and Production by Districts (all_crops_2015_2025)
Toba Tek Singh,2018-19,mattar,474.0,701.0,1.4789,t/ha,PBS Crops Area and Production by Districts (all_crops_2015_2025)
Toba Tek Singh,2019-20,mattar,202.0,262.0,1.297,t/ha,PBS Crops Area and Production by Districts (all_crops_2015_2025)
Toba Tek Singh,2020-21,mattar,54.0,77.0,1.4259,t/ha,PBS Crops Area and Production by Districts (all_crops_2015_2025)
Toba Tek Singh,2021-22,mattar,40.0,54.0,1.35,t/ha,PBS Crops Area and Production by Districts (all_crops_2015_2025)
Toba Tek Singh,2022-23,mattar,28.0,34.0,1.2143,t/ha,PBS Crops Area and Production by Districts (all_crops_2015_2025)
Toba Tek Singh,2023-24,mattar,47.0,63.0,1.3404,t/ha,PBS Crops Area and Production by Districts (all_crops_2015_2025)
Vehari,2017-18,mattar,41.0,33.0,0.8049,t/ha,PBS Crops Area and Production by Districts (all_crops_2015_2025)
Vehari,2018-19,mattar,35.0,28.0,0.8,t/ha,PBS Crops Area and Production by Districts (all_crops_2015_2025)
Vehari,2019-20,mattar,49.0,37.0,0.7551,t/ha,PBS Crops Area and Production by Districts (all_crops_2015_2025)
Vehari,2020-21,mattar,20.0,21.0,1.05,t/ha,PBS Crops Area and Production by Districts (all_crops_2015_2025)
Vehari,2021-22,mattar,16.0,18.0,1.125,t/ha,PBS Crops Area and Production by Districts (all_crops_2015_2025)
Vehari,2022-23,mattar,14.0,17.0,1.2143,t/ha,PBS Crops Area and Production by Districts (all_crops_2015_2025)
Attock,2017-18,mong,80.0,23.0,0.2875,t/ha,PBS Crops Area and Production by Districts (all_crops_2015_2025)
Attock,2018-19,mong,96.0,28.0,0.2917,t/ha,PBS Crops Area and Production by Districts (all_crops_2015_2025)
Attock,2019-20,mong,74.0,20.0,0.2703,t/ha,PBS Crops Area and Production by Districts (all_crops_2015_2025)
Attock,2021-22,mong,70.0,29.0,0.4143,t/ha,PBS Crops Area and Production by Districts (all_crops_2015_2025)
Attock,2022-23,mong,88.0,50.0,0.5682,t/ha,PBS Crops Area and Production by Districts (all_crops_2015_2025)
Bahawalnagar,2017-18,mong,532.0,207.0,0.3891,t/ha,PBS Crops Area and Production by Districts (all_crops_2015_2025)
Bahawalnagar,2018-19,mong,571.0,236.0,0.4133,t/ha,PBS Crops Area and Production by Districts (all_crops_2015_2025)
Bahawalnagar,2019-20,mong,381.0,147.0,0.3858,t/ha,PBS Crops Area and Production by Districts (all_crops_2015_2025)
Bahawalnagar,2020-21,mong,687.0,374.0,0.5444,t/ha,PBS Crops Area and Production by Districts (all_crops_2015_2025)
Bahawalnagar,2021-22,mong,634.0,526.0,0.8297,t/ha,PBS Crops Area and Production by Districts (all_crops_2015_2025)
Bahawalnagar,2022-23,mong,54.0,17.0,0.3148,t/ha,PBS Crops Area and Production by Districts (all_crops_2015_2025)
Bahawalnagar,2023-24,mong,236.0,189.0,0.8008,t/ha,PBS Crops Area and Production by Districts (all_crops_2015_2025)
Bahawalpur,2017-18,mong,1289.0,1118.0,0.8673,t/ha,PBS Crops Area and Production by Districts (all_crops_2015_2025)
Bahawalpur,2018-19,mong,326.0,182.0,0.5583,t/ha,PBS Crops Area and Production by Districts (all_crops_2015_2025)
Bahawalpur,2019-20,mong,592.0,392.0,0.6622,t/ha,PBS Crops Area and Production by Districts (all_crops_2015_2025)
Bahawalpur,2020-21,mong,3122.0,2044.0,0.6547,t/ha,PBS Crops Area and Production by Districts (all_crops_2015_2025)
Bahawalpur,2021-22,mong,3560.0,2793.0,0.7846,t/ha,PBS Crops Area and Production by Districts (all_crops_2015_2025)
Bahawalpur,2022-23,mong,2239.0,1375.0,0.6141,t/ha,PBS Crops Area and Production by Districts (all_crops_2015_2025)
Bahawalpur,2023-24,mong,2953.0,2444.0,0.8276,t/ha,PBS Crops Area and Production by Districts (all_crops_2015_2025)
Bahawalpur,2024-25,mong,3375.0,2399.0,0.7108,t/ha,PBS Crops Area and Production by Districts (all_crops_2015_2025)
Bhakkar,2017-18,mong,66772.0,50131.0,0.7508,t/ha,PBS Crops Area and Production by Districts (all_crops_2015_2025)
Bhakkar,2018-19,mong,70639.0,50834.0,0.7196,t/ha,PBS Crops Area and Production by Districts (all_crops_2015_2025)
Bhakkar,2019-20,mong,64759.0,45035.0,0.6954,t/ha,PBS Crops Area and Production by Districts (all_crops_2015_2025)
Bhakkar,2020-21,mong,81674.0,68431.0,0.8379,t/ha,PBS Crops Area and Production by Districts (all_crops_2015_2025)
Bhakkar,2021-22,mong,99146.0,82198.0,0.8291,t/ha,PBS Crops Area and Production by Districts (all_crops_2015_2025)
Bhakkar,2022-23,mong,68643.0,28947.0,0.4217,t/ha,PBS Crops Area and Production by Districts (all_crops_2015_2025)
Bhakkar,2023-24,mong,52872.0,41278.0,0.7807,t/ha,PBS Crops Area and Production by Districts (all_crops_2015_2025)
Bhakkar,2024-25,mong,53901.0,32500.0,0.603,t/ha,PBS Crops Area and Production by Districts (all_crops_2015_2025)
Chakwal,2017-18,mong,899.0,291.0,0.3237,t/ha,PBS Crops Area and Production by Districts (all_crops_2015_2025)
Chakwal,2018-19,mong,655.0,168.0,0.2565,t/ha,PBS Crops Area and Production by Districts (all_crops_2015_2025)
Chakwal,2019-20,mong,591.0,158.0,0.2673,t/ha,PBS Crops Area and Production by Districts (all_crops_2015_2025)
Chakwal,2021-22,mong,485.0,163.0,0.3361,t/ha,PBS Crops Area and Production by Districts (all_crops_2015_2025)
Chakwal,2022-23,mong,35.0,10.0,0.2857,t/ha,PBS Crops Area and Production by Districts (all_crops_2015_2025)
Chakwal,2023-24,mong,443.0,133.0,0.3002,t/ha,PBS Crops Area and Production by Districts (all_crops_2015_2025)
Chiniot,2017-18,mong,585.0,334.0,0.5709,t/ha,PBS Crops Area and Production by Districts (all_crops_2015_2025)
Chiniot,2018-19,mong,573.0,332.0,0.5794,t/ha,PBS Crops Area and Production by Districts (all_crops_2015_2025)
Chiniot,2019-20,mong,426.0,243.0,0.5704,t/ha,PBS Crops Area and Production by Districts (all_crops_2015_2025)
Chiniot,2020-21,mong,101.0,89.0,0.8812,t/ha,PBS Crops Area and Production by Districts (all_crops_2015_2025)
Chiniot,2021-22,mong,141.0,169.0,1.1986,t/ha,PBS Crops Area and Production by Districts (all_crops_2015_2025)
Chiniot,2022-23,mong,41.0,55.0,1.3415,t/ha,PBS Crops Area and Production by Districts (all_crops_2015_2025)
Dera Ghazi Khan,2017-18,mong,671.0,597.0,0.8897,t/ha,PBS Crops Area and Production by Districts (all_crops_2015_2025)
Dera Ghazi Khan,2018-19,mong,620.0,488.0,0.7871,t/ha,PBS Crops Area and Production by Districts (all_crops_2015_2025)
Dera Ghazi Khan,2019-20,mong,629.0,4653.0,7.3975,t/ha,PBS Crops Area and Production by Districts (all_crops_2015_2025)
Dera Ghazi Khan,2020-21,mong,16.0,13.0,0.8125,t/ha,PBS Crops Area and Production by Districts (all_crops_2015_2025)
Dera Ghazi Khan,2021-22,mong,243.0,206.0,0.8477,t/ha,PBS Crops Area and Production by Districts (all_crops_2015_2025)
Faisalabad,2017-18,mong,47.0,32.0,0.6809,t/ha,PBS Crops Area and Production by Districts (all_crops_2015_2025)
Faisalabad,2018-19,mong,27.0,19.0,0.7037,t/ha,PBS Crops Area and Production by Districts (all_crops_2015_2025)
Faisalabad,2019-20,mong,22.0,16.0,0.7273,t/ha,PBS Crops Area and Production by Districts (all_crops_2015_2025)
Faisalabad,2020-21,mong,98.0,56.0,0.5714,t/ha,PBS Crops Area and Production by Districts (all_crops_2015_2025)
Faisalabad,2021-22,mong,20.0,18.0,0.9,t/ha,PBS Crops Area and Production by Districts (all_crops_2015_2025)
Faisalabad,2022-23,mong,41.0,29.0,0.7073,t/ha,PBS Crops Area and Production by Districts (all_crops_2015_2025)
Faisalabad,2023-24,mong,126.0,106.0,0.8413,t/ha,PBS Crops Area and Production by Districts (all_crops_2015_2025)
Faisalabad,2024-25,mong,114.0,88.0,0.7719,t/ha,PBS Crops Area and Production by Districts (all_crops_2015_2025)
Gujrat,2017-18,mong,370.0,26.0,0.0703,t/ha,PBS Crops Area and Production by Districts (all_crops_2015_2025)
Gujrat,2018-19,mong,287.0,3.0,0.0105,t/ha,PBS Crops Area and Production by Districts (all_crops_2015_2025)
Gujrat,2019-20,mong,259.0,29.0,0.112,t/ha,PBS Crops Area and Production by Districts (all_crops_2015_2025)
Hafizabad,2017-18,mong,4.0,0.0,0.0,t/ha,PBS Crops Area and Production by Districts (all_crops_2015_2025)
Jhang,2017-18,mong,554.0,259.0,0.4675,t/ha,PBS Crops Area and Production by Districts (all_crops_2015_2025)
Jhang,2018-19,mong,320.0,144.0,0.45,t/ha,PBS Crops Area and Production by Districts (all_crops_2015_2025)
Jhang,2019-20,mong,259.0,109.0,0.4208,t/ha,PBS Crops Area and Production by Districts (all_crops_2015_2025)
Jhang,2020-21,mong,522.0,255.0,0.4885,t/ha,PBS Crops Area and Production by Districts (all_crops_2015_2025)
Jhang,2021-22,mong,296.0,205.0,0.6926,t/ha,PBS Crops Area and Production by Districts (all_crops_2015_2025)
Jhang,2022-23,mong,153.0,86.0,0.5621,t/ha,PBS Crops Area and Production by Districts (all_crops_2015_2025)
Jhang,2023-24,mong,152.0,160.0,1.0526,t/ha,PBS Crops Area and Production by Districts (all_crops_2015_2025)
Jhang,2024-25,mong,72.0,61.0,0.8472,t/ha,PBS Crops Area and Production by Districts (all_crops_2015_2025)
Jhelum,2017-18,mong,1018.0,276.0,0.2711,t/ha,PBS Crops Area and Production by Districts (all_crops_2015_2025)
Jhelum,2018-19,mong,1136.0,313.0,0.2755,t/ha,PBS Crops Area and Production by Districts (all_crops_2015_2025)
Jhelum,2019-20,mong,918.0,253.0,0.2756,t/ha,PBS Crops Area and Production by Districts (all_crops_2015_2025)
Jhelum,2021-22,mong,538.0,201.0,0.3736,t/ha,PBS Crops Area and Production by Districts (all_crops_2015_2025)
Kasur,2017-18,mong,20.0,9.0,0.45,t/ha,PBS Crops Area and Production by Districts (all_crops_2015_2025)
Kasur,2018-19,mong,26.0,12.0,0.4615,t/ha,PBS Crops Area and Production by Districts (all_crops_2015_2025)
Kasur,2019-20,mong,22.0,12.0,0.5455,t/ha,PBS Crops Area and Production by Districts (all_crops_2015_2025)
Kasur,2020-21,mong,27.0,14.0,0.5185,t/ha,PBS Crops Area and Production by Districts (all_crops_2015_2025)
Kasur,2021-22,mong,159.0,94.0,0.5912,t/ha,PBS Crops Area and Production by Districts (all_crops_2015_2025)
Kasur,2023-24,mong,55.0,34.0,0.6182,t/ha,PBS Crops Area and Production by Districts (all_crops_2015_2025)
Kasur,2024-25,mong,51.0,30.0,0.5882,t/ha,PBS Crops Area and Production by Districts (all_crops_2015_2025)
Khanewal,2017-18,mong,526.0,388.0,0.7376,t/ha,PBS Crops Area and Production by Districts (all_crops_2015_2025)
Khanewal,2018-19,mong,767.0,582.0,0.7588,t/ha,PBS Crops Area and Production by Districts (all_crops_2015_2025)
Khanewal,2019-20,mong,647.0,571.0,0.8825,t/ha,PBS Crops Area and Production by Districts (all_crops_2015_2025)
Khanewal,2020-21,mong,6555.0,5760.0,0.8787,t/ha,PBS Crops Area and Production by Districts (all_crops_2015_2025)
Khanewal,2021-22,mong,6740.0,5022.0,0.7451,t/ha,PBS Crops Area and Production by Districts (all_crops_2015_2025)
Khanewal,2022-23,mong,2679.0,1363.0,0.5088,t/ha,PBS Crops Area and Production by Districts (all_crops_2015_2025)
Khanewal,2023-24,mong,1620.0,1439.0,0.8883,t/ha,PBS Crops Area and Production by Districts (all_crops_2015_2025)
Khanewal,2024-25,mong,770.0,518.0,0.6727,t/ha,PBS Crops Area and Production by Districts (all_crops_2015_2025)
Khushab,2017-18,mong,1304.0,419.0,0.3213,t/ha,PBS Crops Area and Production by Districts (all_crops_2015_2025)
Khushab,2018-19,mong,972.0,365.0,0.3755,t/ha,PBS Crops Area and Production by Districts (all_crops_2015_2025)
Khushab,2019-20,mong,943.0,343.0,0.3637,t/ha,PBS Crops Area and Production by Districts (all_crops_2015_2025)
Khushab,2020-21,mong,1051.0,574.0,0.5461,t/ha,PBS Crops Area and Production by Districts (all_crops_2015_2025)
Khushab,2021-22,mong,3718.0,1883.0,0.5065,t/ha,PBS Crops Area and Production by Districts (all_crops_2015_2025)
Khushab,2022-23,mong,999.0,599.0,0.5996,t/ha,PBS Crops Area and Production by Districts (all_crops_2015_2025)
Khushab,2023-24,mong,945.0,495.0,0.5238,t/ha,PBS Crops Area and Production by Districts (all_crops_2015_2025)
Khushab,2024-25,mong,732.0,392.0,0.5355,t/ha,PBS Crops Area and Production by Districts (all_crops_2015_2025)
Layyah,2017-18,mong,23112.0,25047.0,1.0837,t/ha,PBS Crops Area and Production by Districts (all_crops_2015_2025)
Layyah,2018-19,mong,22081.0,22342.0,1.0118,t/ha,PBS Crops Area and Production by Districts (all_crops_2015_2025)
Layyah,2019-20,mong,21606.0,8645.0,0.4001,t/ha,PBS Crops Area and Production by Districts (all_crops_2015_2025)
Layyah,2020-21,mong,25006.0,25614.0,1.0243,t/ha,PBS Crops Area and Production by Districts (all_crops_2015_2025)
Layyah,2021-22,mong,32934.0,36703.0,1.1144,t/ha,PBS Crops Area and Production by Districts (all_crops_2015_2025)
Layyah,2022-23,mong,28702.0,14754.0,0.514,t/ha,PBS Crops Area and Production by Districts (all_crops_2015_2025)
Layyah,2023-24,mong,24381.0,15236.0,0.6249,t/ha,PBS Crops Area and Production by Districts (all_crops_2015_2025)
Layyah,2024-25,mong,22785.0,12365.0,0.5427,t/ha,PBS Crops Area and Production by Districts (all_crops_2015_2025)
Lodhran,2017-18,mong,49.0,16.0,0.3265,t/ha,PBS Crops Area and Production by Districts (all_crops_2015_2025)
Lodhran,2018-19,mong,22.0,10.0,0.4545,t/ha,PBS Crops Area and Production by Districts (all_crops_2015_2025)
Lodhran,2019-20,mong,15.0,8.0,0.5333,t/ha,PBS Crops Area and Production by Districts (all_crops_2015_2025)
Lodhran,2020-21,mong,2128.0,1179.0,0.554,t/ha,PBS Crops Area and Production by Districts (all_crops_2015_2025)
Lodhran,2021-22,mong,1972.0,2157.0,1.0938,t/ha,PBS Crops Area and Production by Districts (all_crops_2015_2025)
Lodhran,2022-23,mong,1875.0,1871.0,0.9979,t/ha,PBS Crops Area and Production by Districts (all_crops_2015_2025)
Lodhran,2023-24,mong,2436.0,2799.0,1.149,t/ha,PBS Crops Area and Production by Districts (all_crops_2015_2025)
Lodhran,2024-25,mong,2312.0,1918.0,0.8296,t/ha,PBS Crops Area and Production by Districts (all_crops_2015_2025)
Mandi Bahauddin,2017-18,mong,2.0,0.0,0.0,t/ha,PBS Crops Area and Production by Districts (all_crops_2015_2025)
Mandi Bahauddin,2019-20,mong,3.0,0.0,0.0,t/ha,PBS Crops Area and Production by Districts (all_crops_2015_2025)
Mandi Bahauddin,2022-23,mong,68.0,67.0,0.9853,t/ha,PBS Crops Area and Production by Districts (all_crops_2015_2025)
Mianwali,2017-18,mong,35681.0,24253.0,0.6797,t/ha,PBS Crops Area and Production by Districts (all_crops_2015_2025)
Mianwali,2018-19,mong,37897.0,25385.0,0.6698,t/ha,PBS Crops Area and Production by Districts (all_crops_2015_2025)
Mianwali,2019-20,mong,41699.0,30902.0,0.7411,t/ha,PBS Crops Area and Production by Districts (all_crops_2015_2025)
Mianwali,2020-21,mong,63205.0,59472.0,0.9409,t/ha,PBS Crops Area and Production by Districts (all_crops_2015_2025)
Mianwali,2021-22,mong,88320.0,80045.0,0.9063,t/ha,PBS Crops Area and Production by Districts (all_crops_2015_2025)
Mianwali,2022-23,mong,65635.0,52377.0,0.798,t/ha,PBS Crops Area and Production by Districts (all_crops_2015_2025)
Mianwali,2023-24,mong,65081.0,48142.0,0.7397,t/ha,PBS Crops Area and Production by Districts (all_crops_2015_2025)
Mianwali,2024-25,mong,49440.0,39783.0,0.8047,t/ha,PBS Crops Area and Production by Districts (all_crops_2015_2025)
Multan,2017-18,mong,405.0,174.0,0.4296,t/ha,PBS Crops Area and Production by Districts (all_crops_2015_2025)
Multan,2018-19,mong,122.0,53.0,0.4344,t/ha,PBS Crops Area and Production by Districts (all_crops_2015_2025)
Multan,2019-20,mong,93.0,38.0,0.4086,t/ha,PBS Crops Area and Production by Districts (all_crops_2015_2025)
Multan,2020-21,mong,207.0,121.0,0.5845,t/ha,PBS Crops Area and Production by Districts (all_crops_2015_2025)
Multan,2021-22,mong,489.0,323.0,0.6605,t/ha,PBS Crops Area and Production by Districts (all_crops_2015_2025)
Multan,2022-23,mong,121.0,40.0,0.3306,t/ha,PBS Crops Area and Production by Districts (all_crops_2015_2025)
Multan,2023-24,mong,197.0,132.0,0.6701,t/ha,PBS Crops Area and Production by Districts (all_crops_2015_2025)
Multan,2024-25,mong,80.0,49.0,0.6125,t/ha,PBS Crops Area and Production by Districts (all_crops_2015_2025)
Muzaffargarh,2017-18,mong,3844.0,2903.0,0.7552,t/ha,PBS Crops Area and Production by Districts (all_crops_2015_2025)
Muzaffargarh,2018-19,mong,4118.0,1778.0,0.4318,t/ha,PBS Crops Area and Production by Districts (all_crops_2015_2025)
Muzaffargarh,2019-20,mong,3922.0,16898.0,4.3085,t/ha,PBS Crops Area and Production by Districts (all_crops_2015_2025)
Muzaffargarh,2020-21,mong,1537.0,1170.0,0.7612,t/ha,PBS Crops Area and Production by Districts (all_crops_2015_2025)
Muzaffargarh,2021-22,mong,5164.0,4957.0,0.9599,t/ha,PBS Crops Area and Production by Districts (all_crops_2015_2025)
Muzaffargarh,2022-23,mong,3409.0,4000.0,1.1734,t/ha,PBS Crops Area and Production by Districts (all_crops_2015_2025)
Muzaffargarh,2023-24,mong,2639.0,2106.0,0.798,t/ha,PBS Crops Area and Production by Districts (all_crops_2015_2025)
Muzaffargarh,2024-25,mong,3408.0,2621.0,0.7691,t/ha,PBS Crops Area and Production by Districts (all_crops_2015_2025)
Nankana Sahib,2017-18,mong,17.0,8.0,0.4706,t/ha,PBS Crops Area and Production by Districts (all_crops_2015_2025)
Nankana Sahib,2018-19,mong,12.0,5.0,0.4167,t/ha,PBS Crops Area and Production by Districts (all_crops_2015_2025)
Nankana Sahib,2019-20,mong,12.0,5.0,0.4167,t/ha,PBS Crops Area and Production by Districts (all_crops_2015_2025)
Nankana Sahib,2020-21,mong,12.0,5.0,0.4167,t/ha,PBS Crops Area and Production by Districts (all_crops_2015_2025)
Nankana Sahib,2022-23,mong,19.0,8.0,0.4211,t/ha,PBS Crops Area and Production by Districts (all_crops_2015_2025)
Narowal,2017-18,mong,38.0,8.0,0.2105,t/ha,PBS Crops Area and Production by Districts (all_crops_2015_2025)
Narowal,2018-19,mong,34.0,8.0,0.2353,t/ha,PBS Crops Area and Production by Districts (all_crops_2015_2025)
Narowal,2019-20,mong,32.0,7.0,0.2188,t/ha,PBS Crops Area and Production by Districts (all_crops_2015_2025)
Okara,2017-18,mong,141.0,147.0,1.0426,t/ha,PBS Crops Area and Production by Districts (all_crops_2015_2025)
Okara,2018-19,mong,70.0,78.0,1.1143,t/ha,PBS Crops Area and Production by Districts (all_crops_2015_2025)
Okara,2019-20,mong,61.0,70.0,1.1475,t/ha,PBS Crops Area and Production by Districts (all_crops_2015_2025)
Okara,2020-21,mong,130.0,143.0,1.1,t/ha,PBS Crops Area and Production by Districts (all_crops_2015_2025)
Okara,2021-22,mong,89.0,83.0,0.9326,t/ha,PBS Crops Area and Production by Districts (all_crops_2015_2025)
Okara,2022-23,mong,142.0,135.0,0.9507,t/ha,PBS Crops Area and Production by Districts (all_crops_2015_2025)
Okara,2023-24,mong,83.0,84.0,1.012,t/ha,PBS Crops Area and Production by Districts (all_crops_2015_2025)
Okara,2024-25,mong,11.0,8.0,0.7273,t/ha,PBS Crops Area and Production by Districts (all_crops_2015_2025)
Pakpattan,2017-18,mong,353.0,271.0,0.7677,t/ha,PBS Crops Area and Production by Districts (all_crops_2015_2025)
Pakpattan,2018-19,mong,234.0,178.0,0.7607,t/ha,PBS Crops Area and Production by Districts (all_crops_2015_2025)
Pakpattan,2019-20,mong,233.0,206.0,0.8841,t/ha,PBS Crops Area and Production by Districts (all_crops_2015_2025)
Pakpattan,2020-21,mong,2616.0,1426.0,0.5451,t/ha,PBS Crops Area and Production by Districts (all_crops_2015_2025)
Pakpattan,2021-22,mong,3475.0,2433.0,0.7001,t/ha,PBS Crops Area and Production by Districts (all_crops_2015_2025)
Pakpattan,2022-23,mong,1571.0,1066.0,0.6785,t/ha,PBS Crops Area and Production by Districts (all_crops_2015_2025)
Pakpattan,2023-24,mong,1219.0,1563.0,1.2822,t/ha,PBS Crops Area and Production by Districts (all_crops_2015_2025)
Pakpattan,2024-25,mong,425.0,308.0,0.7247,t/ha,PBS Crops Area and Production by Districts (all_crops_2015_2025)
Rahim Yar Khan,2017-18,mong,515.0,320.0,0.6214,t/ha,PBS Crops Area and Production by Districts (all_crops_2015_2025)
Rahim Yar Khan,2018-19,mong,340.0,212.0,0.6235,t/ha,PBS Crops Area and Production by Districts (all_crops_2015_2025)
Rahim Yar Khan,2019-20,mong,962.0,661.0,0.6871,t/ha,PBS Crops Area and Production by Districts (all_crops_2015_2025)
Rahim Yar Khan,2020-21,mong,1910.0,2304.0,1.2063,t/ha,PBS Crops Area and Production by Districts (all_crops_2015_2025)
Rahim Yar Khan,2021-22,mong,3016.0,2455.0,0.814,t/ha,PBS Crops Area and Production by Districts (all_crops_2015_2025)
Rahim Yar Khan,2022-23,mong,2097.0,1818.0,0.867,t/ha,PBS Crops Area and Production by Districts (all_crops_2015_2025)
Rahim Yar Khan,2023-24,mong,3065.0,3381.0,1.1031,t/ha,PBS Crops Area and Production by Districts (all_crops_2015_2025)
Rahim Yar Khan,2024-25,mong,1864.0,1559.0,0.8364,t/ha,PBS Crops Area and Production by Districts (all_crops_2015_2025)
Rajanpur,2017-18,mong,6664.0,4769.0,0.7156,t/ha,PBS Crops Area and Production by Districts (all_crops_2015_2025)
Rajanpur,2018-19,mong,6393.0,5297.0,0.8286,t/ha,PBS Crops Area and Production by Districts (all_crops_2015_2025)
Rajanpur,2019-20,mong,6106.0,2400.0,0.3931,t/ha,PBS Crops Area and Production by Districts (all_crops_2015_2025)
Rajanpur,2020-21,mong,11359.0,15816.0,1.3924,t/ha,PBS Crops Area and Production by Districts (all_crops_2015_2025)
Rajanpur,2021-22,mong,12914.0,16845.0,1.3044,t/ha,PBS Crops Area and Production by Districts (all_crops_2015_2025)
Rajanpur,2022-23,mong,6715.0,9683.0,1.442,t/ha,PBS Crops Area and Production by Districts (all_crops_2015_2025)
Rajanpur,2023-24,mong,10291.0,15024.0,1.4599,t/ha,PBS Crops Area and Production by Districts (all_crops_2015_2025)
Rajanpur,2024-25,mong,11544.0,17526.0,1.5182,t/ha,PBS Crops Area and Production by Districts (all_crops_2015_2025)
Rawalpindi,2017-18,mong,702.0,202.0,0.2877,t/ha,PBS Crops Area and Production by Districts (all_crops_2015_2025)
Rawalpindi,2018-19,mong,680.0,207.0,0.3044,t/ha,PBS Crops Area and Production by Districts (all_crops_2015_2025)
Rawalpindi,2019-20,mong,588.0,177.0,0.301,t/ha,PBS Crops Area and Production by Districts (all_crops_2015_2025)
Sahiwal,2017-18,mong,379.0,244.0,0.6438,t/ha,PBS Crops Area and Production by Districts (all_crops_2015_2025)
Sahiwal,2018-19,mong,316.0,204.0,0.6456,t/ha,PBS Crops Area and Production by Districts (all_crops_2015_2025)
Sahiwal,2019-20,mong,200.0,149.0,0.745,t/ha,PBS Crops Area and Production by Districts (all_crops_2015_2025)
Sahiwal,2020-21,mong,2634.0,2852.0,1.0828,t/ha,PBS Crops Area and Production by Districts (all_crops_2015_2025)
Sahiwal,2021-22,mong,4928.0,4614.0,0.9363,t/ha,PBS Crops Area and Production by Districts (all_crops_2015_2025)
Sahiwal,2022-23,mong,2400.0,1680.0,0.7,t/ha,PBS Crops Area and Production by Districts (all_crops_2015_2025)
Sahiwal,2023-24,mong,1484.0,1685.0,1.1354,t/ha,PBS Crops Area and Production by Districts (all_crops_2015_2025)
Sahiwal,2024-25,mong,1571.0,1631.0,1.0382,t/ha,PBS Crops Area and Production by Districts (all_crops_2015_2025)
Sargodha,2017-18,mong,1076.0,356.0,0.3309,t/ha,PBS Crops Area and Production by Districts (all_crops_2015_2025)
Sargodha,2018-19,mong,1006.0,391.0,0.3887,t/ha,PBS Crops Area and Production by Districts (all_crops_2015_2025)
Sargodha,2019-20,mong,837.0,336.0,0.4014,t/ha,PBS Crops Area and Production by Districts (all_crops_2015_2025)
Sargodha,2020-21,mong,462.0,278.0,0.6017,t/ha,PBS Crops Area and Production by Districts (all_crops_2015_2025)
Sargodha,2021-22,mong,174.0,98.0,0.5632,t/ha,PBS Crops Area and Production by Districts (all_crops_2015_2025)
Sargodha,2022-23,mong,63.0,32.0,0.5079,t/ha,PBS Crops Area and Production by Districts (all_crops_2015_2025)
Sargodha,2023-24,mong,163.0,126.0,0.773,t/ha,PBS Crops Area and Production by Districts (all_crops_2015_2025)
Sargodha,2024-25,mong,61.0,39.0,0.6393,t/ha,PBS Crops Area and Production by Districts (all_crops_2015_2025)
Sheikhupura,2020-21,mong,26.0,23.0,0.8846,t/ha,PBS Crops Area and Production by Districts (all_crops_2015_2025)
Sheikhupura,2021-22,mong,2.0,2.0,1.0,t/ha,PBS Crops Area and Production by Districts (all_crops_2015_2025)
Sheikhupura,2022-23,mong,3.0,2.0,0.6667,t/ha,PBS Crops Area and Production by Districts (all_crops_2015_2025)
Sialkot,2017-18,mong,10.0,3.0,0.3,t/ha,PBS Crops Area and Production by Districts (all_crops_2015_2025)
Sialkot,2018-19,mong,34.0,4.0,0.1176,t/ha,PBS Crops Area and Production by Districts (all_crops_2015_2025)
Sialkot,2019-20,mong,18.0,2.0,0.1111,t/ha,PBS Crops Area and Production by Districts (all_crops_2015_2025)
Sialkot,2020-21,mong,34.0,24.0,0.7059,t/ha,PBS Crops Area and Production by Districts (all_crops_2015_2025)
Toba Tek Singh,2017-18,mong,269.0,137.0,0.5093,t/ha,PBS Crops Area and Production by Districts (all_crops_2015_2025)
Toba Tek Singh,2018-19,mong,255.0,139.0,0.5451,t/ha,PBS Crops Area and Production by Districts (all_crops_2015_2025)
Toba Tek Singh,2019-20,mong,200.0,109.0,0.545,t/ha,PBS Crops Area and Production by Districts (all_crops_2015_2025)
Toba Tek Singh,2020-21,mong,915.0,794.0,0.8678,t/ha,PBS Crops Area and Production by Districts (all_crops_2015_2025)
Toba Tek Singh,2021-22,mong,1402.0,1442.0,1.0285,t/ha,PBS Crops Area and Production by Districts (all_crops_2015_2025)
Toba Tek Singh,2022-23,mong,1046.0,1228.0,1.174,t/ha,PBS Crops Area and Production by Districts (all_crops_2015_2025)
Toba Tek Singh,2023-24,mong,586.0,634.0,1.0819,t/ha,PBS Crops Area and Production by Districts (all_crops_2015_2025)
Toba Tek Singh,2024-25,mong,575.0,508.0,0.8835,t/ha,PBS Crops Area and Production by Districts (all_crops_2015_2025)
Vehari,2017-18,mong,336.0,225.0,0.6696,t/ha,PBS Crops Area and Production by Districts (all_crops_2015_2025)
Vehari,2018-19,mong,223.0,147.0,0.6592,t/ha,PBS Crops Area and Production by Districts (all_crops_2015_2025)
Vehari,2019-20,mong,185.0,63.0,0.3405,t/ha,PBS Crops Area and Production by Districts (all_crops_2015_2025)
Vehari,2020-21,mong,3670.0,3704.0,1.0093,t/ha,PBS Crops Area and Production by Districts (all_crops_2015_2025)
Vehari,2021-22,mong,4552.0,4108.0,0.9025,t/ha,PBS Crops Area and Production by Districts (all_crops_2015_2025)
Vehari,2022-23,mong,3951.0,2528.0,0.6398,t/ha,PBS Crops Area and Production by Districts (all_crops_2015_2025)
Vehari,2023-24,mong,1982.0,1782.0,0.8991,t/ha,PBS Crops Area and Production by Districts (all_crops_2015_2025)
Vehari,2024-25,mong,1730.0,1330.0,0.7688,t/ha,PBS Crops Area and Production by Districts (all_crops_2015_2025)
Attock,2018-19,onion,421.0,4160.0,9.8812,t/ha,PBS Crops Area and Production by Districts (all_crops_2015_2025)
Attock,2019-20,onion,306.0,2489.0,8.134,t/ha,PBS Crops Area and Production by Districts (all_crops_2015_2025)
Attock,2020-21,onion,517.0,13820.0,26.7311,t/ha,PBS Crops Area and Production by Districts (all_crops_2015_2025)
Attock,2021-22,onion,620.0,12701.0,20.4855,t/ha,PBS Crops Area and Production by Districts (all_crops_2015_2025)
Attock,2022-23,onion,1449.0,35442.0,24.4596,t/ha,PBS Crops Area and Production by Districts (all_crops_2015_2025)
Attock,2023-24,onion,1562.0,41456.0,26.5403,t/ha,PBS Crops Area and Production by Districts (all_crops_2015_2025)
Attock,2024-25,onion,1975.0,72495.0,36.7063,t/ha,PBS Crops Area and Production by Districts (all_crops_2015_2025)
Bahawalnagar,2018-19,onion,2225.0,25991.0,11.6813,t/ha,PBS Crops Area and Production by Districts (all_crops_2015_2025)
Bahawalnagar,2019-20,onion,1930.0,23906.0,12.3865,t/ha,PBS Crops Area and Production by Districts (all_crops_2015_2025)
Bahawalnagar,2020-21,onion,1772.0,19623.0,11.0739,t/ha,PBS Crops Area and Production by Districts (all_crops_2015_2025)
Bahawalnagar,2021-22,onion,1134.0,11632.0,10.2575,t/ha,PBS Crops Area and Production by Districts (all_crops_2015_2025)
Bahawalnagar,2022-23,onion,1552.0,18773.0,12.096,t/ha,PBS Crops Area and Production by Districts (all_crops_2015_2025)
Bahawalnagar,2023-24,onion,1242.0,11390.0,9.1707,t/ha,PBS Crops Area and Production by Districts (all_crops_2015_2025)
Bahawalnagar,2024-25,onion,1625.0,19786.0,12.176,t/ha,PBS Crops Area and Production by Districts (all_crops_2015_2025)
Bahawalpur,2018-19,onion,3278.0,27455.0,8.3755,t/ha,PBS Crops Area and Production by Districts (all_crops_2015_2025)
Bahawalpur,2019-20,onion,4451.0,33549.0,7.5374,t/ha,PBS Crops Area and Production by Districts (all_crops_2015_2025)
Bahawalpur,2020-21,onion,3469.0,47122.0,13.5837,t/ha,PBS Crops Area and Production by Districts (all_crops_2015_2025)
Bahawalpur,2021-22,onion,2003.0,18303.0,9.1378,t/ha,PBS Crops Area and Production by Districts (all_crops_2015_2025)
Bahawalpur,2022-23,onion,1662.0,18915.0,11.3809,t/ha,PBS Crops Area and Production by Districts (all_crops_2015_2025)
Bahawalpur,2023-24,onion,1465.0,17028.0,11.6232,t/ha,PBS Crops Area and Production by Districts (all_crops_2015_2025)
Bahawalpur,2024-25,onion,2756.0,36390.0,13.2039,t/ha,PBS Crops Area and Production by Districts (all_crops_2015_2025)
Bhakkar,2018-19,onion,1983.0,23094.0,11.646,t/ha,PBS Crops Area and Production by Districts (all_crops_2015_2025)
Bhakkar,2019-20,onion,1369.0,10762.0,7.8612,t/ha,PBS Crops Area and Production by Districts (all_crops_2015_2025)
Bhakkar,2020-21,onion,2428.0,25342.0,10.4374,t/ha,PBS Crops Area and Production by Districts (all_crops_2015_2025)
Bhakkar,2021-22,onion,1323.0,15165.0,11.4626,t/ha,PBS Crops Area and Production by Districts (all_crops_2015_2025)
Bhakkar,2022-23,onion,2473.0,23614.0,9.5487,t/ha,PBS Crops Area and Production by Districts (all_crops_2015_2025)
Bhakkar,2023-24,onion,1137.0,12411.0,10.9156,t/ha,PBS Crops Area and Production by Districts (all_crops_2015_2025)
Bhakkar,2024-25,onion,3448.0,38647.0,11.2085,t/ha,PBS Crops Area and Production by Districts (all_crops_2015_2025)
Chakwal,2018-19,onion,152.0,1285.0,8.4539,t/ha,PBS Crops Area and Production by Districts (all_crops_2015_2025)
Chakwal,2019-20,onion,405.0,7351.0,18.1506,t/ha,PBS Crops Area and Production by Districts (all_crops_2015_2025)
Chakwal,2020-21,onion,148.0,3653.0,24.6824,t/ha,PBS Crops Area and Production by Districts (all_crops_2015_2025)
Chakwal,2021-22,onion,286.0,6778.0,23.6993,t/ha,PBS Crops Area and Production by Districts (all_crops_2015_2025)
Chakwal,2022-23,onion,522.0,11708.0,22.4291,t/ha,PBS Crops Area and Production by Districts (all_crops_2015_2025)
Chakwal,2023-24,onion,647.0,13486.0,20.8439,t/ha,PBS Crops Area and Production by Districts (all_crops_2015_2025)
Chakwal,2024-25,onion,809.0,17430.0,21.5451,t/ha,PBS Crops Area and Production by Districts (all_crops_2015_2025)
Chiniot,2018-19,onion,775.0,5966.0,7.6981,t/ha,PBS Crops Area and Production by Districts (all_crops_2015_2025)
Chiniot,2019-20,onion,142.0,1110.0,7.8169,t/ha,PBS Crops Area and Production by Districts (all_crops_2015_2025)
Chiniot,2020-21,onion,18.0,136.0,7.5556,t/ha,PBS Crops Area and Production by Districts (all_crops_2015_2025)
Chiniot,2021-22,onion,14.0,198.0,14.1429,t/ha,PBS Crops Area and Production by Districts (all_crops_2015_2025)
Chiniot,2022-23,onion,20.0,241.0,12.05,t/ha,PBS Crops Area and Production by Districts (all_crops_2015_2025)
Chiniot,2023-24,onion,8.0,98.0,12.25,t/ha,PBS Crops Area and Production by Districts (all_crops_2015_2025)
Chiniot,2024-25,onion,10.0,131.0,13.1,t/ha,PBS Crops Area and Production by Districts (all_crops_2015_2025)
Dera Ghazi Khan,2018-19,onion,931.0,7999.0,8.5918,t/ha,PBS Crops Area and Production by Districts (all_crops_2015_2025)
Dera Ghazi Khan,2019-20,onion,404.0,3399.0,8.4134,t/ha,PBS Crops Area and Production by Districts (all_crops_2015_2025)
Dera Ghazi Khan,2020-21,onion,145.0,3042.0,20.9793,t/ha,PBS Crops Area and Production by Districts (all_crops_2015_2025)
Dera Ghazi Khan,2021-22,onion,141.0,2967.0,21.0426,t/ha,PBS Crops Area and Production by Districts (all_crops_2015_2025)
Dera Ghazi Khan,2022-23,onion,166.0,2009.0,12.1024,t/ha,PBS Crops Area and Production by Districts (all_crops_2015_2025)
Dera Ghazi Khan,2023-24,onion,43.0,520.0,12.093,t/ha,PBS Crops Area and Production by Districts (all_crops_2015_2025)
Dera Ghazi Khan,2024-25,onion,101.0,1146.0,11.3465,t/ha,PBS Crops Area and Production by Districts (all_crops_2015_2025)
Faisalabad,2018-19,onion,810.0,3837.0,4.737,t/ha,PBS Crops Area and Production by Districts (all_crops_2015_2025)
Faisalabad,2019-20,onion,1134.0,5447.0,4.8034,t/ha,PBS Crops Area and Production by Districts (all_crops_2015_2025)
Faisalabad,2020-21,onion,656.0,4008.0,6.1098,t/ha,PBS Crops Area and Production by Districts (all_crops_2015_2025)
Faisalabad,2021-22,onion,585.0,4208.0,7.1932,t/ha,PBS Crops Area and Production by Districts (all_crops_2015_2025)
Faisalabad,2022-23,onion,530.0,5281.0,9.9642,t/ha,PBS Crops Area and Production by Districts (all_crops_2015_2025)
Faisalabad,2023-24,onion,326.0,2934.0,9.0,t/ha,PBS Crops Area and Production by Districts (all_crops_2015_2025)
Faisalabad,2024-25,onion,594.0,9059.0,15.2508,t/ha,PBS Crops Area and Production by Districts (all_crops_2015_2025)
Gujranwala,2018-19,onion,1080.0,12547.0,11.6176,t/ha,PBS Crops Area and Production by Districts (all_crops_2015_2025)
Gujranwala,2019-20,onion,1849.0,31041.0,16.788,t/ha,PBS Crops Area and Production by Districts (all_crops_2015_2025)
Gujranwala,2020-21,onion,1110.0,30286.0,27.2847,t/ha,PBS Crops Area and Production by Districts (all_crops_2015_2025)
Gujranwala,2021-22,onion,966.0,20450.0,21.1698,t/ha,PBS Crops Area and Production by Districts (all_crops_2015_2025)
Gujranwala,2022-23,onion,1287.0,29195.0,22.6845,t/ha,PBS Crops Area and Production by Districts (all_crops_2015_2025)
Gujranwala,2023-24,onion,674.0,15805.0,23.4496,t/ha,PBS Crops Area and Production by Districts (all_crops_2015_2025)
Gujranwala,2024-25,onion,959.0,22382.0,23.3389,t/ha,PBS Crops Area and Production by Districts (all_crops_2015_2025)
Gujrat,2018-19,onion,50.0,422.0,8.44,t/ha,PBS Crops Area and Production by Districts (all_crops_2015_2025)
Gujrat,2019-20,onion,37.0,312.0,8.4324,t/ha,PBS Crops Area and Production by Districts (all_crops_2015_2025)
Gujrat,2020-21,onion,9.0,109.0,12.1111,t/ha,PBS Crops Area and Production by Districts (all_crops_2015_2025)
Gujrat,2021-22,onion,17.0,177.0,10.4118,t/ha,PBS Crops Area and Production by Districts (all_crops_2015_2025)
Gujrat,2022-23,onion,69.0,579.0,8.3913,t/ha,PBS Crops Area and Production by Districts (all_crops_2015_2025)
Gujrat,2023-24,onion,73.0,542.0,7.4247,t/ha,PBS Crops Area and Production by Districts (all_crops_2015_2025)
Gujrat,2024-25,onion,75.0,586.0,7.8133,t/ha,PBS Crops Area and Production by Districts (all_crops_2015_2025)
Hafizabad,2018-19,onion,77.0,732.0,9.5065,t/ha,PBS Crops Area and Production by Districts (all_crops_2015_2025)
Hafizabad,2019-20,onion,158.0,1507.0,9.538,t/ha,PBS Crops Area and Production by Districts (all_crops_2015_2025)
Hafizabad,2020-21,onion,162.0,2859.0,17.6481,t/ha,PBS Crops Area and Production by Districts (all_crops_2015_2025)
Hafizabad,2021-22,onion,150.0,1753.0,11.6867,t/ha,PBS Crops Area and Production by Districts (all_crops_2015_2025)
Hafizabad,2022-23,onion,125.0,881.0,7.048,t/ha,PBS Crops Area and Production by Districts (all_crops_2015_2025)
Hafizabad,2023-24,onion,43.0,363.0,8.4419,t/ha,PBS Crops Area and Production by Districts (all_crops_2015_2025)
Hafizabad,2024-25,onion,61.0,600.0,9.8361,t/ha,PBS Crops Area and Production by Districts (all_crops_2015_2025)
Jhang,2018-19,onion,720.0,6578.0,9.1361,t/ha,PBS Crops Area and Production by Districts (all_crops_2015_2025)
Jhang,2019-20,onion,644.0,4552.0,7.0683,t/ha,PBS Crops Area and Production by Districts (all_crops_2015_2025)
Jhang,2020-21,onion,510.0,5428.0,10.6431,t/ha,PBS Crops Area and Production by Districts (all_crops_2015_2025)
Jhang,2021-22,onion,182.0,2516.0,13.8242,t/ha,PBS Crops Area and Production by Districts (all_crops_2015_2025)
Jhang,2022-23,onion,645.0,6162.0,9.5535,t/ha,PBS Crops Area and Production by Districts (all_crops_2015_2025)
Jhang,2023-24,onion,492.0,5311.0,10.7947,t/ha,PBS Crops Area and Production by Districts (all_crops_2015_2025)
Jhang,2024-25,onion,592.0,6093.0,10.2922,t/ha,PBS Crops Area and Production by Districts (all_crops_2015_2025)
Jhelum,2018-19,onion,50.0,491.0,9.82,t/ha,PBS Crops Area and Production by Districts (all_crops_2015_2025)
Jhelum,2019-20,onion,56.0,592.0,10.5714,t/ha,PBS Crops Area and Production by Districts (all_crops_2015_2025)
Jhelum,2020-21,onion,6.0,57.0,9.5,t/ha,PBS Crops Area and Production by Districts (all_crops_2015_2025)
Jhelum,2021-22,onion,18.0,237.0,13.1667,t/ha,PBS Crops Area and Production by Districts (all_crops_2015_2025)
Jhelum,2022-23,onion,79.0,1174.0,14.8608,t/ha,PBS Crops Area and Production by Districts (all_crops_2015_2025)
Jhelum,2023-24,onion,93.0,1691.0,18.1828,t/ha,PBS Crops Area and Production by Districts (all_crops_2015_2025)
Jhelum,2024-25,onion,81.0,1380.0,17.037,t/ha,PBS Crops Area and Production by Districts (all_crops_2015_2025)
Kasur,2018-19,onion,1153.0,8397.0,7.2827,t/ha,PBS Crops Area and Production by Districts (all_crops_2015_2025)
Kasur,2019-20,onion,701.0,3955.0,5.6419,t/ha,PBS Crops Area and Production by Districts (all_crops_2015_2025)
Kasur,2020-21,onion,612.0,5394.0,8.8137,t/ha,PBS Crops Area and Production by Districts (all_crops_2015_2025)
Kasur,2021-22,onion,397.0,2912.0,7.335,t/ha,PBS Crops Area and Production by Districts (all_crops_2015_2025)
Kasur,2022-23,onion,344.0,2618.0,7.6105,t/ha,PBS Crops Area and Production by Districts (all_crops_2015_2025)
Kasur,2023-24,onion,259.0,2020.0,7.7992,t/ha,PBS Crops Area and Production by Districts (all_crops_2015_2025)
Kasur,2024-25,onion,267.0,2950.0,11.0487,t/ha,PBS Crops Area and Production by Districts (all_crops_2015_2025)
Khanewal,2018-19,onion,6273.0,51368.0,8.1887,t/ha,PBS Crops Area and Production by Districts (all_crops_2015_2025)
Khanewal,2019-20,onion,1610.0,13955.0,8.6677,t/ha,PBS Crops Area and Production by Districts (all_crops_2015_2025)
Khanewal,2020-21,onion,1237.0,11733.0,9.485,t/ha,PBS Crops Area and Production by Districts (all_crops_2015_2025)
Khanewal,2021-22,onion,854.0,5806.0,6.7986,t/ha,PBS Crops Area and Production by Districts (all_crops_2015_2025)
Khanewal,2022-23,onion,1231.0,12051.0,9.7896,t/ha,PBS Crops Area and Production by Districts (all_crops_2015_2025)
Khanewal,2023-24,onion,853.0,8216.0,9.6319,t/ha,PBS Crops Area and Production by Districts (all_crops_2015_2025)
Khanewal,2024-25,onion,1354.0,14910.0,11.0118,t/ha,PBS Crops Area and Production by Districts (all_crops_2015_2025)
Khushab,2018-19,onion,425.0,4546.0,10.6965,t/ha,PBS Crops Area and Production by Districts (all_crops_2015_2025)
Khushab,2019-20,onion,4.0,40.0,10.0,t/ha,PBS Crops Area and Production by Districts (all_crops_2015_2025)
Khushab,2020-21,onion,440.0,6902.0,15.6864,t/ha,PBS Crops Area and Production by Districts (all_crops_2015_2025)
Khushab,2021-22,onion,449.0,8572.0,19.0913,t/ha,PBS Crops Area and Production by Districts (all_crops_2015_2025)
Khushab,2022-23,onion,652.0,13256.0,20.3313,t/ha,PBS Crops Area and Production by Districts (all_crops_2015_2025)
Khushab,2023-24,onion,461.0,10053.0,21.8069,t/ha,PBS Crops Area and Production by Districts (all_crops_2015_2025)
Khushab,2024-25,onion,465.0,9850.0,21.1828,t/ha,PBS Crops Area and Production by Districts (all_crops_2015_2025)
Lahore,2018-19,onion,49.0,316.0,6.449,t/ha,PBS Crops Area and Production by Districts (all_crops_2015_2025)
Lahore,2019-20,onion,35.0,235.0,6.7143,t/ha,PBS Crops Area and Production by Districts (all_crops_2015_2025)
Lahore,2020-21,onion,25.0,179.0,7.16,t/ha,PBS Crops Area and Production by Districts (all_crops_2015_2025)
Lahore,2021-22,onion,10.0,61.0,6.1,t/ha,PBS Crops Area and Production by Districts (all_crops_2015_2025)
Lahore,2022-23,onion,83.0,582.0,7.012,t/ha,PBS Crops Area and Production by Districts (all_crops_2015_2025)
Lahore,2023-24,onion,50.0,622.0,12.44,t/ha,PBS Crops Area and Production by Districts (all_crops_2015_2025)
Lahore,2024-25,onion,87.0,1315.0,15.1149,t/ha,PBS Crops Area and Production by Districts (all_crops_2015_2025)
Layyah,2018-19,onion,354.0,2057.0,5.8107,t/ha,PBS Crops Area and Production by Districts (all_crops_2015_2025)
Layyah,2019-20,onion,580.0,7056.0,12.1655,t/ha,PBS Crops Area and Production by Districts (all_crops_2015_2025)
Layyah,2020-21,onion,39.0,584.0,14.9744,t/ha,PBS Crops Area and Production by Districts (all_crops_2015_2025)
Layyah,2021-22,onion,23.0,309.0,13.4348,t/ha,PBS Crops Area and Production by Districts (all_crops_2015_2025)
Layyah,2022-23,onion,94.0,1374.0,14.617,t/ha,PBS Crops Area and Production by Districts (all_crops_2015_2025)
Layyah,2023-24,onion,64.0,905.0,14.1406,t/ha,PBS Crops Area and Production by Districts (all_crops_2015_2025)
Layyah,2024-25,onion,263.0,3902.0,14.8365,t/ha,PBS Crops Area and Production by Districts (all_crops_2015_2025)
Lodhran,2018-19,onion,2630.0,26837.0,10.2042,t/ha,PBS Crops Area and Production by Districts (all_crops_2015_2025)
Lodhran,2019-20,onion,5621.0,70881.0,12.61,t/ha,PBS Crops Area and Production by Districts (all_crops_2015_2025)
Lodhran,2020-21,onion,6070.0,66036.0,10.8791,t/ha,PBS Crops Area and Production by Districts (all_crops_2015_2025)
Lodhran,2021-22,onion,3227.0,28385.0,8.7961,t/ha,PBS Crops Area and Production by Districts (all_crops_2015_2025)
Lodhran,2022-23,onion,4969.0,56640.0,11.3987,t/ha,PBS Crops Area and Production by Districts (all_crops_2015_2025)
Lodhran,2023-24,onion,5236.0,78546.0,15.0011,t/ha,PBS Crops Area and Production by Districts (all_crops_2015_2025)
Lodhran,2024-25,onion,4468.0,86183.0,19.2889,t/ha,PBS Crops Area and Production by Districts (all_crops_2015_2025)
Mandi Bahauddin,2018-19,onion,48.0,439.0,9.1458,t/ha,PBS Crops Area and Production by Districts (all_crops_2015_2025)
Mandi Bahauddin,2019-20,onion,73.0,732.0,10.0274,t/ha,PBS Crops Area and Production by Districts (all_crops_2015_2025)
Mandi Bahauddin,2020-21,onion,47.0,595.0,12.6596,t/ha,PBS Crops Area and Production by Districts (all_crops_2015_2025)
Mandi Bahauddin,2021-22,onion,34.0,317.0,9.3235,t/ha,PBS Crops Area and Production by Districts (all_crops_2015_2025)
Mandi Bahauddin,2022-23,onion,93.0,1528.0,16.4301,t/ha,PBS Crops Area and Production by Districts (all_crops_2015_2025)
Mandi Bahauddin,2023-24,onion,81.0,1310.0,16.1728,t/ha,PBS Crops Area and Production by Districts (all_crops_2015_2025)
Mandi Bahauddin,2024-25,onion,105.0,2463.0,23.4571,t/ha,PBS Crops Area and Production by Districts (all_crops_2015_2025)
Mianwali,2018-19,onion,852.0,7482.0,8.7817,t/ha,PBS Crops Area and Production by Districts (all_crops_2015_2025)
Mianwali,2019-20,onion,159.0,1543.0,9.7044,t/ha,PBS Crops Area and Production by Districts (all_crops_2015_2025)
Mianwali,2020-21,onion,166.0,1585.0,9.5482,t/ha,PBS Crops Area and Production by Districts (all_crops_2015_2025)
Mianwali,2021-22,onion,109.0,1242.0,11.3945,t/ha,PBS Crops Area and Production by Districts (all_crops_2015_2025)
Mianwali,2022-23,onion,185.0,2496.0,13.4919,t/ha,PBS Crops Area and Production by Districts (all_crops_2015_2025)
Mianwali,2023-24,onion,103.0,957.0,9.2913,t/ha,PBS Crops Area and Production by Districts (all_crops_2015_2025)
Mianwali,2024-25,onion,206.0,3135.0,15.2184,t/ha,PBS Crops Area and Production by Districts (all_crops_2015_2025)
Multan,2018-19,onion,2428.0,28394.0,11.6944,t/ha,PBS Crops Area and Production by Districts (all_crops_2015_2025)
Multan,2019-20,onion,4613.0,53145.0,11.5207,t/ha,PBS Crops Area and Production by Districts (all_crops_2015_2025)
Multan,2020-21,onion,4825.0,66335.0,13.7482,t/ha,PBS Crops Area and Production by Districts (all_crops_2015_2025)
Multan,2021-22,onion,3403.0,42215.0,12.4052,t/ha,PBS Crops Area and Production by Districts (all_crops_2015_2025)
Multan,2022-23,onion,2991.0,49507.0,16.552,t/ha,PBS Crops Area and Production by Districts (all_crops_2015_2025)
Multan,2023-24,onion,3254.0,81208.0,24.9564,t/ha,PBS Crops Area and Production by Districts (all_crops_2015_2025)
Multan,2024-25,onion,5235.0,132258.0,25.2642,t/ha,PBS Crops Area and Production by Districts (all_crops_2015_2025)
Muzaffargarh,2018-19,onion,708.0,8018.0,11.3249,t/ha,PBS Crops Area and Production by Districts (all_crops_2015_2025)
Muzaffargarh,2019-20,onion,2855.0,29729.0,10.413,t/ha,PBS Crops Area and Production by Districts (all_crops_2015_2025)
Muzaffargarh,2020-21,onion,2680.0,44141.0,16.4705,t/ha,PBS Crops Area and Production by Districts (all_crops_2015_2025)
Muzaffargarh,2021-22,onion,1831.0,22164.0,12.1049,t/ha,PBS Crops Area and Production by Districts (all_crops_2015_2025)
Muzaffargarh,2022-23,onion,1517.0,21424.0,14.1226,t/ha,PBS Crops Area and Production by Districts (all_crops_2015_2025)
Muzaffargarh,2023-24,onion,1149.0,17458.0,15.1941,t/ha,PBS Crops Area and Production by Districts (all_crops_2015_2025)
Muzaffargarh,2024-25,onion,2177.0,31939.0,14.6711,t/ha,PBS Crops Area and Production by Districts (all_crops_2015_2025)
Nankana Sahib,2018-19,onion,445.0,2577.0,5.791,t/ha,PBS Crops Area and Production by Districts (all_crops_2015_2025)
Nankana Sahib,2019-20,onion,553.0,5119.0,9.2568,t/ha,PBS Crops Area and Production by Districts (all_crops_2015_2025)
Nankana Sahib,2020-21,onion,459.0,6253.0,13.6231,t/ha,PBS Crops Area and Production by Districts (all_crops_2015_2025)
Nankana Sahib,2021-22,onion,346.0,3788.0,10.948,t/ha,PBS Crops Area and Production by Districts (all_crops_2015_2025)
Nankana Sahib,2022-23,onion,262.0,2244.0,8.5649,t/ha,PBS Crops Area and Production by Districts (all_crops_2015_2025)
Nankana Sahib,2023-24,onion,174.0,1412.0,8.1149,t/ha,PBS Crops Area and Production by Districts (all_crops_2015_2025)
Nankana Sahib,2024-25,onion,362.0,3128.0,8.6409,t/ha,PBS Crops Area and Production by Districts (all_crops_2015_2025)
Narowal,2018-19,onion,93.0,687.0,7.3871,t/ha,PBS Crops Area and Production by Districts (all_crops_2015_2025)
Narowal,2019-20,onion,42.0,310.0,7.381,t/ha,PBS Crops Area and Production by Districts (all_crops_2015_2025)
Narowal,2020-21,onion,25.0,303.0,12.12,t/ha,PBS Crops Area and Production by Districts (all_crops_2015_2025)
Narowal,2021-22,onion,22.0,283.0,12.8636,t/ha,PBS Crops Area and Production by Districts (all_crops_2015_2025)
Narowal,2022-23,onion,56.0,802.0,14.3214,t/ha,PBS Crops Area and Production by Districts (all_crops_2015_2025)
Narowal,2023-24,onion,39.0,591.0,15.1538,t/ha,PBS Crops Area and Production by Districts (all_crops_2015_2025)
Narowal,2024-25,onion,61.0,870.0,14.2623,t/ha,PBS Crops Area and Production by Districts (all_crops_2015_2025)
Okara,2018-19,onion,2226.0,16246.0,7.2983,t/ha,PBS Crops Area and Production by Districts (all_crops_2015_2025)
Okara,2019-20,onion,1141.0,7175.0,6.2883,t/ha,PBS Crops Area and Production by Districts (all_crops_2015_2025)
Okara,2020-21,onion,1055.0,16340.0,15.4882,t/ha,PBS Crops Area and Production by Districts (all_crops_2015_2025)
Okara,2021-22,onion,852.0,8863.0,10.4026,t/ha,PBS Crops Area and Production by Districts (all_crops_2015_2025)
Okara,2022-23,onion,1028.0,12583.0,12.2403,t/ha,PBS Crops Area and Production by Districts (all_crops_2015_2025)
Okara,2023-24,onion,635.0,7410.0,11.6693,t/ha,PBS Crops Area and Production by Districts (all_crops_2015_2025)
Okara,2024-25,onion,1026.0,7199.0,7.0166,t/ha,PBS Crops Area and Production by Districts (all_crops_2015_2025)
Pakpattan,2018-19,onion,619.0,6801.0,10.9871,t/ha,PBS Crops Area and Production by Districts (all_crops_2015_2025)
Pakpattan,2019-20,onion,1088.0,11766.0,10.8143,t/ha,PBS Crops Area and Production by Districts (all_crops_2015_2025)
Pakpattan,2020-21,onion,783.0,8060.0,10.2937,t/ha,PBS Crops Area and Production by Districts (all_crops_2015_2025)
Pakpattan,2021-22,onion,376.0,2995.0,7.9654,t/ha,PBS Crops Area and Production by Districts (all_crops_2015_2025)
Pakpattan,2022-23,onion,512.0,4475.0,8.7402,t/ha,PBS Crops Area and Production by Districts (all_crops_2015_2025)
Pakpattan,2023-24,onion,247.0,2125.0,8.6032,t/ha,PBS Crops Area and Production by Districts (all_crops_2015_2025)
Pakpattan,2024-25,onion,781.0,10707.0,13.7093,t/ha,PBS Crops Area and Production by Districts (all_crops_2015_2025)
Rahim Yar Khan,2018-19,onion,3096.0,26512.0,8.5633,t/ha,PBS Crops Area and Production by Districts (all_crops_2015_2025)
Rahim Yar Khan,2019-20,onion,2253.0,27254.0,12.0968,t/ha,PBS Crops Area and Production by Districts (all_crops_2015_2025)
Rahim Yar Khan,2020-21,onion,4312.0,77705.0,18.0206,t/ha,PBS Crops Area and Production by Districts (all_crops_2015_2025)
Rahim Yar Khan,2021-22,onion,1821.0,25218.0,13.8484,t/ha,PBS Crops Area and Production by Districts (all_crops_2015_2025)
Rahim Yar Khan,2022-23,onion,3068.0,51405.0,16.7552,t/ha,PBS Crops Area and Production by Districts (all_crops_2015_2025)
Rahim Yar Khan,2023-24,onion,2989.0,47211.0,15.7949,t/ha,PBS Crops Area and Production by Districts (all_crops_2015_2025)
Rahim Yar Khan,2024-25,onion,6111.0,104969.0,17.1771,t/ha,PBS Crops Area and Production by Districts (all_crops_2015_2025)
Rajanpur,2018-19,onion,3642.0,63425.0,17.4149,t/ha,PBS Crops Area and Production by Districts (all_crops_2015_2025)
Rajanpur,2019-20,onion,2790.0,38304.0,13.729,t/ha,PBS Crops Area and Production by Districts (all_crops_2015_2025)
Rajanpur,2020-21,onion,3040.0,55437.0,18.2359,t/ha,PBS Crops Area and Production by Districts (all_crops_2015_2025)
Rajanpur,2021-22,onion,2547.0,45634.0,17.9168,t/ha,PBS Crops Area and Production by Districts (all_crops_2015_2025)
Rajanpur,2022-23,onion,1712.0,23246.0,13.5783,t/ha,PBS Crops Area and Production by Districts (all_crops_2015_2025)
Rajanpur,2023-24,onion,1833.0,37106.0,20.2433,t/ha,PBS Crops Area and Production by Districts (all_crops_2015_2025)
Rajanpur,2024-25,onion,3450.0,70563.0,20.453,t/ha,PBS Crops Area and Production by Districts (all_crops_2015_2025)
Rawalpindi,2018-19,onion,194.0,2062.0,10.6289,t/ha,PBS Crops Area and Production by Districts (all_crops_2015_2025)
Rawalpindi,2019-20,onion,56.0,601.0,10.7321,t/ha,PBS Crops Area and Production by Districts (all_crops_2015_2025)
Rawalpindi,2021-22,onion,14.0,143.0,10.2143,t/ha,PBS Crops Area and Production by Districts (all_crops_2015_2025)
Rawalpindi,2022-23,onion,31.0,638.0,20.5806,t/ha,PBS Crops Area and Production by Districts (all_crops_2015_2025)
Rawalpindi,2023-24,onion,35.0,721.0,20.6,t/ha,PBS Crops Area and Production by Districts (all_crops_2015_2025)
Rawalpindi,2024-25,onion,39.0,811.0,20.7949,t/ha,PBS Crops Area and Production by Districts (all_crops_2015_2025)
Sahiwal,2018-19,onion,1230.0,5892.0,4.7902,t/ha,PBS Crops Area and Production by Districts (all_crops_2015_2025)
Sahiwal,2019-20,onion,376.0,6463.0,17.1888,t/ha,PBS Crops Area and Production by Districts (all_crops_2015_2025)
Sahiwal,2020-21,onion,607.0,4227.0,6.9638,t/ha,PBS Crops Area and Production by Districts (all_crops_2015_2025)
Sahiwal,2021-22,onion,223.0,1166.0,5.2287,t/ha,PBS Crops Area and Production by Districts (all_crops_2015_2025)
Sahiwal,2022-23,onion,105.0,737.0,7.019,t/ha,PBS Crops Area and Production by Districts (all_crops_2015_2025)
Sahiwal,2023-24,onion,219.0,1270.0,5.7991,t/ha,PBS Crops Area and Production by Districts (all_crops_2015_2025)
Sahiwal,2024-25,onion,498.0,5206.0,10.4538,t/ha,PBS Crops Area and Production by Districts (all_crops_2015_2025)
Sargodha,2018-19,onion,357.0,3316.0,9.2885,t/ha,PBS Crops Area and Production by Districts (all_crops_2015_2025)
Sargodha,2019-20,onion,57.0,540.0,9.4737,t/ha,PBS Crops Area and Production by Districts (all_crops_2015_2025)
Sargodha,2020-21,onion,61.0,371.0,6.082,t/ha,PBS Crops Area and Production by Districts (all_crops_2015_2025)
Sargodha,2021-22,onion,55.0,299.0,5.4364,t/ha,PBS Crops Area and Production by Districts (all_crops_2015_2025)
Sargodha,2022-23,onion,27.0,440.0,16.2963,t/ha,PBS Crops Area and Production by Districts (all_crops_2015_2025)
Sargodha,2023-24,onion,19.0,139.0,7.3158,t/ha,PBS Crops Area and Production by Districts (all_crops_2015_2025)
Sargodha,2024-25,onion,35.0,421.0,12.0286,t/ha,PBS Crops Area and Production by Districts (all_crops_2015_2025)
Sheikhupura,2018-19,onion,1390.0,9502.0,6.836,t/ha,PBS Crops Area and Production by Districts (all_crops_2015_2025)
Sheikhupura,2019-20,onion,633.0,4786.0,7.5608,t/ha,PBS Crops Area and Production by Districts (all_crops_2015_2025)
Sheikhupura,2020-21,onion,422.0,7009.0,16.609,t/ha,PBS Crops Area and Production by Districts (all_crops_2015_2025)
Sheikhupura,2021-22,onion,289.0,4409.0,15.2561,t/ha,PBS Crops Area and Production by Districts (all_crops_2015_2025)
Sheikhupura,2022-23,onion,233.0,3109.0,13.3433,t/ha,PBS Crops Area and Production by Districts (all_crops_2015_2025)
Sheikhupura,2023-24,onion,110.0,2727.0,24.7909,t/ha,PBS Crops Area and Production by Districts (all_crops_2015_2025)
Sheikhupura,2024-25,onion,526.0,13212.0,25.1179,t/ha,PBS Crops Area and Production by Districts (all_crops_2015_2025)
Sialkot,2018-19,onion,116.0,1055.0,9.0948,t/ha,PBS Crops Area and Production by Districts (all_crops_2015_2025)
Sialkot,2019-20,onion,252.0,2859.0,11.3452,t/ha,PBS Crops Area and Production by Districts (all_crops_2015_2025)
Sialkot,2020-21,onion,393.0,10103.0,25.7074,t/ha,PBS Crops Area and Production by Districts (all_crops_2015_2025)
Sialkot,2021-22,onion,209.0,4054.0,19.3971,t/ha,PBS Crops Area and Production by Districts (all_crops_2015_2025)
Sialkot,2022-23,onion,523.0,13286.0,25.4034,t/ha,PBS Crops Area and Production by Districts (all_crops_2015_2025)
Sialkot,2023-24,onion,113.0,2271.0,20.0973,t/ha,PBS Crops Area and Production by Districts (all_crops_2015_2025)
Sialkot,2024-25,onion,668.0,18810.0,28.1587,t/ha,PBS Crops Area and Production by Districts (all_crops_2015_2025)
Toba Tek Singh,2018-19,onion,1146.0,5076.0,4.4293,t/ha,PBS Crops Area and Production by Districts (all_crops_2015_2025)
Toba Tek Singh,2019-20,onion,556.0,4404.0,7.9209,t/ha,PBS Crops Area and Production by Districts (all_crops_2015_2025)
Toba Tek Singh,2020-21,onion,667.0,5081.0,7.6177,t/ha,PBS Crops Area and Production by Districts (all_crops_2015_2025)
Toba Tek Singh,2021-22,onion,328.0,2538.0,7.7378,t/ha,PBS Crops Area and Production by Districts (all_crops_2015_2025)
Toba Tek Singh,2022-23,onion,503.0,5613.0,11.159,t/ha,PBS Crops Area and Production by Districts (all_crops_2015_2025)
Toba Tek Singh,2023-24,onion,286.0,3377.0,11.8077,t/ha,PBS Crops Area and Production by Districts (all_crops_2015_2025)
Toba Tek Singh,2024-25,onion,416.0,4751.0,11.4207,t/ha,PBS Crops Area and Production by Districts (all_crops_2015_2025)
Vehari,2018-19,onion,3440.0,23826.0,6.9262,t/ha,PBS Crops Area and Production by Districts (all_crops_2015_2025)
Vehari,2019-20,onion,3338.0,19533.0,5.8517,t/ha,PBS Crops Area and Production by Districts (all_crops_2015_2025)
Vehari,2020-21,onion,2767.0,37705.0,13.6267,t/ha,PBS Crops Area and Production by Districts (all_crops_2015_2025)
Vehari,2021-22,onion,2539.0,24199.0,9.5309,t/ha,PBS Crops Area and Production by Districts (all_crops_2015_2025)
Vehari,2022-23,onion,2932.0,28186.0,9.6132,t/ha,PBS Crops Area and Production by Districts (all_crops_2015_2025)
Vehari,2023-24,onion,3224.0,43931.0,13.6262,t/ha,PBS Crops Area and Production by Districts (all_crops_2015_2025)
Vehari,2024-25,onion,10206.0,158330.99,15.5135,t/ha,PBS Crops Area and Production by Districts (all_crops_2015_2025)
Attock,2017-18,potato,838.0,12634.0,15.0764,t/ha,PBS Crops Area and Production by Districts (all_crops_2015_2025)
Attock,2018-19,potato,901.0,14011.0,15.5505,t/ha,PBS Crops Area and Production by Districts (all_crops_2015_2025)
Attock,2019-20,potato,648.0,12404.0,19.142,t/ha,PBS Crops Area and Production by Districts (all_crops_2015_2025)
Attock,2020-21,potato,495.0,10900.0,22.0202,t/ha,PBS Crops Area and Production by Districts (all_crops_2015_2025)
Attock,2021-22,potato,191.0,3361.0,17.5969,t/ha,PBS Crops Area and Production by Districts (all_crops_2015_2025)
Attock,2022-23,potato,3065.0,47743.0,15.5768,t/ha,PBS Crops Area and Production by Districts (all_crops_2015_2025)
Attock,2023-24,potato,3339.0,52123.0,15.6104,t/ha,PBS Crops Area and Production by Districts (all_crops_2015_2025)
Attock,2024-25,potato,3656.0,79258.0,21.6789,t/ha,PBS Crops Area and Production by Districts (all_crops_2015_2025)
Bahawalnagar,2017-18,potato,275.0,6853.0,24.92,t/ha,PBS Crops Area and Production by Districts (all_crops_2015_2025)
Bahawalnagar,2018-19,potato,287.0,7382.0,25.7213,t/ha,PBS Crops Area and Production by Districts (all_crops_2015_2025)
Bahawalnagar,2019-20,potato,294.0,8090.0,27.517,t/ha,PBS Crops Area and Production by Districts (all_crops_2015_2025)
Bahawalnagar,2020-21,potato,608.0,11483.0,18.8865,t/ha,PBS Crops Area and Production by Districts (all_crops_2015_2025)
Bahawalnagar,2021-22,potato,1689.0,54491.0,32.2623,t/ha,PBS Crops Area and Production by Districts (all_crops_2015_2025)
Bahawalnagar,2022-23,potato,1508.0,27820.0,18.4483,t/ha,PBS Crops Area and Production by Districts (all_crops_2015_2025)
Bahawalnagar,2023-24,potato,837.0,17456.0,20.8554,t/ha,PBS Crops Area and Production by Districts (all_crops_2015_2025)
Bahawalnagar,2024-25,potato,745.0,21892.0,29.3852,t/ha,PBS Crops Area and Production by Districts (all_crops_2015_2025)
Bahawalpur,2017-18,potato,340.0,9862.0,29.0059,t/ha,PBS Crops Area and Production by Districts (all_crops_2015_2025)
Bahawalpur,2018-19,potato,352.0,8486.0,24.108,t/ha,PBS Crops Area and Production by Districts (all_crops_2015_2025)
Bahawalpur,2019-20,potato,324.0,8767.0,27.0586,t/ha,PBS Crops Area and Production by Districts (all_crops_2015_2025)
Bahawalpur,2020-21,potato,1401.0,43609.0,31.1271,t/ha,PBS Crops Area and Production by Districts (all_crops_2015_2025)
Bahawalpur,2021-22,potato,1936.0,70388.0,36.3574,t/ha,PBS Crops Area and Production by Districts (all_crops_2015_2025)
Bahawalpur,2022-23,potato,1292.0,32597.0,25.2299,t/ha,PBS Crops Area and Production by Districts (all_crops_2015_2025)
Bahawalpur,2023-24,potato,1487.0,43492.0,29.2482,t/ha,PBS Crops Area and Production by Districts (all_crops_2015_2025)
Bahawalpur,2024-25,potato,1310.0,38413.0,29.3229,t/ha,PBS Crops Area and Production by Districts (all_crops_2015_2025)
Bhakkar,2022-23,potato,11.0,104.0,9.4545,t/ha,PBS Crops Area and Production by Districts (all_crops_2015_2025)
Chakwal,2017-18,potato,431.0,5958.0,13.8237,t/ha,PBS Crops Area and Production by Districts (all_crops_2015_2025)
Chakwal,2018-19,potato,394.0,5609.0,14.236,t/ha,PBS Crops Area and Production by Districts (all_crops_2015_2025)
Chakwal,2019-20,potato,194.0,4402.0,22.6907,t/ha,PBS Crops Area and Production by Districts (all_crops_2015_2025)
Chakwal,2021-22,potato,94.0,2068.0,22.0,t/ha,PBS Crops Area and Production by Districts (all_crops_2015_2025)
Chakwal,2022-23,potato,83.0,1409.0,16.9759,t/ha,PBS Crops Area and Production by Districts (all_crops_2015_2025)
Chakwal,2023-24,potato,518.0,10830.0,20.9073,t/ha,PBS Crops Area and Production by Districts (all_crops_2015_2025)
Chakwal,2024-25,potato,472.0,10154.0,21.5127,t/ha,PBS Crops Area and Production by Districts (all_crops_2015_2025)
Chiniot,2017-18,potato,9669.0,205172.0,21.2196,t/ha,PBS Crops Area and Production by Districts (all_crops_2015_2025)
Chiniot,2018-19,potato,9324.0,203580.0,21.834,t/ha,PBS Crops Area and Production by Districts (all_crops_2015_2025)
Chiniot,2019-20,potato,8175.0,189929.0,23.2329,t/ha,PBS Crops Area and Production by Districts (all_crops_2015_2025)
Chiniot,2020-21,potato,6685.0,138116.0,20.6606,t/ha,PBS Crops Area and Production by Districts (all_crops_2015_2025)
Chiniot,2021-22,potato,6927.0,142214.0,20.5304,t/ha,PBS Crops Area and Production by Districts (all_crops_2015_2025)
Chiniot,2022-23,potato,7891.0,175116.0,22.1919,t/ha,PBS Crops Area and Production by Districts (all_crops_2015_2025)
Chiniot,2023-24,potato,8851.0,191570.01,21.6439,t/ha,PBS Crops Area and Production by Districts (all_crops_2015_2025)
Chiniot,2024-25,potato,10621.0,226099.0,21.2879,t/ha,PBS Crops Area and Production by Districts (all_crops_2015_2025)
Dera Ghazi Khan,2017-18,potato,283.0,8353.0,29.5159,t/ha,PBS Crops Area and Production by Districts (all_crops_2015_2025)
Dera Ghazi Khan,2018-19,potato,283.0,8653.0,30.576,t/ha,PBS Crops Area and Production by Districts (all_crops_2015_2025)
Dera Ghazi Khan,2019-20,potato,289.0,6382.0,22.083,t/ha,PBS Crops Area and Production by Districts (all_crops_2015_2025)
Faisalabad,2017-18,potato,1447.0,29463.0,20.3614,t/ha,PBS Crops Area and Production by Districts (all_crops_2015_2025)
Faisalabad,2018-19,potato,1455.0,29520.0,20.2887,t/ha,PBS Crops Area and Production by Districts (all_crops_2015_2025)
Faisalabad,2019-20,potato,1408.0,33302.0,23.652,t/ha,PBS Crops Area and Production by Districts (all_crops_2015_2025)
Faisalabad,2020-21,potato,1808.0,40927.0,22.6366,t/ha,PBS Crops Area and Production by Districts (all_crops_2015_2025)
Faisalabad,2021-22,potato,4407.0,114276.0,25.9306,t/ha,PBS Crops Area and Production by Districts (all_crops_2015_2025)
Faisalabad,2022-23,potato,3530.0,84387.0,23.9057,t/ha,PBS Crops Area and Production by Districts (all_crops_2015_2025)
Faisalabad,2023-24,potato,4552.0,111059.0,24.3978,t/ha,PBS Crops Area and Production by Districts (all_crops_2015_2025)
Faisalabad,2024-25,potato,4756.0,126019.0,26.4968,t/ha,PBS Crops Area and Production by Districts (all_crops_2015_2025)
Gujranwala,2017-18,potato,755.0,16083.0,21.302,t/ha,PBS Crops Area and Production by Districts (all_crops_2015_2025)
Gujranwala,2018-19,potato,830.0,16471.0,19.8446,t/ha,PBS Crops Area and Production by Districts (all_crops_2015_2025)
Gujranwala,2019-20,potato,805.0,17473.0,21.7056,t/ha,PBS Crops Area and Production by Districts (all_crops_2015_2025)
Gujranwala,2020-21,potato,12.0,341.0,28.4167,t/ha,PBS Crops Area and Production by Districts (all_crops_2015_2025)
Gujranwala,2021-22,potato,309.0,7502.0,24.2783,t/ha,PBS Crops Area and Production by Districts (all_crops_2015_2025)
Gujranwala,2022-23,potato,266.0,4405.0,16.5602,t/ha,PBS Crops Area and Production by Districts (all_crops_2015_2025)
Gujranwala,2023-24,potato,533.0,12028.0,22.5666,t/ha,PBS Crops Area and Production by Districts (all_crops_2015_2025)
Gujranwala,2024-25,potato,712.0,12120.0,17.0225,t/ha,PBS Crops Area and Production by Districts (all_crops_2015_2025)
Gujrat,2017-18,potato,588.0,9285.0,15.7908,t/ha,PBS Crops Area and Production by Districts (all_crops_2015_2025)
Gujrat,2018-19,potato,895.0,14188.0,15.8525,t/ha,PBS Crops Area and Production by Districts (all_crops_2015_2025)
Gujrat,2019-20,potato,874.0,13791.0,15.7792,t/ha,PBS Crops Area and Production by Districts (all_crops_2015_2025)
Gujrat,2020-21,potato,20.0,476.0,23.8,t/ha,PBS Crops Area and Production by Districts (all_crops_2015_2025)
Gujrat,2021-22,potato,14.0,321.0,22.9286,t/ha,PBS Crops Area and Production by Districts (all_crops_2015_2025)
Gujrat,2022-23,potato,401.0,9458.0,23.586,t/ha,PBS Crops Area and Production by Districts (all_crops_2015_2025)
Gujrat,2023-24,potato,391.0,9184.0,23.4885,t/ha,PBS Crops Area and Production by Districts (all_crops_2015_2025)
Gujrat,2024-25,potato,431.0,10032.0,23.2761,t/ha,PBS Crops Area and Production by Districts (all_crops_2015_2025)
Hafizabad,2017-18,potato,38.0,635.0,16.7105,t/ha,PBS Crops Area and Production by Districts (all_crops_2015_2025)
Hafizabad,2018-19,potato,40.0,677.0,16.925,t/ha,PBS Crops Area and Production by Districts (all_crops_2015_2025)
Hafizabad,2019-20,potato,41.0,691.0,16.8537,t/ha,PBS Crops Area and Production by Districts (all_crops_2015_2025)
Hafizabad,2020-21,potato,196.0,2923.0,14.9133,t/ha,PBS Crops Area and Production by Districts (all_crops_2015_2025)
Hafizabad,2021-22,potato,85.0,1940.0,22.8235,t/ha,PBS Crops Area and Production by Districts (all_crops_2015_2025)
Hafizabad,2022-23,potato,116.0,2583.0,22.2672,t/ha,PBS Crops Area and Production by Districts (all_crops_2015_2025)
Hafizabad,2023-24,potato,42.0,778.0,18.5238,t/ha,PBS Crops Area and Production by Districts (all_crops_2015_2025)
Hafizabad,2024-25,potato,26.0,586.0,22.5385,t/ha,PBS Crops Area and Production by Districts (all_crops_2015_2025)
Jhang,2017-18,potato,1282.0,37365.0,29.1459,t/ha,PBS Crops Area and Production by Districts (all_crops_2015_2025)
Jhang,2018-19,potato,1424.0,34046.0,23.9087,t/ha,PBS Crops Area and Production by Districts (all_crops_2015_2025)
Jhang,2019-20,potato,1174.0,28410.0,24.1993,t/ha,PBS Crops Area and Production by Districts (all_crops_2015_2025)
Jhang,2020-21,potato,1480.0,37887.0,25.5993,t/ha,PBS Crops Area and Production by Districts (all_crops_2015_2025)
Jhang,2021-22,potato,1891.0,54312.0,28.7213,t/ha,PBS Crops Area and Production by Districts (all_crops_2015_2025)
Jhang,2022-23,potato,1407.0,41800.0,29.7086,t/ha,PBS Crops Area and Production by Districts (all_crops_2015_2025)
Jhang,2023-24,potato,1139.0,29083.0,25.5338,t/ha,PBS Crops Area and Production by Districts (all_crops_2015_2025)
Jhang,2024-25,potato,3192.0,86004.0,26.9436,t/ha,PBS Crops Area and Production by Districts (all_crops_2015_2025)
Jhelum,2017-18,potato,2044.0,35658.0,17.4452,t/ha,PBS Crops Area and Production by Districts (all_crops_2015_2025)
Jhelum,2018-19,potato,1936.0,33783.0,17.4499,t/ha,PBS Crops Area and Production by Districts (all_crops_2015_2025)
Jhelum,2019-20,potato,1983.0,22861.0,11.5285,t/ha,PBS Crops Area and Production by Districts (all_crops_2015_2025)
Jhelum,2020-21,potato,4925.0,179142.0,36.374,t/ha,PBS Crops Area and Production by Districts (all_crops_2015_2025)
Jhelum,2021-22,potato,5165.0,93108.0,18.0267,t/ha,PBS Crops Area and Production by Districts (all_crops_2015_2025)
Jhelum,2022-23,potato,4882.0,123792.0,25.3568,t/ha,PBS Crops Area and Production by Districts (all_crops_2015_2025)
Jhelum,2023-24,potato,4977.0,121229.0,24.3578,t/ha,PBS Crops Area and Production by Districts (all_crops_2015_2025)
Jhelum,2024-25,potato,4654.0,138800.0,29.8238,t/ha,PBS Crops Area and Production by Districts (all_crops_2015_2025)
Kasur,2017-18,potato,19901.0,496200.01,24.9334,t/ha,PBS Crops Area and Production by Districts (all_crops_2015_2025)
Kasur,2018-19,potato,19105.0,487761.99,25.5306,t/ha,PBS Crops Area and Production by Districts (all_crops_2015_2025)
Kasur,2019-20,potato,18858.0,461226.99,24.4579,t/ha,PBS Crops Area and Production by Districts (all_crops_2015_2025)
Kasur,2020-21,potato,32455.0,737840.03,22.7342,t/ha,PBS Crops Area and Production by Districts (all_crops_2015_2025)
Kasur,2021-22,potato,42156.0,935293.03,22.1865,t/ha,PBS Crops Area and Production by Districts (all_crops_2015_2025)
Kasur,2022-23,potato,48391.0,1119775.02,23.1402,t/ha,PBS Crops Area and Production by Districts (all_crops_2015_2025)
Kasur,2023-24,potato,50646.0,1177019.04,23.2401,t/ha,PBS Crops Area and Production by Districts (all_crops_2015_2025)
Kasur,2024-25,potato,52521.0,1290758.06,24.576,t/ha,PBS Crops Area and Production by Districts (all_crops_2015_2025)
Khanewal,2017-18,potato,7486.0,185608.0,24.794,t/ha,PBS Crops Area and Production by Districts (all_crops_2015_2025)
Khanewal,2018-19,potato,7891.0,187461.0,23.7563,t/ha,PBS Crops Area and Production by Districts (all_crops_2015_2025)
Khanewal,2019-20,potato,7885.0,191643.0,24.3048,t/ha,PBS Crops Area and Production by Districts (all_crops_2015_2025)
Khanewal,2020-21,potato,10751.0,330506.01,30.7419,t/ha,PBS Crops Area and Production by Districts (all_crops_2015_2025)
Khanewal,2021-22,potato,15499.0,414327.0,26.7325,t/ha,PBS Crops Area and Production by Districts (all_crops_2015_2025)
Khanewal,2022-23,potato,15169.0,379198.0,24.9982,t/ha,PBS Crops Area and Production by Districts (all_crops_2015_2025)
Khanewal,2023-24,potato,16332.0,460911.01,28.2213,t/ha,PBS Crops Area and Production by Districts (all_crops_2015_2025)
Khanewal,2024-25,potato,21166.0,578997.99,27.3551,t/ha,PBS Crops Area and Production by Districts (all_crops_2015_2025)
Khushab,2017-18,potato,2246.0,46626.0,20.7596,t/ha,PBS Crops Area and Production by Districts (all_crops_2015_2025)
Khushab,2018-19,potato,2145.0,43475.0,20.2681,t/ha,PBS Crops Area and Production by Districts (all_crops_2015_2025)
Khushab,2019-20,potato,1821.0,21108.0,11.5914,t/ha,PBS Crops Area and Production by Districts (all_crops_2015_2025)
Khushab,2021-22,potato,1943.0,22003.0,11.3242,t/ha,PBS Crops Area and Production by Districts (all_crops_2015_2025)
Khushab,2022-23,potato,2085.0,27420.0,13.1511,t/ha,PBS Crops Area and Production by Districts (all_crops_2015_2025)
Khushab,2023-24,potato,2226.0,33491.0,15.0454,t/ha,PBS Crops Area and Production by Districts (all_crops_2015_2025)
Khushab,2024-25,potato,2287.0,36522.0,15.9694,t/ha,PBS Crops Area and Production by Districts (all_crops_2015_2025)
Lahore,2017-18,potato,2454.0,62571.0,25.4976,t/ha,PBS Crops Area and Production by Districts (all_crops_2015_2025)
Lahore,2018-19,potato,2642.0,73069.0,27.6567,t/ha,PBS Crops Area and Production by Districts (all_crops_2015_2025)
Lahore,2019-20,potato,1963.0,56804.0,28.9373,t/ha,PBS Crops Area and Production by Districts (all_crops_2015_2025)
Lahore,2020-21,potato,2126.0,57573.0,27.0804,t/ha,PBS Crops Area and Production by Districts (all_crops_2015_2025)
Lahore,2021-22,potato,1929.0,54177.0,28.0855,t/ha,PBS Crops Area and Production by Districts (all_crops_2015_2025)
Lahore,2022-23,potato,1908.0,56392.0,29.5556,t/ha,PBS Crops Area and Production by Districts (all_crops_2015_2025)
Lahore,2023-24,potato,2322.0,54679.0,23.5482,t/ha,PBS Crops Area and Production by Districts (all_crops_2015_2025)
Lahore,2024-25,potato,3370.0,94788.0,28.127,t/ha,PBS Crops Area and Production by Districts (all_crops_2015_2025)
Layyah,2017-18,potato,477.0,10561.0,22.1405,t/ha,PBS Crops Area and Production by Districts (all_crops_2015_2025)
Layyah,2018-19,potato,405.0,9029.0,22.2938,t/ha,PBS Crops Area and Production by Districts (all_crops_2015_2025)
Layyah,2019-20,potato,380.0,8070.0,21.2368,t/ha,PBS Crops Area and Production by Districts (all_crops_2015_2025)
Layyah,2020-21,potato,1440.0,30465.0,21.1562,t/ha,PBS Crops Area and Production by Districts (all_crops_2015_2025)
Layyah,2021-22,potato,1180.0,25813.0,21.8754,t/ha,PBS Crops Area and Production by Districts (all_crops_2015_2025)
Layyah,2022-23,potato,1181.0,26410.0,22.3624,t/ha,PBS Crops Area and Production by Districts (all_crops_2015_2025)
Layyah,2023-24,potato,1264.0,28847.0,22.822,t/ha,PBS Crops Area and Production by Districts (all_crops_2015_2025)
Layyah,2024-25,potato,2226.0,49232.0,22.1168,t/ha,PBS Crops Area and Production by Districts (all_crops_2015_2025)
Lodhran,2017-18,potato,405.0,9750.0,24.0741,t/ha,PBS Crops Area and Production by Districts (all_crops_2015_2025)
Lodhran,2018-19,potato,364.0,7576.0,20.8132,t/ha,PBS Crops Area and Production by Districts (all_crops_2015_2025)
Lodhran,2019-20,potato,344.0,7588.0,22.0581,t/ha,PBS Crops Area and Production by Districts (all_crops_2015_2025)
Lodhran,2020-21,potato,289.0,7615.0,26.3495,t/ha,PBS Crops Area and Production by Districts (all_crops_2015_2025)
Lodhran,2021-22,potato,1031.0,25330.0,24.5684,t/ha,PBS Crops Area and Production by Districts (all_crops_2015_2025)
Lodhran,2022-23,potato,615.0,19092.0,31.0439,t/ha,PBS Crops Area and Production by Districts (all_crops_2015_2025)
Lodhran,2023-24,potato,824.0,27333.0,33.1711,t/ha,PBS Crops Area and Production by Districts (all_crops_2015_2025)
Lodhran,2024-25,potato,1386.0,37232.0,26.8629,t/ha,PBS Crops Area and Production by Districts (all_crops_2015_2025)
Mandi Bahauddin,2017-18,potato,472.0,6350.0,13.4534,t/ha,PBS Crops Area and Production by Districts (all_crops_2015_2025)
Mandi Bahauddin,2018-19,potato,695.0,15896.0,22.8719,t/ha,PBS Crops Area and Production by Districts (all_crops_2015_2025)
Mandi Bahauddin,2019-20,potato,710.0,16391.0,23.0859,t/ha,PBS Crops Area and Production by Districts (all_crops_2015_2025)
Mandi Bahauddin,2020-21,potato,575.0,13812.0,24.0209,t/ha,PBS Crops Area and Production by Districts (all_crops_2015_2025)
Mandi Bahauddin,2021-22,potato,321.0,7675.0,23.9097,t/ha,PBS Crops Area and Production by Districts (all_crops_2015_2025)
Mandi Bahauddin,2022-23,potato,698.0,16853.0,24.1447,t/ha,PBS Crops Area and Production by Districts (all_crops_2015_2025)
Mandi Bahauddin,2023-24,potato,978.0,24744.0,25.3006,t/ha,PBS Crops Area and Production by Districts (all_crops_2015_2025)
Mandi Bahauddin,2024-25,potato,1071.0,26578.0,24.8161,t/ha,PBS Crops Area and Production by Districts (all_crops_2015_2025)
Mianwali,2017-18,potato,34.0,530.0,15.5882,t/ha,PBS Crops Area and Production by Districts (all_crops_2015_2025)
Mianwali,2018-19,potato,32.0,537.0,16.7812,t/ha,PBS Crops Area and Production by Districts (all_crops_2015_2025)
Mianwali,2019-20,potato,18.0,297.0,16.5,t/ha,PBS Crops Area and Production by Districts (all_crops_2015_2025)
Mianwali,2024-25,potato,16.0,92.0,5.75,t/ha,PBS Crops Area and Production by Districts (all_crops_2015_2025)
Multan,2017-18,potato,1840.0,53274.0,28.9533,t/ha,PBS Crops Area and Production by Districts (all_crops_2015_2025)
Multan,2018-19,potato,2448.0,67673.0,27.6442,t/ha,PBS Crops Area and Production by Districts (all_crops_2015_2025)
Multan,2019-20,potato,2630.0,73331.0,27.8825,t/ha,PBS Crops Area and Production by Districts (all_crops_2015_2025)
Multan,2020-21,potato,3781.0,100157.0,26.4896,t/ha,PBS Crops Area and Production by Districts (all_crops_2015_2025)
Multan,2021-22,potato,6222.0,155796.01,25.0395,t/ha,PBS Crops Area and Production by Districts (all_crops_2015_2025)
Multan,2022-23,potato,7881.0,187215.0,23.7552,t/ha,PBS Crops Area and Production by Districts (all_crops_2015_2025)
Multan,2023-24,potato,8287.0,221375.0,26.7135,t/ha,PBS Crops Area and Production by Districts (all_crops_2015_2025)
Multan,2024-25,potato,6660.0,171281.01,25.7179,t/ha,PBS Crops Area and Production by Districts (all_crops_2015_2025)
Muzaffargarh,2017-18,potato,14.0,230.0,16.4286,t/ha,PBS Crops Area and Production by Districts (all_crops_2015_2025)
Muzaffargarh,2018-19,potato,37.0,653.0,17.6486,t/ha,PBS Crops Area and Production by Districts (all_crops_2015_2025)
Muzaffargarh,2019-20,potato,61.0,1231.0,20.1803,t/ha,PBS Crops Area and Production by Districts (all_crops_2015_2025)
Muzaffargarh,2020-21,potato,63.0,1841.0,29.2222,t/ha,PBS Crops Area and Production by Districts (all_crops_2015_2025)
Muzaffargarh,2022-23,potato,67.0,1989.0,29.6866,t/ha,PBS Crops Area and Production by Districts (all_crops_2015_2025)
Muzaffargarh,2023-24,potato,64.0,1904.0,29.75,t/ha,PBS Crops Area and Production by Districts (all_crops_2015_2025)
Muzaffargarh,2024-25,potato,65.0,1959.0,30.1385,t/ha,PBS Crops Area and Production by Districts (all_crops_2015_2025)
Nankana Sahib,2017-18,potato,210.0,3829.0,18.2333,t/ha,PBS Crops Area and Production by Districts (all_crops_2015_2025)
Nankana Sahib,2018-19,potato,231.0,4493.0,19.4502,t/ha,PBS Crops Area and Production by Districts (all_crops_2015_2025)
Nankana Sahib,2019-20,potato,186.0,3536.0,19.0108,t/ha,PBS Crops Area and Production by Districts (all_crops_2015_2025)
Nankana Sahib,2020-21,potato,288.0,6436.0,22.3472,t/ha,PBS Crops Area and Production by Districts (all_crops_2015_2025)
Nankana Sahib,2021-22,potato,394.0,8673.0,22.0127,t/ha,PBS Crops Area and Production by Districts (all_crops_2015_2025)
Nankana Sahib,2022-23,potato,254.0,6261.0,24.6496,t/ha,PBS Crops Area and Production by Districts (all_crops_2015_2025)
Nankana Sahib,2023-24,potato,278.0,5852.0,21.0504,t/ha,PBS Crops Area and Production by Districts (all_crops_2015_2025)
Nankana Sahib,2024-25,potato,507.0,12589.0,24.8304,t/ha,PBS Crops Area and Production by Districts (all_crops_2015_2025)
Narowal,2017-18,potato,741.0,10292.0,13.8893,t/ha,PBS Crops Area and Production by Districts (all_crops_2015_2025)
Narowal,2018-19,potato,925.0,13021.0,14.0768,t/ha,PBS Crops Area and Production by Districts (all_crops_2015_2025)
Narowal,2019-20,potato,939.0,12985.0,13.8285,t/ha,PBS Crops Area and Production by Districts (all_crops_2015_2025)
Narowal,2020-21,potato,365.0,10235.0,28.0411,t/ha,PBS Crops Area and Production by Districts (all_crops_2015_2025)
Narowal,2021-22,potato,288.0,7558.0,26.2431,t/ha,PBS Crops Area and Production by Districts (all_crops_2015_2025)
Narowal,2022-23,potato,220.0,6124.0,27.8364,t/ha,PBS Crops Area and Production by Districts (all_crops_2015_2025)
Narowal,2023-24,potato,116.0,3259.0,28.0948,t/ha,PBS Crops Area and Production by Districts (all_crops_2015_2025)
Narowal,2024-25,potato,656.0,17884.0,27.2622,t/ha,PBS Crops Area and Production by Districts (all_crops_2015_2025)
Okara,2017-18,potato,57997.0,1400443.97,24.1468,t/ha,PBS Crops Area and Production by Districts (all_crops_2015_2025)
Okara,2018-19,potato,58678.0,1555427.0,26.5078,t/ha,PBS Crops Area and Production by Districts (all_crops_2015_2025)
Okara,2019-20,potato,54239.0,1460662.96,26.9301,t/ha,PBS Crops Area and Production by Districts (all_crops_2015_2025)
Okara,2020-21,potato,63547.0,1595425.05,25.1062,t/ha,PBS Crops Area and Production by Districts (all_crops_2015_2025)
Okara,2021-22,potato,79336.0,2218139.89,27.9588,t/ha,PBS Crops Area and Production by Districts (all_crops_2015_2025)
Okara,2022-23,potato,88259.0,2255804.93,25.5589,t/ha,PBS Crops Area and Production by Districts (all_crops_2015_2025)
Okara,2023-24,potato,83275.0,2214826.9,26.5965,t/ha,PBS Crops Area and Production by Districts (all_crops_2015_2025)
Okara,2024-25,potato,93009.0,2480254.88,26.6668,t/ha,PBS Crops Area and Production by Districts (all_crops_2015_2025)
Pakpattan,2017-18,potato,25252.0,672481.02,26.6308,t/ha,PBS Crops Area and Production by Districts (all_crops_2015_2025)
Pakpattan,2018-19,potato,24928.0,685096.01,27.483,t/ha,PBS Crops Area and Production by Districts (all_crops_2015_2025)
Pakpattan,2019-20,potato,23991.0,622856.99,25.9621,t/ha,PBS Crops Area and Production by Districts (all_crops_2015_2025)
Pakpattan,2020-21,potato,33948.0,909367.98,26.7871,t/ha,PBS Crops Area and Production by Districts (all_crops_2015_2025)
Pakpattan,2021-22,potato,55592.0,1425566.04,25.6434,t/ha,PBS Crops Area and Production by Districts (all_crops_2015_2025)
Pakpattan,2022-23,potato,65440.0,1667079.96,25.4749,t/ha,PBS Crops Area and Production by Districts (all_crops_2015_2025)
Pakpattan,2023-24,potato,63130.0,1533416.99,24.2898,t/ha,PBS Crops Area and Production by Districts (all_crops_2015_2025)
Pakpattan,2024-25,potato,73813.0,1827541.02,24.7591,t/ha,PBS Crops Area and Production by Districts (all_crops_2015_2025)
Rahim Yar Khan,2017-18,potato,7.0,115.0,16.4286,t/ha,PBS Crops Area and Production by Districts (all_crops_2015_2025)
Rahim Yar Khan,2018-19,potato,4.0,55.0,13.75,t/ha,PBS Crops Area and Production by Districts (all_crops_2015_2025)
Rahim Yar Khan,2019-20,potato,5.0,59.0,11.8,t/ha,PBS Crops Area and Production by Districts (all_crops_2015_2025)
Rahim Yar Khan,2020-21,potato,9.0,150.0,16.6667,t/ha,PBS Crops Area and Production by Districts (all_crops_2015_2025)
Rahim Yar Khan,2021-22,potato,38.0,326.0,8.5789,t/ha,PBS Crops Area and Production by Districts (all_crops_2015_2025)
Rahim Yar Khan,2022-23,potato,171.0,4544.0,26.5731,t/ha,PBS Crops Area and Production by Districts (all_crops_2015_2025)
Rahim Yar Khan,2023-24,potato,54.0,1379.0,25.537,t/ha,PBS Crops Area and Production by Districts (all_crops_2015_2025)
Rahim Yar Khan,2024-25,potato,20.0,358.0,17.9,t/ha,PBS Crops Area and Production by Districts (all_crops_2015_2025)
Rajanpur,2017-18,potato,24.0,403.0,16.7917,t/ha,PBS Crops Area and Production by Districts (all_crops_2015_2025)
Rajanpur,2018-19,potato,16.0,277.0,17.3125,t/ha,PBS Crops Area and Production by Districts (all_crops_2015_2025)
Rajanpur,2020-21,potato,17.0,373.0,21.9412,t/ha,PBS Crops Area and Production by Districts (all_crops_2015_2025)
Rajanpur,2024-25,potato,31.0,419.0,13.5161,t/ha,PBS Crops Area and Production by Districts (all_crops_2015_2025)
Rawalpindi,2017-18,potato,295.0,4312.0,14.6169,t/ha,PBS Crops Area and Production by Districts (all_crops_2015_2025)
Rawalpindi,2018-19,potato,313.0,4606.0,14.7157,t/ha,PBS Crops Area and Production by Districts (all_crops_2015_2025)
Rawalpindi,2019-20,potato,166.0,2188.0,13.1807,t/ha,PBS Crops Area and Production by Districts (all_crops_2015_2025)
Rawalpindi,2020-21,potato,3.0,32.0,10.6667,t/ha,PBS Crops Area and Production by Districts (all_crops_2015_2025)
Rawalpindi,2021-22,potato,57.0,1178.0,20.6667,t/ha,PBS Crops Area and Production by Districts (all_crops_2015_2025)
Rawalpindi,2022-23,potato,45.0,1173.0,26.0667,t/ha,PBS Crops Area and Production by Districts (all_crops_2015_2025)
Rawalpindi,2023-24,potato,81.0,1234.0,15.2346,t/ha,PBS Crops Area and Production by Districts (all_crops_2015_2025)
Rawalpindi,2024-25,potato,97.0,1001.0,10.3196,t/ha,PBS Crops Area and Production by Districts (all_crops_2015_2025)
Sahiwal,2017-18,potato,25373.0,659268.98,25.9831,t/ha,PBS Crops Area and Production by Districts (all_crops_2015_2025)
Sahiwal,2018-19,potato,25637.0,707739.99,27.6062,t/ha,PBS Crops Area and Production by Districts (all_crops_2015_2025)
Sahiwal,2019-20,potato,25033.0,678284.97,27.0956,t/ha,PBS Crops Area and Production by Districts (all_crops_2015_2025)
Sahiwal,2020-21,potato,29595.0,810302.98,27.3797,t/ha,PBS Crops Area and Production by Districts (all_crops_2015_2025)
Sahiwal,2021-22,potato,36797.0,1012508.0,27.516,t/ha,PBS Crops Area and Production by Districts (all_crops_2015_2025)
Sahiwal,2022-23,potato,35562.0,943341.0,26.5267,t/ha,PBS Crops Area and Production by Districts (all_crops_2015_2025)
Sahiwal,2023-24,potato,31416.0,853026.0,27.1526,t/ha,PBS Crops Area and Production by Districts (all_crops_2015_2025)
Sahiwal,2024-25,potato,40239.0,1150271.0,28.586,t/ha,PBS Crops Area and Production by Districts (all_crops_2015_2025)
Sargodha,2017-18,potato,648.0,14751.0,22.7639,t/ha,PBS Crops Area and Production by Districts (all_crops_2015_2025)
Sargodha,2018-19,potato,526.0,13169.0,25.0361,t/ha,PBS Crops Area and Production by Districts (all_crops_2015_2025)
Sargodha,2019-20,potato,480.0,10520.0,21.9167,t/ha,PBS Crops Area and Production by Districts (all_crops_2015_2025)
Sargodha,2020-21,potato,811.0,16353.0,20.164,t/ha,PBS Crops Area and Production by Districts (all_crops_2015_2025)
Sargodha,2021-22,potato,1314.0,30749.0,23.4011,t/ha,PBS Crops Area and Production by Districts (all_crops_2015_2025)
Sargodha,2022-23,potato,1162.0,27389.0,23.5706,t/ha,PBS Crops Area and Production by Districts (all_crops_2015_2025)
Sargodha,2023-24,potato,1396.0,28533.0,20.4391,t/ha,PBS Crops Area and Production by Districts (all_crops_2015_2025)
Sargodha,2024-25,potato,1108.0,26731.0,24.1255,t/ha,PBS Crops Area and Production by Districts (all_crops_2015_2025)
Sheikhupura,2017-18,potato,3096.0,62052.0,20.0426,t/ha,PBS Crops Area and Production by Districts (all_crops_2015_2025)
Sheikhupura,2018-19,potato,3061.0,70484.0,23.0265,t/ha,PBS Crops Area and Production by Districts (all_crops_2015_2025)
Sheikhupura,2019-20,potato,2489.0,64128.0,25.7646,t/ha,PBS Crops Area and Production by Districts (all_crops_2015_2025)
Sheikhupura,2020-21,potato,1045.0,33656.0,32.2067,t/ha,PBS Crops Area and Production by Districts (all_crops_2015_2025)
Sheikhupura,2021-22,potato,1638.0,50840.0,31.0379,t/ha,PBS Crops Area and Production by Districts (all_crops_2015_2025)
Sheikhupura,2022-23,potato,1589.0,33289.0,20.9497,t/ha,PBS Crops Area and Production by Districts (all_crops_2015_2025)
Sheikhupura,2023-24,potato,1600.0,36769.0,22.9806,t/ha,PBS Crops Area and Production by Districts (all_crops_2015_2025)
Sheikhupura,2024-25,potato,1558.0,54369.0,34.8967,t/ha,PBS Crops Area and Production by Districts (all_crops_2015_2025)
Sialkot,2017-18,potato,4736.0,93751.0,19.7954,t/ha,PBS Crops Area and Production by Districts (all_crops_2015_2025)
Sialkot,2018-19,potato,4973.0,116416.0,23.4096,t/ha,PBS Crops Area and Production by Districts (all_crops_2015_2025)
Sialkot,2019-20,potato,4654.0,94504.0,20.306,t/ha,PBS Crops Area and Production by Districts (all_crops_2015_2025)
Sialkot,2020-21,potato,4255.0,141729.0,33.3088,t/ha,PBS Crops Area and Production by Districts (all_crops_2015_2025)
Sialkot,2021-22,potato,4415.0,110441.0,25.0149,t/ha,PBS Crops Area and Production by Districts (all_crops_2015_2025)
Sialkot,2022-23,potato,4628.0,152089.0,32.8628,t/ha,PBS Crops Area and Production by Districts (all_crops_2015_2025)
Sialkot,2023-24,potato,4249.0,145856.0,34.3271,t/ha,PBS Crops Area and Production by Districts (all_crops_2015_2025)
Sialkot,2024-25,potato,5099.0,200470.99,39.3157,t/ha,PBS Crops Area and Production by Districts (all_crops_2015_2025)
Toba Tek Singh,2017-18,potato,5274.0,123814.0,23.4763,t/ha,PBS Crops Area and Production by Districts (all_crops_2015_2025)
Toba Tek Singh,2018-19,potato,5793.0,133957.99,23.1241,t/ha,PBS Crops Area and Production by Districts (all_crops_2015_2025)
Toba Tek Singh,2019-20,potato,5364.0,123586.0,23.0399,t/ha,PBS Crops Area and Production by Districts (all_crops_2015_2025)
Toba Tek Singh,2020-21,potato,9613.0,217587.01,22.6347,t/ha,PBS Crops Area and Production by Districts (all_crops_2015_2025)
Toba Tek Singh,2021-22,potato,11867.0,309760.01,26.1026,t/ha,PBS Crops Area and Production by Districts (all_crops_2015_2025)
Toba Tek Singh,2022-23,potato,12525.0,291438.99,23.2686,t/ha,PBS Crops Area and Production by Districts (all_crops_2015_2025)
Toba Tek Singh,2023-24,potato,12742.0,295178.01,23.1658,t/ha,PBS Crops Area and Production by Districts (all_crops_2015_2025)
Toba Tek Singh,2024-25,potato,14240.0,326702.0,22.9426,t/ha,PBS Crops Area and Production by Districts (all_crops_2015_2025)
Vehari,2017-18,potato,3506.0,108048.0,30.818,t/ha,PBS Crops Area and Production by Districts (all_crops_2015_2025)
Vehari,2018-19,potato,3885.0,116720.0,30.0438,t/ha,PBS Crops Area and Production by Districts (all_crops_2015_2025)
Vehari,2019-20,potato,3964.0,114343.0,28.8454,t/ha,PBS Crops Area and Production by Districts (all_crops_2015_2025)
Vehari,2020-21,potato,7944.0,194740.01,24.5141,t/ha,PBS Crops Area and Production by Districts (all_crops_2015_2025)
Vehari,2021-22,potato,14897.0,375756.01,25.2236,t/ha,PBS Crops Area and Production by Districts (all_crops_2015_2025)
Vehari,2022-23,potato,14678.0,361959.02,24.66,t/ha,PBS Crops Area and Production by Districts (all_crops_2015_2025)
Vehari,2023-24,potato,17010.0,487795.01,28.677,t/ha,PBS Crops Area and Production by Districts (all_crops_2015_2025)
Vehari,2024-25,potato,21235.0,677515.01,31.9056,t/ha,PBS Crops Area and Production by Districts (all_crops_2015_2025)
Bahawalnagar,2017-18,rice,74050.0,160410.0,2.1662,t/ha,PBS Crops Area and Production by Districts (all_crops_2015_2025)
Bahawalnagar,2018-19,rice,78510.0,179390.0,2.2849,t/ha,PBS Crops Area and Production by Districts (all_crops_2015_2025)
Bahawalnagar,2019-20,rice,87810.0,191360.0,2.1793,t/ha,PBS Crops Area and Production by Districts (all_crops_2015_2025)
Bahawalnagar,2020-21,rice,108850.0,269299.99,2.474,t/ha,PBS Crops Area and Production by Districts (all_crops_2015_2025)
Bahawalnagar,2021-22,rice,136369.99,328489.99,2.4088,t/ha,PBS Crops Area and Production by Districts (all_crops_2015_2025)
Bahawalnagar,2022-23,rice,104810.0,239020.0,2.2805,t/ha,PBS Crops Area and Production by Districts (all_crops_2015_2025)
Bahawalnagar,2023-24,rice,125050.0,319280.0,2.5532,t/ha,PBS Crops Area and Production by Districts (all_crops_2015_2025)
Bahawalnagar,2024-25,rice,153000.0,358000.0,2.3399,t/ha,PBS Crops Area and Production by Districts (all_crops_2015_2025)
Bahawalpur,2017-18,rice,11740.0,22630.0,1.9276,t/ha,PBS Crops Area and Production by Districts (all_crops_2015_2025)
Bahawalpur,2018-19,rice,13760.0,25920.0,1.8837,t/ha,PBS Crops Area and Production by Districts (all_crops_2015_2025)
Bahawalpur,2019-20,rice,18620.0,33880.0,1.8195,t/ha,PBS Crops Area and Production by Districts (all_crops_2015_2025)
Bahawalpur,2020-21,rice,21040.0,40400.0,1.9202,t/ha,PBS Crops Area and Production by Districts (all_crops_2015_2025)
Bahawalpur,2021-22,rice,23470.0,50010.0,2.1308,t/ha,PBS Crops Area and Production by Districts (all_crops_2015_2025)
Bahawalpur,2022-23,rice,10120.0,21540.0,2.1285,t/ha,PBS Crops Area and Production by Districts (all_crops_2015_2025)
Bahawalpur,2023-24,rice,16180.0,36390.0,2.2491,t/ha,PBS Crops Area and Production by Districts (all_crops_2015_2025)
Bahawalpur,2024-25,rice,27827.0,53200.0,1.9118,t/ha,PBS Crops Area and Production by Districts (all_crops_2015_2025)
Bhakkar,2017-18,rice,400.0,730.0,1.825,t/ha,PBS Crops Area and Production by Districts (all_crops_2015_2025)
Bhakkar,2018-19,rice,400.0,810.0,2.025,t/ha,PBS Crops Area and Production by Districts (all_crops_2015_2025)
Bhakkar,2019-20,rice,400.0,780.0,1.95,t/ha,PBS Crops Area and Production by Districts (all_crops_2015_2025)
Bhakkar,2020-21,rice,2030.0,4000.0,1.9704,t/ha,PBS Crops Area and Production by Districts (all_crops_2015_2025)
Bhakkar,2021-22,rice,1620.0,3340.0,2.0617,t/ha,PBS Crops Area and Production by Districts (all_crops_2015_2025)
Bhakkar,2022-23,rice,810.0,1860.0,2.2963,t/ha,PBS Crops Area and Production by Districts (all_crops_2015_2025)
Bhakkar,2023-24,rice,2030.0,5500.0,2.7094,t/ha,PBS Crops Area and Production by Districts (all_crops_2015_2025)
Bhakkar,2024-25,rice,3700.0,8700.0,2.3514,t/ha,PBS Crops Area and Production by Districts (all_crops_2015_2025)
Chiniot,2017-18,rice,40870.0,80010.0,1.9577,t/ha,PBS Crops Area and Production by Districts (all_crops_2015_2025)
Chiniot,2018-19,rice,42490.0,84940.0,1.9991,t/ha,PBS Crops Area and Production by Districts (all_crops_2015_2025)
Chiniot,2019-20,rice,50180.0,111090.0,2.2138,t/ha,PBS Crops Area and Production by Districts (all_crops_2015_2025)
Chiniot,2020-21,rice,40870.0,95200.0,2.3293,t/ha,PBS Crops Area and Production by Districts (all_crops_2015_2025)
Chiniot,2021-22,rice,52210.0,132840.0,2.5443,t/ha,PBS Crops Area and Production by Districts (all_crops_2015_2025)
Chiniot,2022-23,rice,42490.0,106750.0,2.5124,t/ha,PBS Crops Area and Production by Districts (all_crops_2015_2025)
Chiniot,2023-24,rice,54630.0,133160.0,2.4375,t/ha,PBS Crops Area and Production by Districts (all_crops_2015_2025)
Chiniot,2024-25,rice,48600.0,117900.0,2.4259,t/ha,PBS Crops Area and Production by Districts (all_crops_2015_2025)
Dera Ghazi Khan,2017-18,rice,41690.0,102280.0,2.4533,t/ha,PBS Crops Area and Production by Districts (all_crops_2015_2025)
Dera Ghazi Khan,2018-19,rice,33180.0,90750.0,2.7351,t/ha,PBS Crops Area and Production by Districts (all_crops_2015_2025)
Dera Ghazi Khan,2019-20,rice,38450.0,88530.0,2.3025,t/ha,PBS Crops Area and Production by Districts (all_crops_2015_2025)
Dera Ghazi Khan,2020-21,rice,74860.0,172800.0,2.3083,t/ha,PBS Crops Area and Production by Districts (all_crops_2015_2025)
Dera Ghazi Khan,2021-22,rice,87810.0,273310.0,3.1125,t/ha,PBS Crops Area and Production by Districts (all_crops_2015_2025)
Dera Ghazi Khan,2022-23,rice,59080.0,168420.0,2.8507,t/ha,PBS Crops Area and Production by Districts (all_crops_2015_2025)
Dera Ghazi Khan,2023-24,rice,64350.0,217920.0,3.3865,t/ha,PBS Crops Area and Production by Districts (all_crops_2015_2025)
Dera Ghazi Khan,2024-25,rice,76900.0,236300.0,3.0728,t/ha,PBS Crops Area and Production by Districts (all_crops_2015_2025)
Faisalabad,2017-18,rice,27120.0,52060.0,1.9196,t/ha,PBS Crops Area and Production by Districts (all_crops_2015_2025)
Faisalabad,2018-19,rice,30350.0,59480.0,1.9598,t/ha,PBS Crops Area and Production by Districts (all_crops_2015_2025)
Faisalabad,2019-20,rice,32370.0,65960.0,2.0377,t/ha,PBS Crops Area and Production by Districts (all_crops_2015_2025)
Faisalabad,2020-21,rice,42090.0,97200.0,2.3093,t/ha,PBS Crops Area and Production by Districts (all_crops_2015_2025)
Faisalabad,2021-22,rice,44920.0,96970.0,2.1587,t/ha,PBS Crops Area and Production by Districts (all_crops_2015_2025)
Faisalabad,2022-23,rice,32370.0,72600.0,2.2428,t/ha,PBS Crops Area and Production by Districts (all_crops_2015_2025)
Faisalabad,2023-24,rice,47350.0,113950.0,2.4065,t/ha,PBS Crops Area and Production by Districts (all_crops_2015_2025)
Faisalabad,2024-25,rice,45700.0,99900.0,2.186,t/ha,PBS Crops Area and Production by Districts (all_crops_2015_2025)
Gujranwala,2017-18,rice,227420.0,546299.99,2.4022,t/ha,PBS Crops Area and Production by Districts (all_crops_2015_2025)
Gujranwala,2018-19,rice,226210.01,470040.01,2.0779,t/ha,PBS Crops Area and Production by Districts (all_crops_2015_2025)
Gujranwala,2019-20,rice,222980.0,484060.0,2.1709,t/ha,PBS Crops Area and Production by Districts (all_crops_2015_2025)
Gujranwala,2020-21,rice,262630.01,590200.01,2.2473,t/ha,PBS Crops Area and Production by Districts (all_crops_2015_2025)
Gujranwala,2021-22,rice,260209.99,564169.98,2.1681,t/ha,PBS Crops Area and Production by Districts (all_crops_2015_2025)
Gujranwala,2022-23,rice,257780.0,584890.01,2.2689,t/ha,PBS Crops Area and Production by Districts (all_crops_2015_2025)
Gujranwala,2023-24,rice,261020.0,555879.99,2.1296,t/ha,PBS Crops Area and Production by Districts (all_crops_2015_2025)
Gujranwala,2024-25,rice,250099.99,521400.01,2.0848,t/ha,PBS Crops Area and Production by Districts (all_crops_2015_2025)
Gujrat,2017-18,rice,37630.0,64150.0,1.7048,t/ha,PBS Crops Area and Production by Districts (all_crops_2015_2025)
Gujrat,2018-19,rice,35210.0,54390.0,1.5447,t/ha,PBS Crops Area and Production by Districts (all_crops_2015_2025)
Gujrat,2019-20,rice,35610.0,67010.0,1.8818,t/ha,PBS Crops Area and Production by Districts (all_crops_2015_2025)
Gujrat,2020-21,rice,44510.0,81500.0,1.831,t/ha,PBS Crops Area and Production by Districts (all_crops_2015_2025)
Gujrat,2021-22,rice,38440.0,70490.0,1.8338,t/ha,PBS Crops Area and Production by Districts (all_crops_2015_2025)
Gujrat,2022-23,rice,34810.0,64800.0,1.8615,t/ha,PBS Crops Area and Production by Districts (all_crops_2015_2025)
Gujrat,2023-24,rice,36830.0,69160.0,1.8778,t/ha,PBS Crops Area and Production by Districts (all_crops_2015_2025)
Gujrat,2024-25,rice,35600.0,66200.0,1.8596,t/ha,PBS Crops Area and Production by Districts (all_crops_2015_2025)
Hafizabad,2017-18,rice,140020.0,338980.01,2.4209,t/ha,PBS Crops Area and Production by Districts (all_crops_2015_2025)
Hafizabad,2018-19,rice,139619.99,301299.99,2.158,t/ha,PBS Crops Area and Production by Districts (all_crops_2015_2025)
Hafizabad,2019-20,rice,140020.0,302179.99,2.1581,t/ha,PBS Crops Area and Production by Districts (all_crops_2015_2025)
Hafizabad,2020-21,rice,149330.0,341899.99,2.2896,t/ha,PBS Crops Area and Production by Districts (all_crops_2015_2025)
Hafizabad,2021-22,rice,150940.0,362130.01,2.3992,t/ha,PBS Crops Area and Production by Districts (all_crops_2015_2025)
Hafizabad,2022-23,rice,148929.99,364350.01,2.4465,t/ha,PBS Crops Area and Production by Districts (all_crops_2015_2025)
Hafizabad,2023-24,rice,157420.0,352440.0,2.2389,t/ha,PBS Crops Area and Production by Districts (all_crops_2015_2025)
Hafizabad,2024-25,rice,157800.0,293100.01,1.8574,t/ha,PBS Crops Area and Production by Districts (all_crops_2015_2025)
Jhang,2017-18,rice,60290.0,123470.0,2.0479,t/ha,PBS Crops Area and Production by Districts (all_crops_2015_2025)
Jhang,2018-19,rice,69600.0,158310.0,2.2746,t/ha,PBS Crops Area and Production by Districts (all_crops_2015_2025)
Jhang,2019-20,rice,74460.0,151259.99,2.0314,t/ha,PBS Crops Area and Production by Districts (all_crops_2015_2025)
Jhang,2020-21,rice,150530.0,337399.99,2.2414,t/ha,PBS Crops Area and Production by Districts (all_crops_2015_2025)
Jhang,2021-22,rice,161070.01,385570.01,2.3938,t/ha,PBS Crops Area and Production by Districts (all_crops_2015_2025)
Jhang,2022-23,rice,146500.0,340170.01,2.322,t/ha,PBS Crops Area and Production by Districts (all_crops_2015_2025)
Jhang,2023-24,rice,191820.01,459790.01,2.397,t/ha,PBS Crops Area and Production by Districts (all_crops_2015_2025)
Jhang,2024-25,rice,192200.0,418100.01,2.1753,t/ha,PBS Crops Area and Production by Districts (all_crops_2015_2025)
Jhelum,2017-18,rice,1220.0,2160.0,1.7705,t/ha,PBS Crops Area and Production by Districts (all_crops_2015_2025)
Jhelum,2018-19,rice,1220.0,2440.0,2.0,t/ha,PBS Crops Area and Production by Districts (all_crops_2015_2025)
Jhelum,2019-20,rice,1220.0,2330.0,1.9098,t/ha,PBS Crops Area and Production by Districts (all_crops_2015_2025)
Jhelum,2020-21,rice,2020.0,4700.0,2.3267,t/ha,PBS Crops Area and Production by Districts (all_crops_2015_2025)
Jhelum,2021-22,rice,400.0,970.0,2.425,t/ha,PBS Crops Area and Production by Districts (all_crops_2015_2025)
Jhelum,2022-23,rice,2430.0,4830.0,1.9877,t/ha,PBS Crops Area and Production by Districts (all_crops_2015_2025)
Jhelum,2023-24,rice,2830.0,6400.0,2.2615,t/ha,PBS Crops Area and Production by Districts (all_crops_2015_2025)
Jhelum,2024-25,rice,2400.0,4000.0,1.6667,t/ha,PBS Crops Area and Production by Districts (all_crops_2015_2025)
Kasur,2017-18,rice,66370.0,132990.01,2.0038,t/ha,PBS Crops Area and Production by Districts (all_crops_2015_2025)
Kasur,2018-19,rice,69610.0,149530.0,2.1481,t/ha,PBS Crops Area and Production by Districts (all_crops_2015_2025)
Kasur,2019-20,rice,70400.0,156470.0,2.2226,t/ha,PBS Crops Area and Production by Districts (all_crops_2015_2025)
Kasur,2020-21,rice,82960.0,183600.01,2.2131,t/ha,PBS Crops Area and Production by Districts (all_crops_2015_2025)
Kasur,2021-22,rice,99950.0,225460.01,2.2557,t/ha,PBS Crops Area and Production by Districts (all_crops_2015_2025)
Kasur,2022-23,rice,79320.0,190009.99,2.3955,t/ha,PBS Crops Area and Production by Districts (all_crops_2015_2025)
Kasur,2023-24,rice,105620.0,254200.0,2.4067,t/ha,PBS Crops Area and Production by Districts (all_crops_2015_2025)
Kasur,2024-25,rice,113700.0,327799.99,2.883,t/ha,PBS Crops Area and Production by Districts (all_crops_2015_2025)
Khanewal,2017-18,rice,31970.0,65090.0,2.036,t/ha,PBS Crops Area and Production by Districts (all_crops_2015_2025)
Khanewal,2018-19,rice,32770.0,68240.0,2.0824,t/ha,PBS Crops Area and Production by Districts (all_crops_2015_2025)
Khanewal,2019-20,rice,39660.0,72020.0,1.8159,t/ha,PBS Crops Area and Production by Districts (all_crops_2015_2025)
Khanewal,2020-21,rice,52610.0,108100.0,2.0547,t/ha,PBS Crops Area and Production by Districts (all_crops_2015_2025)
Khanewal,2021-22,rice,79320.0,187940.0,2.3694,t/ha,PBS Crops Area and Production by Districts (all_crops_2015_2025)
Khanewal,2022-23,rice,45730.0,112580.0,2.4618,t/ha,PBS Crops Area and Production by Districts (all_crops_2015_2025)
Khanewal,2023-24,rice,54230.0,145289.99,2.6791,t/ha,PBS Crops Area and Production by Districts (all_crops_2015_2025)
Khanewal,2024-25,rice,76100.0,176300.0,2.3167,t/ha,PBS Crops Area and Production by Districts (all_crops_2015_2025)
Khushab,2017-18,rice,27520.0,49700.0,1.806,t/ha,PBS Crops Area and Production by Districts (all_crops_2015_2025)
Khushab,2018-19,rice,27520.0,39950.0,1.4517,t/ha,PBS Crops Area and Production by Districts (all_crops_2015_2025)
Khushab,2019-20,rice,30760.0,52220.0,1.6977,t/ha,PBS Crops Area and Production by Districts (all_crops_2015_2025)
Khushab,2020-21,rice,25900.0,47900.0,1.8494,t/ha,PBS Crops Area and Production by Districts (all_crops_2015_2025)
Khushab,2021-22,rice,25500.0,50860.0,1.9945,t/ha,PBS Crops Area and Production by Districts (all_crops_2015_2025)
Khushab,2022-23,rice,24680.0,44410.0,1.7994,t/ha,PBS Crops Area and Production by Districts (all_crops_2015_2025)
Khushab,2023-24,rice,25900.0,50280.0,1.9413,t/ha,PBS Crops Area and Production by Districts (all_crops_2015_2025)
Khushab,2024-25,rice,17000.0,29800.0,1.7529,t/ha,PBS Crops Area and Production by Districts (all_crops_2015_2025)
Lahore,2017-18,rice,31970.0,63110.0,1.974,t/ha,PBS Crops Area and Production by Districts (all_crops_2015_2025)
Lahore,2018-19,rice,35610.0,71470.0,2.007,t/ha,PBS Crops Area and Production by Districts (all_crops_2015_2025)
Lahore,2019-20,rice,35610.0,76510.0,2.1486,t/ha,PBS Crops Area and Production by Districts (all_crops_2015_2025)
Lahore,2020-21,rice,29140.0,68700.0,2.3576,t/ha,PBS Crops Area and Production by Districts (all_crops_2015_2025)
Lahore,2021-22,rice,32380.0,68210.0,2.1065,t/ha,PBS Crops Area and Production by Districts (all_crops_2015_2025)
Lahore,2022-23,rice,24680.0,52760.0,2.1378,t/ha,PBS Crops Area and Production by Districts (all_crops_2015_2025)
Lahore,2023-24,rice,32780.0,69430.0,2.1181,t/ha,PBS Crops Area and Production by Districts (all_crops_2015_2025)
Lahore,2024-25,rice,28700.0,60700.0,2.115,t/ha,PBS Crops Area and Production by Districts (all_crops_2015_2025)
Layyah,2017-18,rice,10120.0,18200.0,1.7984,t/ha,PBS Crops Area and Production by Districts (all_crops_2015_2025)
Layyah,2018-19,rice,10930.0,20340.0,1.8609,t/ha,PBS Crops Area and Production by Districts (all_crops_2015_2025)
Layyah,2019-20,rice,13760.0,23760.0,1.7267,t/ha,PBS Crops Area and Production by Districts (all_crops_2015_2025)
Layyah,2020-21,rice,14160.0,28700.0,2.0268,t/ha,PBS Crops Area and Production by Districts (all_crops_2015_2025)
Layyah,2021-22,rice,5670.0,12620.0,2.2258,t/ha,PBS Crops Area and Production by Districts (all_crops_2015_2025)
Layyah,2022-23,rice,810.0,1600.0,1.9753,t/ha,PBS Crops Area and Production by Districts (all_crops_2015_2025)
Layyah,2023-24,rice,2020.0,4600.0,2.2772,t/ha,PBS Crops Area and Production by Districts (all_crops_2015_2025)
Layyah,2024-25,rice,1600.0,3400.0,2.125,t/ha,PBS Crops Area and Production by Districts (all_crops_2015_2025)
Lodhran,2017-18,rice,8500.0,17970.0,2.1141,t/ha,PBS Crops Area and Production by Districts (all_crops_2015_2025)
Lodhran,2018-19,rice,12140.0,29530.0,2.4325,t/ha,PBS Crops Area and Production by Districts (all_crops_2015_2025)
Lodhran,2019-20,rice,19830.0,29500.0,1.4876,t/ha,PBS Crops Area and Production by Districts (all_crops_2015_2025)
Lodhran,2020-21,rice,23470.0,54000.0,2.3008,t/ha,PBS Crops Area and Production by Districts (all_crops_2015_2025)
Lodhran,2021-22,rice,29130.0,56970.0,1.9557,t/ha,PBS Crops Area and Production by Districts (all_crops_2015_2025)
Lodhran,2022-23,rice,10920.0,24340.0,2.2289,t/ha,PBS Crops Area and Production by Districts (all_crops_2015_2025)
Lodhran,2023-24,rice,14970.0,34300.0,2.2912,t/ha,PBS Crops Area and Production by Districts (all_crops_2015_2025)
Lodhran,2024-25,rice,21400.0,44700.0,2.0888,t/ha,PBS Crops Area and Production by Districts (all_crops_2015_2025)
Mandi Bahauddin,2017-18,rice,65150.0,135179.99,2.0749,t/ha,PBS Crops Area and Production by Districts (all_crops_2015_2025)
Mandi Bahauddin,2018-19,rice,63540.0,125660.0,1.9777,t/ha,PBS Crops Area and Production by Districts (all_crops_2015_2025)
Mandi Bahauddin,2019-20,rice,62720.0,123860.0,1.9748,t/ha,PBS Crops Area and Production by Districts (all_crops_2015_2025)
Mandi Bahauddin,2020-21,rice,97130.0,205600.01,2.1168,t/ha,PBS Crops Area and Production by Districts (all_crops_2015_2025)
Mandi Bahauddin,2021-22,rice,94300.0,206000.0,2.1845,t/ha,PBS Crops Area and Production by Districts (all_crops_2015_2025)
Mandi Bahauddin,2022-23,rice,83770.0,178690.0,2.1331,t/ha,PBS Crops Area and Production by Districts (all_crops_2015_2025)
Mandi Bahauddin,2023-24,rice,109670.0,249649.99,2.2764,t/ha,PBS Crops Area and Production by Districts (all_crops_2015_2025)
Mandi Bahauddin,2024-25,rice,101200.0,203500.0,2.0109,t/ha,PBS Crops Area and Production by Districts (all_crops_2015_2025)
Mianwali,2017-18,rice,6070.0,9100.0,1.4992,t/ha,PBS Crops Area and Production by Districts (all_crops_2015_2025)
Mianwali,2018-19,rice,6480.0,11220.0,1.7315,t/ha,PBS Crops Area and Production by Districts (all_crops_2015_2025)
Mianwali,2019-20,rice,8090.0,13620.0,1.6836,t/ha,PBS Crops Area and Production by Districts (all_crops_2015_2025)
Mianwali,2020-21,rice,5260.0,12700.0,2.4144,t/ha,PBS Crops Area and Production by Districts (all_crops_2015_2025)
Mianwali,2021-22,rice,5260.0,13140.0,2.4981,t/ha,PBS Crops Area and Production by Districts (all_crops_2015_2025)
Mianwali,2022-23,rice,3240.0,8470.0,2.6142,t/ha,PBS Crops Area and Production by Districts (all_crops_2015_2025)
Mianwali,2023-24,rice,4450.0,9820.0,2.2067,t/ha,PBS Crops Area and Production by Districts (all_crops_2015_2025)
Mianwali,2024-25,rice,3200.0,6200.0,1.9375,t/ha,PBS Crops Area and Production by Districts (all_crops_2015_2025)
Multan,2017-18,rice,25900.0,56050.0,2.1641,t/ha,PBS Crops Area and Production by Districts (all_crops_2015_2025)
Multan,2018-19,rice,31560.0,67190.0,2.129,t/ha,PBS Crops Area and Production by Districts (all_crops_2015_2025)
Multan,2019-20,rice,42490.0,79850.0,1.8793,t/ha,PBS Crops Area and Production by Districts (all_crops_2015_2025)
Multan,2020-21,rice,28320.0,59900.0,2.1151,t/ha,PBS Crops Area and Production by Districts (all_crops_2015_2025)
Multan,2021-22,rice,34400.0,73680.0,2.1419,t/ha,PBS Crops Area and Production by Districts (all_crops_2015_2025)
Multan,2022-23,rice,29950.0,68740.0,2.2952,t/ha,PBS Crops Area and Production by Districts (all_crops_2015_2025)
Multan,2023-24,rice,33180.0,84670.0,2.5518,t/ha,PBS Crops Area and Production by Districts (all_crops_2015_2025)
Multan,2024-25,rice,40900.0,83200.0,2.0342,t/ha,PBS Crops Area and Production by Districts (all_crops_2015_2025)
Muzaffargarh,2017-18,rice,33990.0,59770.0,1.7585,t/ha,PBS Crops Area and Production by Districts (all_crops_2015_2025)
Muzaffargarh,2018-19,rice,34410.0,70420.0,2.0465,t/ha,PBS Crops Area and Production by Districts (all_crops_2015_2025)
Muzaffargarh,2019-20,rice,41680.0,74020.0,1.7759,t/ha,PBS Crops Area and Production by Districts (all_crops_2015_2025)
Muzaffargarh,2020-21,rice,46540.0,90300.0,1.9403,t/ha,PBS Crops Area and Production by Districts (all_crops_2015_2025)
Muzaffargarh,2021-22,rice,41280.0,85040.0,2.0601,t/ha,PBS Crops Area and Production by Districts (all_crops_2015_2025)
Muzaffargarh,2022-23,rice,28330.0,60780.0,2.1454,t/ha,PBS Crops Area and Production by Districts (all_crops_2015_2025)
Muzaffargarh,2023-24,rice,36420.0,81690.0,2.243,t/ha,PBS Crops Area and Production by Districts (all_crops_2015_2025)
Muzaffargarh,2024-25,rice,40100.0,79400.0,1.9801,t/ha,PBS Crops Area and Production by Districts (all_crops_2015_2025)
Nankana Sahib,2017-18,rice,115340.0,231690.0,2.0088,t/ha,PBS Crops Area and Production by Districts (all_crops_2015_2025)
Nankana Sahib,2018-19,rice,120600.0,239270.0,1.984,t/ha,PBS Crops Area and Production by Districts (all_crops_2015_2025)
Nankana Sahib,2019-20,rice,122620.0,272519.99,2.2225,t/ha,PBS Crops Area and Production by Districts (all_crops_2015_2025)
Nankana Sahib,2020-21,rice,109270.0,254800.0,2.3318,t/ha,PBS Crops Area and Production by Districts (all_crops_2015_2025)
Nankana Sahib,2021-22,rice,113710.0,273489.99,2.4052,t/ha,PBS Crops Area and Production by Districts (all_crops_2015_2025)
Nankana Sahib,2022-23,rice,108050.0,267280.0,2.4737,t/ha,PBS Crops Area and Production by Districts (all_crops_2015_2025)
Nankana Sahib,2023-24,rice,123840.0,279489.99,2.2569,t/ha,PBS Crops Area and Production by Districts (all_crops_2015_2025)
Nankana Sahib,2024-25,rice,115300.0,265500.0,2.3027,t/ha,PBS Crops Area and Production by Districts (all_crops_2015_2025)
Narowal,2017-18,rice,72030.0,133410.0,1.8521,t/ha,PBS Crops Area and Production by Districts (all_crops_2015_2025)
Narowal,2018-19,rice,72030.0,130960.01,1.8181,t/ha,PBS Crops Area and Production by Districts (all_crops_2015_2025)
Narowal,2019-20,rice,72850.0,130880.01,1.7966,t/ha,PBS Crops Area and Production by Districts (all_crops_2015_2025)
Narowal,2020-21,rice,74060.0,142899.99,1.9295,t/ha,PBS Crops Area and Production by Districts (all_crops_2015_2025)
Narowal,2021-22,rice,72030.0,115550.0,1.6042,t/ha,PBS Crops Area and Production by Districts (all_crops_2015_2025)
Narowal,2022-23,rice,76480.0,138429.99,1.81,t/ha,PBS Crops Area and Production by Districts (all_crops_2015_2025)
Narowal,2023-24,rice,87820.0,176789.99,2.0131,t/ha,PBS Crops Area and Production by Districts (all_crops_2015_2025)
Narowal,2024-25,rice,83400.0,163200.0,1.9568,t/ha,PBS Crops Area and Production by Districts (all_crops_2015_2025)
Okara,2017-18,rice,143660.0,367079.99,2.5552,t/ha,PBS Crops Area and Production by Districts (all_crops_2015_2025)
Okara,2018-19,rice,148520.0,356209.99,2.3984,t/ha,PBS Crops Area and Production by Districts (all_crops_2015_2025)
Okara,2019-20,rice,163490.01,353679.99,2.1633,t/ha,PBS Crops Area and Production by Districts (all_crops_2015_2025)
Okara,2020-21,rice,155000.0,396000.0,2.5548,t/ha,PBS Crops Area and Production by Districts (all_crops_2015_2025)
Okara,2021-22,rice,156610.0,461359.98,2.9459,t/ha,PBS Crops Area and Production by Districts (all_crops_2015_2025)
Okara,2022-23,rice,126260.0,349420.01,2.7675,t/ha,PBS Crops Area and Production by Districts (all_crops_2015_2025)
Okara,2023-24,rice,154990.01,449049.99,2.8973,t/ha,PBS Crops Area and Production by Districts (all_crops_2015_2025)
Okara,2024-25,rice,168800.0,431200.01,2.5545,t/ha,PBS Crops Area and Production by Districts (all_crops_2015_2025)
Pakpattan,2017-18,rice,59090.0,129170.0,2.186,t/ha,PBS Crops Area and Production by Districts (all_crops_2015_2025)
Pakpattan,2018-19,rice,72030.0,164520.0,2.284,t/ha,PBS Crops Area and Production by Districts (all_crops_2015_2025)
Pakpattan,2019-20,rice,84980.0,176070.01,2.0719,t/ha,PBS Crops Area and Production by Districts (all_crops_2015_2025)
Pakpattan,2020-21,rice,88220.0,208800.0,2.3668,t/ha,PBS Crops Area and Production by Districts (all_crops_2015_2025)
Pakpattan,2021-22,rice,105210.0,256630.0,2.4392,t/ha,PBS Crops Area and Production by Districts (all_crops_2015_2025)
Pakpattan,2022-23,rice,82150.0,218060.0,2.6544,t/ha,PBS Crops Area and Production by Districts (all_crops_2015_2025)
Pakpattan,2023-24,rice,103200.0,287040.01,2.7814,t/ha,PBS Crops Area and Production by Districts (all_crops_2015_2025)
Pakpattan,2024-25,rice,123000.0,325700.01,2.648,t/ha,PBS Crops Area and Production by Districts (all_crops_2015_2025)
Rahim Yar Khan,2017-18,rice,19020.0,36080.0,1.897,t/ha,PBS Crops Area and Production by Districts (all_crops_2015_2025)
Rahim Yar Khan,2018-19,rice,20230.0,39470.0,1.9511,t/ha,PBS Crops Area and Production by Districts (all_crops_2015_2025)
Rahim Yar Khan,2019-20,rice,20630.0,40500.0,1.9632,t/ha,PBS Crops Area and Production by Districts (all_crops_2015_2025)
Rahim Yar Khan,2020-21,rice,32380.0,62600.0,1.9333,t/ha,PBS Crops Area and Production by Districts (all_crops_2015_2025)
Rahim Yar Khan,2021-22,rice,44120.0,87180.0,1.976,t/ha,PBS Crops Area and Production by Districts (all_crops_2015_2025)
Rahim Yar Khan,2022-23,rice,28320.0,56100.0,1.9809,t/ha,PBS Crops Area and Production by Districts (all_crops_2015_2025)
Rahim Yar Khan,2023-24,rice,54630.0,124290.0,2.2751,t/ha,PBS Crops Area and Production by Districts (all_crops_2015_2025)
Rahim Yar Khan,2024-25,rice,75700.0,138800.0,1.8336,t/ha,PBS Crops Area and Production by Districts (all_crops_2015_2025)
Rajanpur,2017-18,rice,4040.0,7850.0,1.9431,t/ha,PBS Crops Area and Production by Districts (all_crops_2015_2025)
Rajanpur,2018-19,rice,10110.0,20540.0,2.0317,t/ha,PBS Crops Area and Production by Districts (all_crops_2015_2025)
Rajanpur,2019-20,rice,13760.0,26990.0,1.9615,t/ha,PBS Crops Area and Production by Districts (all_crops_2015_2025)
Rajanpur,2020-21,rice,24690.0,58600.0,2.3734,t/ha,PBS Crops Area and Production by Districts (all_crops_2015_2025)
Rajanpur,2021-22,rice,41270.0,117690.0,2.8517,t/ha,PBS Crops Area and Production by Districts (all_crops_2015_2025)
Rajanpur,2022-23,rice,16190.0,31410.0,1.9401,t/ha,PBS Crops Area and Production by Districts (all_crops_2015_2025)
Rajanpur,2023-24,rice,24680.0,72920.0,2.9546,t/ha,PBS Crops Area and Production by Districts (all_crops_2015_2025)
Rajanpur,2024-25,rice,38500.0,102700.0,2.6675,t/ha,PBS Crops Area and Production by Districts (all_crops_2015_2025)
Sahiwal,2017-18,rice,30350.0,63580.0,2.0949,t/ha,PBS Crops Area and Production by Districts (all_crops_2015_2025)
Sahiwal,2018-19,rice,28320.0,62910.0,2.2214,t/ha,PBS Crops Area and Production by Districts (all_crops_2015_2025)
Sahiwal,2019-20,rice,31970.0,62390.0,1.9515,t/ha,PBS Crops Area and Production by Districts (all_crops_2015_2025)
Sahiwal,2020-21,rice,43300.0,95200.0,2.1986,t/ha,PBS Crops Area and Production by Districts (all_crops_2015_2025)
Sahiwal,2021-22,rice,44520.0,107040.0,2.4043,t/ha,PBS Crops Area and Production by Districts (all_crops_2015_2025)
Sahiwal,2022-23,rice,34800.0,95270.0,2.7376,t/ha,PBS Crops Area and Production by Districts (all_crops_2015_2025)
Sahiwal,2023-24,rice,46530.0,132820.01,2.8545,t/ha,PBS Crops Area and Production by Districts (all_crops_2015_2025)
Sahiwal,2024-25,rice,61500.0,164500.0,2.6748,t/ha,PBS Crops Area and Production by Districts (all_crops_2015_2025)
Sargodha,2017-18,rice,35610.0,68000.0,1.9096,t/ha,PBS Crops Area and Production by Districts (all_crops_2015_2025)
Sargodha,2018-19,rice,33180.0,56520.0,1.7034,t/ha,PBS Crops Area and Production by Districts (all_crops_2015_2025)
Sargodha,2019-20,rice,32370.0,59120.0,1.8264,t/ha,PBS Crops Area and Production by Districts (all_crops_2015_2025)
Sargodha,2020-21,rice,50580.0,91300.0,1.8051,t/ha,PBS Crops Area and Production by Districts (all_crops_2015_2025)
Sargodha,2021-22,rice,55850.0,113480.0,2.0319,t/ha,PBS Crops Area and Production by Districts (all_crops_2015_2025)
Sargodha,2022-23,rice,43710.0,83250.0,1.9046,t/ha,PBS Crops Area and Production by Districts (all_crops_2015_2025)
Sargodha,2023-24,rice,69200.0,140509.99,2.0305,t/ha,PBS Crops Area and Production by Districts (all_crops_2015_2025)
Sargodha,2024-25,rice,61100.0,113500.0,1.8576,t/ha,PBS Crops Area and Production by Districts (all_crops_2015_2025)
Sheikhupura,2017-18,rice,181700.0,338140.02,1.861,t/ha,PBS Crops Area and Production by Districts (all_crops_2015_2025)
Sheikhupura,2018-19,rice,195050.0,376799.99,1.9318,t/ha,PBS Crops Area and Production by Districts (all_crops_2015_2025)
Sheikhupura,2019-20,rice,195869.99,391280.0,1.9977,t/ha,PBS Crops Area and Production by Districts (all_crops_2015_2025)
Sheikhupura,2020-21,rice,239560.0,507399.99,2.1181,t/ha,PBS Crops Area and Production by Districts (all_crops_2015_2025)
Sheikhupura,2021-22,rice,243210.01,483040.01,1.9861,t/ha,PBS Crops Area and Production by Districts (all_crops_2015_2025)
Sheikhupura,2022-23,rice,235920.0,538250.0,2.2815,t/ha,PBS Crops Area and Production by Districts (all_crops_2015_2025)
Sheikhupura,2023-24,rice,253730.0,528650.02,2.0835,t/ha,PBS Crops Area and Production by Districts (all_crops_2015_2025)
Sheikhupura,2024-25,rice,237600.01,502700.01,2.1157,t/ha,PBS Crops Area and Production by Districts (all_crops_2015_2025)
Sialkot,2017-18,rice,138000.0,264640.02,1.9177,t/ha,PBS Crops Area and Production by Districts (all_crops_2015_2025)
Sialkot,2018-19,rice,130710.01,241880.01,1.8505,t/ha,PBS Crops Area and Production by Districts (all_crops_2015_2025)
Sialkot,2019-20,rice,133950.0,253440.0,1.892,t/ha,PBS Crops Area and Production by Districts (all_crops_2015_2025)
Sialkot,2020-21,rice,171990.01,334500.0,1.9449,t/ha,PBS Crops Area and Production by Districts (all_crops_2015_2025)
Sialkot,2021-22,rice,167940.0,251759.99,1.4991,t/ha,PBS Crops Area and Production by Districts (all_crops_2015_2025)
Sialkot,2022-23,rice,186960.01,377040.01,2.0167,t/ha,PBS Crops Area and Production by Districts (all_crops_2015_2025)
Sialkot,2023-24,rice,203550.0,382730.01,1.8803,t/ha,PBS Crops Area and Production by Districts (all_crops_2015_2025)
Sialkot,2024-25,rice,197500.0,348000.0,1.762,t/ha,PBS Crops Area and Production by Districts (all_crops_2015_2025)
Toba Tek Singh,2017-18,rice,38850.0,91080.0,2.3444,t/ha,PBS Crops Area and Production by Districts (all_crops_2015_2025)
Toba Tek Singh,2018-19,rice,42090.0,122430.0,2.9088,t/ha,PBS Crops Area and Production by Districts (all_crops_2015_2025)
Toba Tek Singh,2019-20,rice,45730.0,106750.0,2.3344,t/ha,PBS Crops Area and Production by Districts (all_crops_2015_2025)
Toba Tek Singh,2020-21,rice,48970.0,139100.01,2.8405,t/ha,PBS Crops Area and Production by Districts (all_crops_2015_2025)
Toba Tek Singh,2021-22,rice,48960.0,121560.0,2.4828,t/ha,PBS Crops Area and Production by Districts (all_crops_2015_2025)
Toba Tek Singh,2022-23,rice,46130.0,119580.0,2.5922,t/ha,PBS Crops Area and Production by Districts (all_crops_2015_2025)
Toba Tek Singh,2023-24,rice,54220.0,154140.0,2.8429,t/ha,PBS Crops Area and Production by Districts (all_crops_2015_2025)
Toba Tek Singh,2024-25,rice,49800.0,119500.0,2.3996,t/ha,PBS Crops Area and Production by Districts (all_crops_2015_2025)
Vehari,2017-18,rice,33180.0,66940.0,2.0175,t/ha,PBS Crops Area and Production by Districts (all_crops_2015_2025)
Vehari,2018-19,rice,36010.0,86170.0,2.3929,t/ha,PBS Crops Area and Production by Districts (all_crops_2015_2025)
Vehari,2019-20,rice,43710.0,69830.0,1.5976,t/ha,PBS Crops Area and Production by Districts (all_crops_2015_2025)
Vehari,2020-21,rice,52210.0,116100.0,2.2237,t/ha,PBS Crops Area and Production by Districts (all_crops_2015_2025)
Vehari,2021-22,rice,57060.0,142009.99,2.4888,t/ha,PBS Crops Area and Production by Districts (all_crops_2015_2025)
Vehari,2022-23,rice,32780.0,84300.0,2.5717,t/ha,PBS Crops Area and Production by Districts (all_crops_2015_2025)
Vehari,2023-24,rice,48560.0,134770.0,2.7753,t/ha,PBS Crops Area and Production by Districts (all_crops_2015_2025)
Vehari,2024-25,rice,64300.0,162899.99,2.5334,t/ha,PBS Crops Area and Production by Districts (all_crops_2015_2025)
Attock,2017-18,sesamum,831.0,187.0,0.225,t/ha,PBS Crops Area and Production by Districts (all_crops_2015_2025)
Attock,2018-19,sesamum,811.0,190.0,0.2343,t/ha,PBS Crops Area and Production by Districts (all_crops_2015_2025)
Attock,2019-20,sesamum,623.0,251.0,0.4029,t/ha,PBS Crops Area and Production by Districts (all_crops_2015_2025)
Attock,2020-21,sesamum,611.0,174.0,0.2848,t/ha,PBS Crops Area and Production by Districts (all_crops_2015_2025)
Attock,2021-22,sesamum,587.0,219.0,0.3731,t/ha,PBS Crops Area and Production by Districts (all_crops_2015_2025)
Attock,2022-23,sesamum,609.0,566.0,0.9294,t/ha,PBS Crops Area and Production by Districts (all_crops_2015_2025)
Attock,2023-24,sesamum,741.0,452.0,0.61,t/ha,PBS Crops Area and Production by Districts (all_crops_2015_2025)
Attock,2024-25,sesamum,753.0,316.0,0.4197,t/ha,PBS Crops Area and Production by Districts (all_crops_2015_2025)
Bahawalnagar,2017-18,sesamum,4684.0,2440.0,0.5209,t/ha,PBS Crops Area and Production by Districts (all_crops_2015_2025)
Bahawalnagar,2018-19,sesamum,4676.0,2390.0,0.5111,t/ha,PBS Crops Area and Production by Districts (all_crops_2015_2025)
Bahawalnagar,2019-20,sesamum,8095.0,3941.0,0.4868,t/ha,PBS Crops Area and Production by Districts (all_crops_2015_2025)
Bahawalnagar,2020-21,sesamum,6060.0,5143.0,0.8487,t/ha,PBS Crops Area and Production by Districts (all_crops_2015_2025)
Bahawalnagar,2021-22,sesamum,7510.0,6629.0,0.8827,t/ha,PBS Crops Area and Production by Districts (all_crops_2015_2025)
Bahawalnagar,2022-23,sesamum,15796.0,9961.0,0.6306,t/ha,PBS Crops Area and Production by Districts (all_crops_2015_2025)
Bahawalnagar,2023-24,sesamum,17288.0,14098.0,0.8155,t/ha,PBS Crops Area and Production by Districts (all_crops_2015_2025)
Bahawalpur,2017-18,sesamum,507.0,338.0,0.6667,t/ha,PBS Crops Area and Production by Districts (all_crops_2015_2025)
Bahawalpur,2018-19,sesamum,618.0,220.0,0.356,t/ha,PBS Crops Area and Production by Districts (all_crops_2015_2025)
Bahawalpur,2019-20,sesamum,209.0,93.0,0.445,t/ha,PBS Crops Area and Production by Districts (all_crops_2015_2025)
Bahawalpur,2020-21,sesamum,689.0,367.0,0.5327,t/ha,PBS Crops Area and Production by Districts (all_crops_2015_2025)
Bahawalpur,2021-22,sesamum,508.0,229.0,0.4508,t/ha,PBS Crops Area and Production by Districts (all_crops_2015_2025)
Bahawalpur,2022-23,sesamum,705.0,328.0,0.4652,t/ha,PBS Crops Area and Production by Districts (all_crops_2015_2025)
Bahawalpur,2023-24,sesamum,4331.0,2500.0,0.5772,t/ha,PBS Crops Area and Production by Districts (all_crops_2015_2025)
Bahawalpur,2024-25,sesamum,13411.0,4213.0,0.3141,t/ha,PBS Crops Area and Production by Districts (all_crops_2015_2025)
Bhakkar,2017-18,sesamum,463.0,342.0,0.7387,t/ha,PBS Crops Area and Production by Districts (all_crops_2015_2025)
Bhakkar,2018-19,sesamum,498.0,372.0,0.747,t/ha,PBS Crops Area and Production by Districts (all_crops_2015_2025)
Bhakkar,2019-20,sesamum,326.0,153.0,0.4693,t/ha,PBS Crops Area and Production by Districts (all_crops_2015_2025)
Bhakkar,2020-21,sesamum,429.0,152.0,0.3543,t/ha,PBS Crops Area and Production by Districts (all_crops_2015_2025)
Bhakkar,2021-22,sesamum,630.0,380.0,0.6032,t/ha,PBS Crops Area and Production by Districts (all_crops_2015_2025)
Bhakkar,2022-23,sesamum,1450.0,851.0,0.5869,t/ha,PBS Crops Area and Production by Districts (all_crops_2015_2025)
Bhakkar,2023-24,sesamum,11554.0,7172.0,0.6207,t/ha,PBS Crops Area and Production by Districts (all_crops_2015_2025)
Bhakkar,2024-25,sesamum,23285.0,11646.0,0.5001,t/ha,PBS Crops Area and Production by Districts (all_crops_2015_2025)
Chakwal,2017-18,sesamum,143.0,19.0,0.1329,t/ha,PBS Crops Area and Production by Districts (all_crops_2015_2025)
Chakwal,2018-19,sesamum,176.0,25.0,0.142,t/ha,PBS Crops Area and Production by Districts (all_crops_2015_2025)
Chakwal,2019-20,sesamum,202.0,51.0,0.2525,t/ha,PBS Crops Area and Production by Districts (all_crops_2015_2025)
Chakwal,2020-21,sesamum,190.0,35.0,0.1842,t/ha,PBS Crops Area and Production by Districts (all_crops_2015_2025)
Chakwal,2021-22,sesamum,182.0,80.0,0.4396,t/ha,PBS Crops Area and Production by Districts (all_crops_2015_2025)
Chakwal,2022-23,sesamum,162.0,112.0,0.6914,t/ha,PBS Crops Area and Production by Districts (all_crops_2015_2025)
Chakwal,2023-24,sesamum,142.0,84.0,0.5915,t/ha,PBS Crops Area and Production by Districts (all_crops_2015_2025)
Chakwal,2024-25,sesamum,134.0,77.0,0.5746,t/ha,PBS Crops Area and Production by Districts (all_crops_2015_2025)
Chiniot,2017-18,sesamum,1628.0,764.0,0.4693,t/ha,PBS Crops Area and Production by Districts (all_crops_2015_2025)
Chiniot,2018-19,sesamum,1973.0,944.0,0.4785,t/ha,PBS Crops Area and Production by Districts (all_crops_2015_2025)
Chiniot,2019-20,sesamum,1266.0,584.0,0.4613,t/ha,PBS Crops Area and Production by Districts (all_crops_2015_2025)
Chiniot,2020-21,sesamum,1214.0,600.0,0.4942,t/ha,PBS Crops Area and Production by Districts (all_crops_2015_2025)
Chiniot,2021-22,sesamum,1372.0,792.0,0.5773,t/ha,PBS Crops Area and Production by Districts (all_crops_2015_2025)
Chiniot,2022-23,sesamum,104.0,81.0,0.7788,t/ha,PBS Crops Area and Production by Districts (all_crops_2015_2025)
Chiniot,2023-24,sesamum,689.0,632.0,0.9173,t/ha,PBS Crops Area and Production by Districts (all_crops_2015_2025)
Chiniot,2024-25,sesamum,6582.0,4073.0,0.6188,t/ha,PBS Crops Area and Production by Districts (all_crops_2015_2025)
Dera Ghazi Khan,2017-18,sesamum,7963.0,1422.0,0.1786,t/ha,PBS Crops Area and Production by Districts (all_crops_2015_2025)
Dera Ghazi Khan,2018-19,sesamum,7689.0,1275.0,0.1658,t/ha,PBS Crops Area and Production by Districts (all_crops_2015_2025)
Dera Ghazi Khan,2019-20,sesamum,6938.0,1284.0,0.1851,t/ha,PBS Crops Area and Production by Districts (all_crops_2015_2025)
Dera Ghazi Khan,2020-21,sesamum,4437.0,2401.0,0.5411,t/ha,PBS Crops Area and Production by Districts (all_crops_2015_2025)
Dera Ghazi Khan,2021-22,sesamum,12320.0,5541.0,0.4498,t/ha,PBS Crops Area and Production by Districts (all_crops_2015_2025)
Dera Ghazi Khan,2022-23,sesamum,13494.0,8990.0,0.6662,t/ha,PBS Crops Area and Production by Districts (all_crops_2015_2025)
Dera Ghazi Khan,2023-24,sesamum,15646.0,11351.0,0.7255,t/ha,PBS Crops Area and Production by Districts (all_crops_2015_2025)
Dera Ghazi Khan,2024-25,sesamum,28486.0,22646.0,0.795,t/ha,PBS Crops Area and Production by Districts (all_crops_2015_2025)
Faisalabad,2017-18,sesamum,4341.0,2082.0,0.4796,t/ha,PBS Crops Area and Production by Districts (all_crops_2015_2025)
Faisalabad,2018-19,sesamum,4515.0,2144.0,0.4749,t/ha,PBS Crops Area and Production by Districts (all_crops_2015_2025)
Faisalabad,2019-20,sesamum,17347.0,8160.0,0.4704,t/ha,PBS Crops Area and Production by Districts (all_crops_2015_2025)
Faisalabad,2020-21,sesamum,17015.0,11463.0,0.6737,t/ha,PBS Crops Area and Production by Districts (all_crops_2015_2025)
Faisalabad,2021-22,sesamum,14085.0,8743.0,0.6207,t/ha,PBS Crops Area and Production by Districts (all_crops_2015_2025)
Faisalabad,2022-23,sesamum,17959.0,11929.0,0.6642,t/ha,PBS Crops Area and Production by Districts (all_crops_2015_2025)
Faisalabad,2023-24,sesamum,28112.0,22424.0,0.7977,t/ha,PBS Crops Area and Production by Districts (all_crops_2015_2025)
Faisalabad,2024-25,sesamum,50204.0,28285.0,0.5634,t/ha,PBS Crops Area and Production by Districts (all_crops_2015_2025)
Gujranwala,2017-18,sesamum,152.0,22.0,0.1447,t/ha,PBS Crops Area and Production by Districts (all_crops_2015_2025)
Gujranwala,2018-19,sesamum,38.0,6.0,0.1579,t/ha,PBS Crops Area and Production by Districts (all_crops_2015_2025)
Gujranwala,2019-20,sesamum,256.0,71.0,0.2773,t/ha,PBS Crops Area and Production by Districts (all_crops_2015_2025)
Gujranwala,2020-21,sesamum,12.0,7.0,0.5833,t/ha,PBS Crops Area and Production by Districts (all_crops_2015_2025)
Gujranwala,2022-23,sesamum,52.0,21.0,0.4038,t/ha,PBS Crops Area and Production by Districts (all_crops_2015_2025)
Gujranwala,2023-24,sesamum,16.0,7.0,0.4375,t/ha,PBS Crops Area and Production by Districts (all_crops_2015_2025)
Gujranwala,2024-25,sesamum,12.0,8.0,0.6667,t/ha,PBS Crops Area and Production by Districts (all_crops_2015_2025)
Gujrat,2017-18,sesamum,301.0,107.0,0.3555,t/ha,PBS Crops Area and Production by Districts (all_crops_2015_2025)
Gujrat,2018-19,sesamum,222.0,41.0,0.1847,t/ha,PBS Crops Area and Production by Districts (all_crops_2015_2025)
Gujrat,2019-20,sesamum,30.0,11.0,0.3667,t/ha,PBS Crops Area and Production by Districts (all_crops_2015_2025)
Gujrat,2020-21,sesamum,56.0,34.0,0.6071,t/ha,PBS Crops Area and Production by Districts (all_crops_2015_2025)
Gujrat,2021-22,sesamum,37.0,15.0,0.4054,t/ha,PBS Crops Area and Production by Districts (all_crops_2015_2025)
Gujrat,2022-23,sesamum,229.0,96.0,0.4192,t/ha,PBS Crops Area and Production by Districts (all_crops_2015_2025)
Gujrat,2023-24,sesamum,316.0,140.0,0.443,t/ha,PBS Crops Area and Production by Districts (all_crops_2015_2025)
Gujrat,2024-25,sesamum,287.0,133.0,0.4634,t/ha,PBS Crops Area and Production by Districts (all_crops_2015_2025)
Hafizabad,2017-18,sesamum,3002.0,594.0,0.1979,t/ha,PBS Crops Area and Production by Districts (all_crops_2015_2025)
Hafizabad,2018-19,sesamum,2592.0,519.0,0.2002,t/ha,PBS Crops Area and Production by Districts (all_crops_2015_2025)
Hafizabad,2019-20,sesamum,2044.0,405.0,0.1981,t/ha,PBS Crops Area and Production by Districts (all_crops_2015_2025)
Hafizabad,2020-21,sesamum,441.0,328.0,0.7438,t/ha,PBS Crops Area and Production by Districts (all_crops_2015_2025)
Hafizabad,2021-22,sesamum,389.0,233.0,0.599,t/ha,PBS Crops Area and Production by Districts (all_crops_2015_2025)
Hafizabad,2023-24,sesamum,62.0,29.0,0.4677,t/ha,PBS Crops Area and Production by Districts (all_crops_2015_2025)
Hafizabad,2024-25,sesamum,45.0,24.0,0.5333,t/ha,PBS Crops Area and Production by Districts (all_crops_2015_2025)
Jhang,2017-18,sesamum,466.0,193.0,0.4142,t/ha,PBS Crops Area and Production by Districts (all_crops_2015_2025)
Jhang,2018-19,sesamum,797.0,320.0,0.4015,t/ha,PBS Crops Area and Production by Districts (all_crops_2015_2025)
Jhang,2019-20,sesamum,1015.0,399.0,0.3931,t/ha,PBS Crops Area and Production by Districts (all_crops_2015_2025)
Jhang,2020-21,sesamum,931.0,462.0,0.4962,t/ha,PBS Crops Area and Production by Districts (all_crops_2015_2025)
Jhang,2021-22,sesamum,1062.0,569.0,0.5358,t/ha,PBS Crops Area and Production by Districts (all_crops_2015_2025)
Jhang,2022-23,sesamum,2039.0,1024.0,0.5022,t/ha,PBS Crops Area and Production by Districts (all_crops_2015_2025)
Jhang,2023-24,sesamum,6429.0,4620.0,0.7186,t/ha,PBS Crops Area and Production by Districts (all_crops_2015_2025)
Jhang,2024-25,sesamum,15090.0,8144.0,0.5397,t/ha,PBS Crops Area and Production by Districts (all_crops_2015_2025)
Jhelum,2017-18,sesamum,804.0,179.0,0.2226,t/ha,PBS Crops Area and Production by Districts (all_crops_2015_2025)
Jhelum,2018-19,sesamum,1059.0,230.0,0.2172,t/ha,PBS Crops Area and Production by Districts (all_crops_2015_2025)
Jhelum,2019-20,sesamum,1562.0,356.0,0.2279,t/ha,PBS Crops Area and Production by Districts (all_crops_2015_2025)
Jhelum,2020-21,sesamum,991.0,272.0,0.2745,t/ha,PBS Crops Area and Production by Districts (all_crops_2015_2025)
Jhelum,2021-22,sesamum,1052.0,255.0,0.2424,t/ha,PBS Crops Area and Production by Districts (all_crops_2015_2025)
Jhelum,2022-23,sesamum,1097.0,612.0,0.5579,t/ha,PBS Crops Area and Production by Districts (all_crops_2015_2025)
Jhelum,2023-24,sesamum,293.0,166.0,0.5666,t/ha,PBS Crops Area and Production by Districts (all_crops_2015_2025)
Jhelum,2024-25,sesamum,316.0,187.0,0.5918,t/ha,PBS Crops Area and Production by Districts (all_crops_2015_2025)
Kasur,2017-18,sesamum,2335.0,1831.0,0.7842,t/ha,PBS Crops Area and Production by Districts (all_crops_2015_2025)
Kasur,2018-19,sesamum,2461.0,1980.0,0.8046,t/ha,PBS Crops Area and Production by Districts (all_crops_2015_2025)
Kasur,2019-20,sesamum,3897.0,3233.0,0.8296,t/ha,PBS Crops Area and Production by Districts (all_crops_2015_2025)
Kasur,2020-21,sesamum,3405.0,1837.0,0.5395,t/ha,PBS Crops Area and Production by Districts (all_crops_2015_2025)
Kasur,2021-22,sesamum,4536.0,3183.0,0.7017,t/ha,PBS Crops Area and Production by Districts (all_crops_2015_2025)
Kasur,2022-23,sesamum,7741.0,6542.0,0.8451,t/ha,PBS Crops Area and Production by Districts (all_crops_2015_2025)
Kasur,2023-24,sesamum,7500.0,5634.0,0.7512,t/ha,PBS Crops Area and Production by Districts (all_crops_2015_2025)
Kasur,2024-25,sesamum,9720.0,6072.0,0.6247,t/ha,PBS Crops Area and Production by Districts (all_crops_2015_2025)
Khanewal,2017-18,sesamum,973.0,619.0,0.6362,t/ha,PBS Crops Area and Production by Districts (all_crops_2015_2025)
Khanewal,2018-19,sesamum,1821.0,810.0,0.4448,t/ha,PBS Crops Area and Production by Districts (all_crops_2015_2025)
Khanewal,2019-20,sesamum,2747.0,1012.0,0.3684,t/ha,PBS Crops Area and Production by Districts (all_crops_2015_2025)
Khanewal,2020-21,sesamum,11987.0,5402.0,0.4507,t/ha,PBS Crops Area and Production by Districts (all_crops_2015_2025)
Khanewal,2021-22,sesamum,16865.0,8768.0,0.5199,t/ha,PBS Crops Area and Production by Districts (all_crops_2015_2025)
Khanewal,2022-23,sesamum,26086.0,15290.0,0.5861,t/ha,PBS Crops Area and Production by Districts (all_crops_2015_2025)
Khanewal,2023-24,sesamum,41637.0,30085.0,0.7226,t/ha,PBS Crops Area and Production by Districts (all_crops_2015_2025)
Khanewal,2024-25,sesamum,84976.0,47624.0,0.5604,t/ha,PBS Crops Area and Production by Districts (all_crops_2015_2025)
Khushab,2017-18,sesamum,189.0,78.0,0.4127,t/ha,PBS Crops Area and Production by Districts (all_crops_2015_2025)
Khushab,2018-19,sesamum,94.0,42.0,0.4468,t/ha,PBS Crops Area and Production by Districts (all_crops_2015_2025)
Khushab,2019-20,sesamum,160.0,67.0,0.4188,t/ha,PBS Crops Area and Production by Districts (all_crops_2015_2025)
Khushab,2020-21,sesamum,4.0,1.0,0.25,t/ha,PBS Crops Area and Production by Districts (all_crops_2015_2025)
Khushab,2021-22,sesamum,72.0,21.0,0.2917,t/ha,PBS Crops Area and Production by Districts (all_crops_2015_2025)
Khushab,2022-23,sesamum,81.0,48.0,0.5926,t/ha,PBS Crops Area and Production by Districts (all_crops_2015_2025)
Khushab,2023-24,sesamum,473.0,129.0,0.2727,t/ha,PBS Crops Area and Production by Districts (all_crops_2015_2025)
Khushab,2024-25,sesamum,419.0,132.0,0.315,t/ha,PBS Crops Area and Production by Districts (all_crops_2015_2025)
Lahore,2017-18,sesamum,17.0,2.0,0.1176,t/ha,PBS Crops Area and Production by Districts (all_crops_2015_2025)
Lahore,2018-19,sesamum,2.0,2.0,1.0,t/ha,PBS Crops Area and Production by Districts (all_crops_2015_2025)
Lahore,2019-20,sesamum,24.0,20.0,0.8333,t/ha,PBS Crops Area and Production by Districts (all_crops_2015_2025)
Lahore,2020-21,sesamum,8.0,5.0,0.625,t/ha,PBS Crops Area and Production by Districts (all_crops_2015_2025)
Lahore,2021-22,sesamum,6.0,3.0,0.5,t/ha,PBS Crops Area and Production by Districts (all_crops_2015_2025)
Lahore,2022-23,sesamum,57.0,27.0,0.4737,t/ha,PBS Crops Area and Production by Districts (all_crops_2015_2025)
Lahore,2023-24,sesamum,339.0,159.0,0.469,t/ha,PBS Crops Area and Production by Districts (all_crops_2015_2025)
Lahore,2024-25,sesamum,749.0,366.0,0.4887,t/ha,PBS Crops Area and Production by Districts (all_crops_2015_2025)
Layyah,2017-18,sesamum,9143.0,4217.0,0.4612,t/ha,PBS Crops Area and Production by Districts (all_crops_2015_2025)
Layyah,2018-19,sesamum,11286.0,4656.0,0.4125,t/ha,PBS Crops Area and Production by Districts (all_crops_2015_2025)
Layyah,2019-20,sesamum,24575.0,10394.0,0.4229,t/ha,PBS Crops Area and Production by Districts (all_crops_2015_2025)
Layyah,2020-21,sesamum,56130.0,30116.0,0.5365,t/ha,PBS Crops Area and Production by Districts (all_crops_2015_2025)
Layyah,2021-22,sesamum,56704.0,33517.0,0.5911,t/ha,PBS Crops Area and Production by Districts (all_crops_2015_2025)
Layyah,2022-23,sesamum,65878.0,21684.0,0.3292,t/ha,PBS Crops Area and Production by Districts (all_crops_2015_2025)
Layyah,2023-24,sesamum,80505.0,51246.0,0.6366,t/ha,PBS Crops Area and Production by Districts (all_crops_2015_2025)
Layyah,2024-25,sesamum,109339.0,58469.0,0.5347,t/ha,PBS Crops Area and Production by Districts (all_crops_2015_2025)
Lodhran,2017-18,sesamum,172.0,74.0,0.4302,t/ha,PBS Crops Area and Production by Districts (all_crops_2015_2025)
Lodhran,2018-19,sesamum,162.0,108.0,0.6667,t/ha,PBS Crops Area and Production by Districts (all_crops_2015_2025)
Lodhran,2019-20,sesamum,156.0,103.0,0.6603,t/ha,PBS Crops Area and Production by Districts (all_crops_2015_2025)
Lodhran,2020-21,sesamum,393.0,175.0,0.4453,t/ha,PBS Crops Area and Production by Districts (all_crops_2015_2025)
Lodhran,2021-22,sesamum,689.0,426.0,0.6183,t/ha,PBS Crops Area and Production by Districts (all_crops_2015_2025)
Lodhran,2022-23,sesamum,1045.0,744.0,0.712,t/ha,PBS Crops Area and Production by Districts (all_crops_2015_2025)
Lodhran,2023-24,sesamum,5375.0,3746.0,0.6969,t/ha,PBS Crops Area and Production by Districts (all_crops_2015_2025)
Lodhran,2024-25,sesamum,18255.0,12974.0,0.7107,t/ha,PBS Crops Area and Production by Districts (all_crops_2015_2025)
Mandi Bahauddin,2017-18,sesamum,3204.0,1175.0,0.3667,t/ha,PBS Crops Area and Production by Districts (all_crops_2015_2025)
Mandi Bahauddin,2018-19,sesamum,2945.0,1080.0,0.3667,t/ha,PBS Crops Area and Production by Districts (all_crops_2015_2025)
Mandi Bahauddin,2019-20,sesamum,1589.0,657.0,0.4135,t/ha,PBS Crops Area and Production by Districts (all_crops_2015_2025)
Mandi Bahauddin,2020-21,sesamum,490.0,312.0,0.6367,t/ha,PBS Crops Area and Production by Districts (all_crops_2015_2025)
Mandi Bahauddin,2021-22,sesamum,323.0,155.0,0.4799,t/ha,PBS Crops Area and Production by Districts (all_crops_2015_2025)
Mandi Bahauddin,2022-23,sesamum,1570.0,512.0,0.3261,t/ha,PBS Crops Area and Production by Districts (all_crops_2015_2025)
Mandi Bahauddin,2023-24,sesamum,900.0,418.0,0.4644,t/ha,PBS Crops Area and Production by Districts (all_crops_2015_2025)
Mandi Bahauddin,2024-25,sesamum,1101.0,506.0,0.4596,t/ha,PBS Crops Area and Production by Districts (all_crops_2015_2025)
Mianwali,2017-18,sesamum,106.0,47.0,0.4434,t/ha,PBS Crops Area and Production by Districts (all_crops_2015_2025)
Mianwali,2018-19,sesamum,282.0,118.0,0.4184,t/ha,PBS Crops Area and Production by Districts (all_crops_2015_2025)
Mianwali,2019-20,sesamum,1204.0,537.0,0.446,t/ha,PBS Crops Area and Production by Districts (all_crops_2015_2025)
Mianwali,2020-21,sesamum,334.0,136.0,0.4072,t/ha,PBS Crops Area and Production by Districts (all_crops_2015_2025)
Mianwali,2021-22,sesamum,133.0,81.0,0.609,t/ha,PBS Crops Area and Production by Districts (all_crops_2015_2025)
Mianwali,2022-23,sesamum,252.0,197.0,0.7817,t/ha,PBS Crops Area and Production by Districts (all_crops_2015_2025)
Mianwali,2023-24,sesamum,2108.0,1267.0,0.601,t/ha,PBS Crops Area and Production by Districts (all_crops_2015_2025)
Mianwali,2024-25,sesamum,3290.0,1538.0,0.4675,t/ha,PBS Crops Area and Production by Districts (all_crops_2015_2025)
Multan,2017-18,sesamum,199.0,93.0,0.4673,t/ha,PBS Crops Area and Production by Districts (all_crops_2015_2025)
Multan,2018-19,sesamum,135.0,77.0,0.5704,t/ha,PBS Crops Area and Production by Districts (all_crops_2015_2025)
Multan,2019-20,sesamum,129.0,76.0,0.5891,t/ha,PBS Crops Area and Production by Districts (all_crops_2015_2025)
Multan,2020-21,sesamum,89.0,53.0,0.5955,t/ha,PBS Crops Area and Production by Districts (all_crops_2015_2025)
Multan,2021-22,sesamum,146.0,75.0,0.5137,t/ha,PBS Crops Area and Production by Districts (all_crops_2015_2025)
Multan,2022-23,sesamum,412.0,146.0,0.3544,t/ha,PBS Crops Area and Production by Districts (all_crops_2015_2025)
Multan,2023-24,sesamum,3050.0,2011.0,0.6593,t/ha,PBS Crops Area and Production by Districts (all_crops_2015_2025)
Multan,2024-25,sesamum,12366.0,6686.0,0.5407,t/ha,PBS Crops Area and Production by Districts (all_crops_2015_2025)
Muzaffargarh,2017-18,sesamum,5019.0,2000.0,0.3985,t/ha,PBS Crops Area and Production by Districts (all_crops_2015_2025)
Muzaffargarh,2018-19,sesamum,4500.0,1760.0,0.3911,t/ha,PBS Crops Area and Production by Districts (all_crops_2015_2025)
Muzaffargarh,2019-20,sesamum,7200.0,4275.0,0.5938,t/ha,PBS Crops Area and Production by Districts (all_crops_2015_2025)
Muzaffargarh,2020-21,sesamum,10791.0,8912.0,0.8259,t/ha,PBS Crops Area and Production by Districts (all_crops_2015_2025)
Muzaffargarh,2021-22,sesamum,12901.0,8352.0,0.6474,t/ha,PBS Crops Area and Production by Districts (all_crops_2015_2025)
Muzaffargarh,2022-23,sesamum,9619.0,5372.0,0.5585,t/ha,PBS Crops Area and Production by Districts (all_crops_2015_2025)
Muzaffargarh,2023-24,sesamum,23347.0,18652.0,0.7989,t/ha,PBS Crops Area and Production by Districts (all_crops_2015_2025)
Muzaffargarh,2024-25,sesamum,52517.0,37362.0,0.7114,t/ha,PBS Crops Area and Production by Districts (all_crops_2015_2025)
Nankana Sahib,2017-18,sesamum,1102.0,358.0,0.3249,t/ha,PBS Crops Area and Production by Districts (all_crops_2015_2025)
Nankana Sahib,2018-19,sesamum,914.0,298.0,0.326,t/ha,PBS Crops Area and Production by Districts (all_crops_2015_2025)
Nankana Sahib,2019-20,sesamum,1577.0,509.0,0.3228,t/ha,PBS Crops Area and Production by Districts (all_crops_2015_2025)
Nankana Sahib,2020-21,sesamum,340.0,303.0,0.8912,t/ha,PBS Crops Area and Production by Districts (all_crops_2015_2025)
Nankana Sahib,2021-22,sesamum,221.0,112.0,0.5068,t/ha,PBS Crops Area and Production by Districts (all_crops_2015_2025)
Nankana Sahib,2022-23,sesamum,320.0,166.0,0.5188,t/ha,PBS Crops Area and Production by Districts (all_crops_2015_2025)
Nankana Sahib,2023-24,sesamum,1931.0,1947.0,1.0083,t/ha,PBS Crops Area and Production by Districts (all_crops_2015_2025)
Nankana Sahib,2024-25,sesamum,2825.0,1994.0,0.7058,t/ha,PBS Crops Area and Production by Districts (all_crops_2015_2025)
Narowal,2017-18,sesamum,360.0,47.0,0.1306,t/ha,PBS Crops Area and Production by Districts (all_crops_2015_2025)
Narowal,2018-19,sesamum,214.0,28.0,0.1308,t/ha,PBS Crops Area and Production by Districts (all_crops_2015_2025)
Narowal,2019-20,sesamum,232.0,31.0,0.1336,t/ha,PBS Crops Area and Production by Districts (all_crops_2015_2025)
Narowal,2020-21,sesamum,15.0,8.0,0.5333,t/ha,PBS Crops Area and Production by Districts (all_crops_2015_2025)
Narowal,2021-22,sesamum,70.0,29.0,0.4143,t/ha,PBS Crops Area and Production by Districts (all_crops_2015_2025)
Narowal,2022-23,sesamum,70.0,23.0,0.3286,t/ha,PBS Crops Area and Production by Districts (all_crops_2015_2025)
Narowal,2023-24,sesamum,13.0,7.0,0.5385,t/ha,PBS Crops Area and Production by Districts (all_crops_2015_2025)
Narowal,2024-25,sesamum,42.0,10.0,0.2381,t/ha,PBS Crops Area and Production by Districts (all_crops_2015_2025)
Okara,2017-18,sesamum,3450.0,1757.0,0.5093,t/ha,PBS Crops Area and Production by Districts (all_crops_2015_2025)
Okara,2018-19,sesamum,4294.0,2578.0,0.6004,t/ha,PBS Crops Area and Production by Districts (all_crops_2015_2025)
Okara,2019-20,sesamum,8052.0,5035.0,0.6253,t/ha,PBS Crops Area and Production by Districts (all_crops_2015_2025)
Okara,2020-21,sesamum,9063.0,6914.0,0.7629,t/ha,PBS Crops Area and Production by Districts (all_crops_2015_2025)
Okara,2021-22,sesamum,11325.0,10287.0,0.9083,t/ha,PBS Crops Area and Production by Districts (all_crops_2015_2025)
Okara,2022-23,sesamum,16356.0,13791.0,0.8432,t/ha,PBS Crops Area and Production by Districts (all_crops_2015_2025)
Okara,2023-24,sesamum,19474.0,16688.0,0.8569,t/ha,PBS Crops Area and Production by Districts (all_crops_2015_2025)
Okara,2024-25,sesamum,29132.0,18457.0,0.6336,t/ha,PBS Crops Area and Production by Districts (all_crops_2015_2025)
Pakpattan,2017-18,sesamum,992.0,462.0,0.4657,t/ha,PBS Crops Area and Production by Districts (all_crops_2015_2025)
Pakpattan,2018-19,sesamum,972.0,693.0,0.713,t/ha,PBS Crops Area and Production by Districts (all_crops_2015_2025)
Pakpattan,2019-20,sesamum,3012.0,2070.0,0.6873,t/ha,PBS Crops Area and Production by Districts (all_crops_2015_2025)
Pakpattan,2020-21,sesamum,4182.0,2933.0,0.7013,t/ha,PBS Crops Area and Production by Districts (all_crops_2015_2025)
Pakpattan,2021-22,sesamum,8648.0,9727.0,1.1248,t/ha,PBS Crops Area and Production by Districts (all_crops_2015_2025)
Pakpattan,2022-23,sesamum,19534.0,15543.0,0.7957,t/ha,PBS Crops Area and Production by Districts (all_crops_2015_2025)
Pakpattan,2023-24,sesamum,27348.0,24058.0,0.8797,t/ha,PBS Crops Area and Production by Districts (all_crops_2015_2025)
Pakpattan,2024-25,sesamum,39697.0,25152.0,0.6336,t/ha,PBS Crops Area and Production by Districts (all_crops_2015_2025)
Rahim Yar Khan,2017-18,sesamum,250.0,132.0,0.528,t/ha,PBS Crops Area and Production by Districts (all_crops_2015_2025)
Rahim Yar Khan,2018-19,sesamum,646.0,328.0,0.5077,t/ha,PBS Crops Area and Production by Districts (all_crops_2015_2025)
Rahim Yar Khan,2019-20,sesamum,467.0,237.0,0.5075,t/ha,PBS Crops Area and Production by Districts (all_crops_2015_2025)
Rahim Yar Khan,2020-21,sesamum,134.0,95.0,0.709,t/ha,PBS Crops Area and Production by Districts (all_crops_2015_2025)
Rahim Yar Khan,2021-22,sesamum,355.0,258.0,0.7268,t/ha,PBS Crops Area and Production by Districts (all_crops_2015_2025)
Rahim Yar Khan,2022-23,sesamum,597.0,291.0,0.4874,t/ha,PBS Crops Area and Production by Districts (all_crops_2015_2025)
Rahim Yar Khan,2023-24,sesamum,1754.0,1508.0,0.8597,t/ha,PBS Crops Area and Production by Districts (all_crops_2015_2025)
Rahim Yar Khan,2024-25,sesamum,6287.0,29636.0,4.7139,t/ha,PBS Crops Area and Production by Districts (all_crops_2015_2025)
Rajanpur,2017-18,sesamum,4165.0,699.0,0.1678,t/ha,PBS Crops Area and Production by Districts (all_crops_2015_2025)
Rajanpur,2018-19,sesamum,4143.0,757.0,0.1827,t/ha,PBS Crops Area and Production by Districts (all_crops_2015_2025)
Rajanpur,2019-20,sesamum,4670.0,995.0,0.2131,t/ha,PBS Crops Area and Production by Districts (all_crops_2015_2025)
Rajanpur,2020-21,sesamum,470.0,268.0,0.5702,t/ha,PBS Crops Area and Production by Districts (all_crops_2015_2025)
Rajanpur,2021-22,sesamum,904.0,548.0,0.6062,t/ha,PBS Crops Area and Production by Districts (all_crops_2015_2025)
Rajanpur,2022-23,sesamum,754.0,405.0,0.5371,t/ha,PBS Crops Area and Production by Districts (all_crops_2015_2025)
Rajanpur,2023-24,sesamum,1563.0,1001.0,0.6404,t/ha,PBS Crops Area and Production by Districts (all_crops_2015_2025)
Rajanpur,2024-25,sesamum,15842.0,7171.0,0.4527,t/ha,PBS Crops Area and Production by Districts (all_crops_2015_2025)
Rawalpindi,2017-18,sesamum,18.0,5.0,0.2778,t/ha,PBS Crops Area and Production by Districts (all_crops_2015_2025)
Rawalpindi,2018-19,sesamum,73.0,26.0,0.3562,t/ha,PBS Crops Area and Production by Districts (all_crops_2015_2025)
Rawalpindi,2019-20,sesamum,87.0,33.0,0.3793,t/ha,PBS Crops Area and Production by Districts (all_crops_2015_2025)
Rawalpindi,2020-21,sesamum,37.0,13.0,0.3514,t/ha,PBS Crops Area and Production by Districts (all_crops_2015_2025)
Rawalpindi,2021-22,sesamum,24.0,5.0,0.2083,t/ha,PBS Crops Area and Production by Districts (all_crops_2015_2025)
Rawalpindi,2022-23,sesamum,26.0,18.0,0.6923,t/ha,PBS Crops Area and Production by Districts (all_crops_2015_2025)
Rawalpindi,2023-24,sesamum,28.0,17.0,0.6071,t/ha,PBS Crops Area and Production by Districts (all_crops_2015_2025)
Rawalpindi,2024-25,sesamum,30.0,14.0,0.4667,t/ha,PBS Crops Area and Production by Districts (all_crops_2015_2025)
Sahiwal,2017-18,sesamum,748.0,427.0,0.5709,t/ha,PBS Crops Area and Production by Districts (all_crops_2015_2025)
Sahiwal,2018-19,sesamum,883.0,722.0,0.8177,t/ha,PBS Crops Area and Production by Districts (all_crops_2015_2025)
Sahiwal,2019-20,sesamum,2739.0,2231.0,0.8145,t/ha,PBS Crops Area and Production by Districts (all_crops_2015_2025)
Sahiwal,2020-21,sesamum,5460.0,3930.0,0.7198,t/ha,PBS Crops Area and Production by Districts (all_crops_2015_2025)
Sahiwal,2021-22,sesamum,9313.0,7272.0,0.7808,t/ha,PBS Crops Area and Production by Districts (all_crops_2015_2025)
Sahiwal,2022-23,sesamum,18987.0,13944.0,0.7344,t/ha,PBS Crops Area and Production by Districts (all_crops_2015_2025)
Sahiwal,2023-24,sesamum,26381.0,23833.0,0.9034,t/ha,PBS Crops Area and Production by Districts (all_crops_2015_2025)
Sahiwal,2024-25,sesamum,38541.0,24077.0,0.6247,t/ha,PBS Crops Area and Production by Districts (all_crops_2015_2025)
Sargodha,2017-18,sesamum,5946.0,2281.0,0.3836,t/ha,PBS Crops Area and Production by Districts (all_crops_2015_2025)
Sargodha,2018-19,sesamum,6507.0,2605.0,0.4003,t/ha,PBS Crops Area and Production by Districts (all_crops_2015_2025)
Sargodha,2019-20,sesamum,9485.0,3710.0,0.3911,t/ha,PBS Crops Area and Production by Districts (all_crops_2015_2025)
Sargodha,2020-21,sesamum,2469.0,1409.0,0.5707,t/ha,PBS Crops Area and Production by Districts (all_crops_2015_2025)
Sargodha,2021-22,sesamum,2413.0,1054.0,0.4368,t/ha,PBS Crops Area and Production by Districts (all_crops_2015_2025)
Sargodha,2022-23,sesamum,1700.0,1008.0,0.5929,t/ha,PBS Crops Area and Production by Districts (all_crops_2015_2025)
Sargodha,2023-24,sesamum,2578.0,1338.0,0.519,t/ha,PBS Crops Area and Production by Districts (all_crops_2015_2025)
Sargodha,2024-25,sesamum,2859.0,1204.0,0.4211,t/ha,PBS Crops Area and Production by Districts (all_crops_2015_2025)
Sheikhupura,2017-18,sesamum,1086.0,365.0,0.3361,t/ha,PBS Crops Area and Production by Districts (all_crops_2015_2025)
Sheikhupura,2018-19,sesamum,948.0,346.0,0.365,t/ha,PBS Crops Area and Production by Districts (all_crops_2015_2025)
Sheikhupura,2019-20,sesamum,403.0,141.0,0.3499,t/ha,PBS Crops Area and Production by Districts (all_crops_2015_2025)
Sheikhupura,2020-21,sesamum,202.0,119.0,0.5891,t/ha,PBS Crops Area and Production by Districts (all_crops_2015_2025)
Sheikhupura,2021-22,sesamum,19.0,10.0,0.5263,t/ha,PBS Crops Area and Production by Districts (all_crops_2015_2025)
Sheikhupura,2022-23,sesamum,20.0,10.0,0.5,t/ha,PBS Crops Area and Production by Districts (all_crops_2015_2025)
Sheikhupura,2023-24,sesamum,197.0,109.0,0.5533,t/ha,PBS Crops Area and Production by Districts (all_crops_2015_2025)
Sheikhupura,2024-25,sesamum,334.0,249.0,0.7455,t/ha,PBS Crops Area and Production by Districts (all_crops_2015_2025)
Sialkot,2017-18,sesamum,15.0,4.0,0.2667,t/ha,PBS Crops Area and Production by Districts (all_crops_2015_2025)
Sialkot,2018-19,sesamum,17.0,5.0,0.2941,t/ha,PBS Crops Area and Production by Districts (all_crops_2015_2025)
Sialkot,2019-20,sesamum,17.0,4.0,0.2353,t/ha,PBS Crops Area and Production by Districts (all_crops_2015_2025)
Toba Tek Singh,2017-18,sesamum,1561.0,1367.0,0.8757,t/ha,PBS Crops Area and Production by Districts (all_crops_2015_2025)
Toba Tek Singh,2018-19,sesamum,1683.0,1166.0,0.6928,t/ha,PBS Crops Area and Production by Districts (all_crops_2015_2025)
Toba Tek Singh,2019-20,sesamum,7755.0,3655.0,0.4713,t/ha,PBS Crops Area and Production by Districts (all_crops_2015_2025)
Toba Tek Singh,2020-21,sesamum,6954.0,4068.0,0.585,t/ha,PBS Crops Area and Production by Districts (all_crops_2015_2025)
Toba Tek Singh,2021-22,sesamum,6189.0,3909.0,0.6316,t/ha,PBS Crops Area and Production by Districts (all_crops_2015_2025)
Toba Tek Singh,2022-23,sesamum,6326.0,3889.0,0.6148,t/ha,PBS Crops Area and Production by Districts (all_crops_2015_2025)
Toba Tek Singh,2023-24,sesamum,11379.0,8627.0,0.7582,t/ha,PBS Crops Area and Production by Districts (all_crops_2015_2025)
Toba Tek Singh,2024-25,sesamum,23000.0,11890.0,0.517,t/ha,PBS Crops Area and Production by Districts (all_crops_2015_2025)
Vehari,2017-18,sesamum,534.0,223.0,0.4176,t/ha,PBS Crops Area and Production by Districts (all_crops_2015_2025)
Vehari,2018-19,sesamum,573.0,228.0,0.3979,t/ha,PBS Crops Area and Production by Districts (all_crops_2015_2025)
Vehari,2019-20,sesamum,1718.0,677.0,0.3941,t/ha,PBS Crops Area and Production by Districts (all_crops_2015_2025)
Vehari,2020-21,sesamum,2827.0,2217.0,0.7842,t/ha,PBS Crops Area and Production by Districts (all_crops_2015_2025)
Vehari,2021-22,sesamum,5256.0,4323.0,0.8225,t/ha,PBS Crops Area and Production by Districts (all_crops_2015_2025)
Vehari,2022-23,sesamum,14414.0,13920.0,0.9657,t/ha,PBS Crops Area and Production by Districts (all_crops_2015_2025)
Vehari,2023-24,sesamum,32830.0,31217.0,0.9509,t/ha,PBS Crops Area and Production by Districts (all_crops_2015_2025)
Vehari,2024-25,sesamum,80078.0,49549.0,0.6188,t/ha,PBS Crops Area and Production by Districts (all_crops_2015_2025)
Bahawalnagar,2017-18,sugarcane,13760.0,799489.99,58.1025,t/ha,PBS Crops Area and Production by Districts (all_crops_2015_2025)
Bahawalnagar,2018-19,sugarcane,10120.0,621450.01,61.4081,t/ha,PBS Crops Area and Production by Districts (all_crops_2015_2025)
Bahawalnagar,2019-20,sugarcane,9710.0,611820.01,63.0093,t/ha,PBS Crops Area and Production by Districts (all_crops_2015_2025)
Bahawalnagar,2020-21,sugarcane,14160.0,1048599.98,74.0537,t/ha,PBS Crops Area and Production by Districts (all_crops_2015_2025)
Bahawalnagar,2021-22,sugarcane,14570.0,969119.99,66.5148,t/ha,PBS Crops Area and Production by Districts (all_crops_2015_2025)
Bahawalnagar,2022-23,sugarcane,15380.0,1100479.98,71.5527,t/ha,PBS Crops Area and Production by Districts (all_crops_2015_2025)
Bahawalnagar,2023-24,sugarcane,10521.0,798700.01,75.9148,t/ha,PBS Crops Area and Production by Districts (all_crops_2015_2025)
Bahawalnagar,2024-25,sugarcane,12550.0,946000.0,75.3785,t/ha,PBS Crops Area and Production by Districts (all_crops_2015_2025)
Bahawalpur,2017-18,sugarcane,30350.0,2015530.03,66.4096,t/ha,PBS Crops Area and Production by Districts (all_crops_2015_2025)
Bahawalpur,2018-19,sugarcane,16590.0,1026839.97,61.8951,t/ha,PBS Crops Area and Production by Districts (all_crops_2015_2025)
Bahawalpur,2019-20,sugarcane,16190.0,1122719.97,69.3465,t/ha,PBS Crops Area and Production by Districts (all_crops_2015_2025)
Bahawalpur,2020-21,sugarcane,21040.0,1574560.06,74.8365,t/ha,PBS Crops Area and Production by Districts (all_crops_2015_2025)
Bahawalpur,2021-22,sugarcane,24280.0,1557599.98,64.1516,t/ha,PBS Crops Area and Production by Districts (all_crops_2015_2025)
Bahawalpur,2022-23,sugarcane,23470.0,1482479.98,63.1649,t/ha,PBS Crops Area and Production by Districts (all_crops_2015_2025)
Bahawalpur,2023-24,sugarcane,19020.0,1419400.02,74.6267,t/ha,PBS Crops Area and Production by Districts (all_crops_2015_2025)
Bahawalpur,2024-25,sugarcane,20230.0,1492000.0,73.7519,t/ha,PBS Crops Area and Production by Districts (all_crops_2015_2025)
Bhakkar,2017-18,sugarcane,29950.0,1952750.0,65.2003,t/ha,PBS Crops Area and Production by Districts (all_crops_2015_2025)
Bhakkar,2018-19,sugarcane,28730.0,1574130.0,54.7905,t/ha,PBS Crops Area and Production by Districts (all_crops_2015_2025)
Bhakkar,2019-20,sugarcane,29140.0,1765599.98,60.5903,t/ha,PBS Crops Area and Production by Districts (all_crops_2015_2025)
Bhakkar,2020-21,sugarcane,32370.0,2089600.1,64.5536,t/ha,PBS Crops Area and Production by Districts (all_crops_2015_2025)
Bhakkar,2021-22,sugarcane,35210.0,2554320.07,72.5453,t/ha,PBS Crops Area and Production by Districts (all_crops_2015_2025)
Bhakkar,2022-23,sugarcane,44110.0,2860159.91,64.8415,t/ha,PBS Crops Area and Production by Districts (all_crops_2015_2025)
Bhakkar,2023-24,sugarcane,41682.0,2908699.95,69.7831,t/ha,PBS Crops Area and Production by Districts (all_crops_2015_2025)
Bhakkar,2024-25,sugarcane,42690.0,2646199.95,61.9864,t/ha,PBS Crops Area and Production by Districts (all_crops_2015_2025)
Chiniot,2017-18,sugarcane,43710.0,2422659.91,55.4258,t/ha,PBS Crops Area and Production by Districts (all_crops_2015_2025)
Chiniot,2018-19,sugarcane,34400.0,2163709.96,62.8985,t/ha,PBS Crops Area and Production by Districts (all_crops_2015_2025)
Chiniot,2019-20,sugarcane,36830.0,2476070.07,67.2297,t/ha,PBS Crops Area and Production by Districts (all_crops_2015_2025)
Chiniot,2020-21,sugarcane,45320.0,3570560.06,78.7855,t/ha,PBS Crops Area and Production by Districts (all_crops_2015_2025)
Chiniot,2021-22,sugarcane,48560.0,3600000.0,74.1351,t/ha,PBS Crops Area and Production by Districts (all_crops_2015_2025)
Chiniot,2022-23,sugarcane,67990.0,4952640.14,72.8437,t/ha,PBS Crops Area and Production by Districts (all_crops_2015_2025)
Chiniot,2023-24,sugarcane,60298.0,4565399.9,75.714,t/ha,PBS Crops Area and Production by Districts (all_crops_2015_2025)
Chiniot,2024-25,sugarcane,58680.0,4478000.0,76.3122,t/ha,PBS Crops Area and Production by Districts (all_crops_2015_2025)
Dera Ghazi Khan,2017-18,sugarcane,10120.0,701700.01,69.3379,t/ha,PBS Crops Area and Production by Districts (all_crops_2015_2025)
Dera Ghazi Khan,2018-19,sugarcane,10120.0,822070.01,81.2322,t/ha,PBS Crops Area and Production by Districts (all_crops_2015_2025)
Dera Ghazi Khan,2019-20,sugarcane,10120.0,775419.98,76.6225,t/ha,PBS Crops Area and Production by Districts (all_crops_2015_2025)
Dera Ghazi Khan,2020-21,sugarcane,8900.0,595760.01,66.9393,t/ha,PBS Crops Area and Production by Districts (all_crops_2015_2025)
Dera Ghazi Khan,2021-22,sugarcane,10120.0,770000.0,76.087,t/ha,PBS Crops Area and Production by Districts (all_crops_2015_2025)
Dera Ghazi Khan,2022-23,sugarcane,9710.0,712320.01,73.3594,t/ha,PBS Crops Area and Production by Districts (all_crops_2015_2025)
Dera Ghazi Khan,2023-24,sugarcane,6076.0,489000.0,80.4806,t/ha,PBS Crops Area and Production by Districts (all_crops_2015_2025)
Dera Ghazi Khan,2024-25,sugarcane,4860.0,305000.0,62.7572,t/ha,PBS Crops Area and Production by Districts (all_crops_2015_2025)
Faisalabad,2017-18,sugarcane,112500.0,6412509.77,57.0001,t/ha,PBS Crops Area and Production by Districts (all_crops_2015_2025)
Faisalabad,2018-19,sugarcane,82150.0,5220479.98,63.5481,t/ha,PBS Crops Area and Production by Districts (all_crops_2015_2025)
Faisalabad,2019-20,sugarcane,70010.0,4571660.16,65.3001,t/ha,PBS Crops Area and Production by Districts (all_crops_2015_2025)
Faisalabad,2020-21,sugarcane,86220.0,6364439.94,73.8163,t/ha,PBS Crops Area and Production by Districts (all_crops_2015_2025)
Faisalabad,2021-22,sugarcane,93080.0,6357200.2,68.2982,t/ha,PBS Crops Area and Production by Districts (all_crops_2015_2025)
Faisalabad,2022-23,sugarcane,91460.0,6409359.86,70.0783,t/ha,PBS Crops Area and Production by Districts (all_crops_2015_2025)
Faisalabad,2023-24,sugarcane,79318.0,6091700.2,76.801,t/ha,PBS Crops Area and Production by Districts (all_crops_2015_2025)
Faisalabad,2024-25,sugarcane,81340.0,5925200.2,72.8449,t/ha,PBS Crops Area and Production by Districts (all_crops_2015_2025)
Gujranwala,2017-18,sugarcane,2020.0,80250.0,39.7277,t/ha,PBS Crops Area and Production by Districts (all_crops_2015_2025)
Gujranwala,2018-19,sugarcane,1620.0,73600.0,45.4321,t/ha,PBS Crops Area and Production by Districts (all_crops_2015_2025)
Gujranwala,2019-20,sugarcane,2020.0,109360.0,54.1386,t/ha,PBS Crops Area and Production by Districts (all_crops_2015_2025)
Gujranwala,2020-21,sugarcane,1210.0,71040.0,58.7107,t/ha,PBS Crops Area and Production by Districts (all_crops_2015_2025)
Gujranwala,2021-22,sugarcane,1210.0,70320.0,58.1157,t/ha,PBS Crops Area and Production by Districts (all_crops_2015_2025)
Gujranwala,2022-23,sugarcane,3240.0,188160.0,58.0741,t/ha,PBS Crops Area and Production by Districts (all_crops_2015_2025)
Gujranwala,2023-24,sugarcane,809.0,42200.0,52.1632,t/ha,PBS Crops Area and Production by Districts (all_crops_2015_2025)
Gujranwala,2024-25,sugarcane,600.0,30000.0,50.0,t/ha,PBS Crops Area and Production by Districts (all_crops_2015_2025)
Gujrat,2017-18,sugarcane,2430.0,118020.0,48.5679,t/ha,PBS Crops Area and Production by Districts (all_crops_2015_2025)
Gujrat,2018-19,sugarcane,2020.0,89210.0,44.1634,t/ha,PBS Crops Area and Production by Districts (all_crops_2015_2025)
Gujrat,2019-20,sugarcane,2020.0,90140.0,44.6238,t/ha,PBS Crops Area and Production by Districts (all_crops_2015_2025)
Gujrat,2020-21,sugarcane,2830.0,127120.0,44.9187,t/ha,PBS Crops Area and Production by Districts (all_crops_2015_2025)
Gujrat,2021-22,sugarcane,3240.0,135679.99,41.8765,t/ha,PBS Crops Area and Production by Districts (all_crops_2015_2025)
Gujrat,2022-23,sugarcane,2830.0,120120.0,42.4452,t/ha,PBS Crops Area and Production by Districts (all_crops_2015_2025)
Gujrat,2023-24,sugarcane,2428.0,116200.0,47.8583,t/ha,PBS Crops Area and Production by Districts (all_crops_2015_2025)
Gujrat,2024-25,sugarcane,2430.0,115000.0,47.3251,t/ha,PBS Crops Area and Production by Districts (all_crops_2015_2025)
Hafizabad,2017-18,sugarcane,6470.0,313530.0,48.459,t/ha,PBS Crops Area and Production by Districts (all_crops_2015_2025)
Hafizabad,2018-19,sugarcane,5670.0,356899.99,62.9453,t/ha,PBS Crops Area and Production by Districts (all_crops_2015_2025)
Hafizabad,2019-20,sugarcane,5260.0,342079.99,65.0342,t/ha,PBS Crops Area and Production by Districts (all_crops_2015_2025)
Hafizabad,2020-21,sugarcane,5260.0,351000.0,66.73,t/ha,PBS Crops Area and Production by Districts (all_crops_2015_2025)
Hafizabad,2021-22,sugarcane,6470.0,388480.01,60.0433,t/ha,PBS Crops Area and Production by Districts (all_crops_2015_2025)
Hafizabad,2022-23,sugarcane,2020.0,86400.0,42.7723,t/ha,PBS Crops Area and Production by Districts (all_crops_2015_2025)
Hafizabad,2023-24,sugarcane,3642.0,224600.01,61.6694,t/ha,PBS Crops Area and Production by Districts (all_crops_2015_2025)
Hafizabad,2024-25,sugarcane,2430.0,145200.0,59.7531,t/ha,PBS Crops Area and Production by Districts (all_crops_2015_2025)
Jhang,2017-18,sugarcane,55040.0,3263959.96,59.3016,t/ha,PBS Crops Area and Production by Districts (all_crops_2015_2025)
Jhang,2018-19,sugarcane,40870.0,2472979.98,60.5084,t/ha,PBS Crops Area and Production by Districts (all_crops_2015_2025)
Jhang,2019-20,sugarcane,40470.0,2571659.91,63.5448,t/ha,PBS Crops Area and Production by Districts (all_crops_2015_2025)
Jhang,2020-21,sugarcane,61510.0,4097919.92,66.622,t/ha,PBS Crops Area and Production by Districts (all_crops_2015_2025)
Jhang,2021-22,sugarcane,70410.0,5352240.23,76.0153,t/ha,PBS Crops Area and Production by Districts (all_crops_2015_2025)
Jhang,2022-23,sugarcane,95100.0,6805600.1,71.5626,t/ha,PBS Crops Area and Production by Districts (all_crops_2015_2025)
Jhang,2023-24,sugarcane,66773.0,5108399.9,76.504,t/ha,PBS Crops Area and Production by Districts (all_crops_2015_2025)
Jhang,2024-25,sugarcane,63530.0,4547000.0,71.5725,t/ha,PBS Crops Area and Production by Districts (all_crops_2015_2025)
Jhelum,2018-19,sugarcane,400.0,14740.0,36.85,t/ha,PBS Crops Area and Production by Districts (all_crops_2015_2025)
Jhelum,2019-20,sugarcane,400.0,14740.0,36.85,t/ha,PBS Crops Area and Production by Districts (all_crops_2015_2025)
Kasur,2017-18,sugarcane,30760.0,1580020.02,51.3661,t/ha,PBS Crops Area and Production by Districts (all_crops_2015_2025)
Kasur,2018-19,sugarcane,22260.0,1252239.99,56.2552,t/ha,PBS Crops Area and Production by Districts (all_crops_2015_2025)
Kasur,2019-20,sugarcane,20640.0,1279189.94,61.9763,t/ha,PBS Crops Area and Production by Districts (all_crops_2015_2025)
Kasur,2020-21,sugarcane,21450.0,1371640.01,63.9459,t/ha,PBS Crops Area and Production by Districts (all_crops_2015_2025)
Kasur,2021-22,sugarcane,24280.0,1363199.95,56.145,t/ha,PBS Crops Area and Production by Districts (all_crops_2015_2025)
Kasur,2022-23,sugarcane,23470.0,1329359.99,56.6408,t/ha,PBS Crops Area and Production by Districts (all_crops_2015_2025)
Kasur,2023-24,sugarcane,19020.0,1079099.98,56.735,t/ha,PBS Crops Area and Production by Districts (all_crops_2015_2025)
Kasur,2024-25,sugarcane,15380.0,796000.0,51.7555,t/ha,PBS Crops Area and Production by Districts (all_crops_2015_2025)
Khanewal,2017-18,sugarcane,6880.0,435910.0,63.359,t/ha,PBS Crops Area and Production by Districts (all_crops_2015_2025)
Khanewal,2018-19,sugarcane,6470.0,373250.0,57.6893,t/ha,PBS Crops Area and Production by Districts (all_crops_2015_2025)
Khanewal,2019-20,sugarcane,5670.0,408630.01,72.0688,t/ha,PBS Crops Area and Production by Districts (all_crops_2015_2025)
Khanewal,2020-21,sugarcane,6470.0,387840.0,59.9444,t/ha,PBS Crops Area and Production by Districts (all_crops_2015_2025)
Khanewal,2021-22,sugarcane,7280.0,504000.0,69.2308,t/ha,PBS Crops Area and Production by Districts (all_crops_2015_2025)
Khanewal,2022-23,sugarcane,6470.0,472959.99,73.1005,t/ha,PBS Crops Area and Production by Districts (all_crops_2015_2025)
Khanewal,2023-24,sugarcane,4451.0,352399.99,79.1732,t/ha,PBS Crops Area and Production by Districts (all_crops_2015_2025)
Khanewal,2024-25,sugarcane,4050.0,318100.01,78.5432,t/ha,PBS Crops Area and Production by Districts (all_crops_2015_2025)
Khushab,2017-18,sugarcane,8900.0,506640.02,56.9258,t/ha,PBS Crops Area and Production by Districts (all_crops_2015_2025)
Khushab,2018-19,sugarcane,7280.0,309049.99,42.4519,t/ha,PBS Crops Area and Production by Districts (all_crops_2015_2025)
Khushab,2019-20,sugarcane,6880.0,368649.99,53.5828,t/ha,PBS Crops Area and Production by Districts (all_crops_2015_2025)
Khushab,2020-21,sugarcane,6470.0,401920.01,62.1206,t/ha,PBS Crops Area and Production by Districts (all_crops_2015_2025)
Khushab,2021-22,sugarcane,7280.0,426239.99,58.5494,t/ha,PBS Crops Area and Production by Districts (all_crops_2015_2025)
Khushab,2022-23,sugarcane,6880.0,375359.98,54.5581,t/ha,PBS Crops Area and Production by Districts (all_crops_2015_2025)
Khushab,2023-24,sugarcane,4856.0,237100.01,48.8262,t/ha,PBS Crops Area and Production by Districts (all_crops_2015_2025)
Khushab,2024-25,sugarcane,4050.0,211100.01,52.1235,t/ha,PBS Crops Area and Production by Districts (all_crops_2015_2025)
Lahore,2017-18,sugarcane,400.0,20300.0,50.75,t/ha,PBS Crops Area and Production by Districts (all_crops_2015_2025)
Lahore,2018-19,sugarcane,400.0,20160.0,50.4,t/ha,PBS Crops Area and Production by Districts (all_crops_2015_2025)
Lahore,2019-20,sugarcane,400.0,20230.0,50.575,t/ha,PBS Crops Area and Production by Districts (all_crops_2015_2025)
Lahore,2020-21,sugarcane,810.0,52000.0,64.1975,t/ha,PBS Crops Area and Production by Districts (all_crops_2015_2025)
Lahore,2021-22,sugarcane,810.0,49360.0,60.9383,t/ha,PBS Crops Area and Production by Districts (all_crops_2015_2025)
Lahore,2022-23,sugarcane,400.0,24240.0,60.6,t/ha,PBS Crops Area and Production by Districts (all_crops_2015_2025)
Layyah,2017-18,sugarcane,18210.0,1194199.95,65.5794,t/ha,PBS Crops Area and Production by Districts (all_crops_2015_2025)
Layyah,2018-19,sugarcane,17000.0,1153780.03,67.8694,t/ha,PBS Crops Area and Production by Districts (all_crops_2015_2025)
Layyah,2019-20,sugarcane,15780.0,1085920.04,68.8162,t/ha,PBS Crops Area and Production by Districts (all_crops_2015_2025)
Layyah,2020-21,sugarcane,17810.0,1189760.01,66.8029,t/ha,PBS Crops Area and Production by Districts (all_crops_2015_2025)
Layyah,2021-22,sugarcane,17810.0,1135199.95,63.7395,t/ha,PBS Crops Area and Production by Districts (all_crops_2015_2025)
Layyah,2022-23,sugarcane,18210.0,1146599.98,62.9654,t/ha,PBS Crops Area and Production by Districts (all_crops_2015_2025)
Layyah,2023-24,sugarcane,20237.0,1320000.0,65.2271,t/ha,PBS Crops Area and Production by Districts (all_crops_2015_2025)
Layyah,2024-25,sugarcane,17400.0,1085000.0,62.3563,t/ha,PBS Crops Area and Production by Districts (all_crops_2015_2025)
Lodhran,2017-18,sugarcane,5260.0,364399.99,69.2776,t/ha,PBS Crops Area and Production by Districts (all_crops_2015_2025)
Lodhran,2018-19,sugarcane,4050.0,262390.02,64.7877,t/ha,PBS Crops Area and Production by Districts (all_crops_2015_2025)
Lodhran,2019-20,sugarcane,3240.0,203340.0,62.7593,t/ha,PBS Crops Area and Production by Districts (all_crops_2015_2025)
Lodhran,2020-21,sugarcane,4860.0,334079.99,68.7407,t/ha,PBS Crops Area and Production by Districts (all_crops_2015_2025)
Lodhran,2021-22,sugarcane,4860.0,364799.99,75.0617,t/ha,PBS Crops Area and Production by Districts (all_crops_2015_2025)
Lodhran,2022-23,sugarcane,3640.0,327239.99,89.9011,t/ha,PBS Crops Area and Production by Districts (all_crops_2015_2025)
Lodhran,2023-24,sugarcane,3237.0,289899.99,89.5582,t/ha,PBS Crops Area and Production by Districts (all_crops_2015_2025)
Lodhran,2024-25,sugarcane,3640.0,302200.01,83.022,t/ha,PBS Crops Area and Production by Districts (all_crops_2015_2025)
Mandi Bahauddin,2017-18,sugarcane,23880.0,1253020.02,52.4715,t/ha,PBS Crops Area and Production by Districts (all_crops_2015_2025)
Mandi Bahauddin,2018-19,sugarcane,22260.0,1213239.99,54.5031,t/ha,PBS Crops Area and Production by Districts (all_crops_2015_2025)
Mandi Bahauddin,2019-20,sugarcane,21040.0,1261569.95,59.9605,t/ha,PBS Crops Area and Production by Districts (all_crops_2015_2025)
Mandi Bahauddin,2020-21,sugarcane,22670.0,1391040.04,61.3604,t/ha,PBS Crops Area and Production by Districts (all_crops_2015_2025)
Mandi Bahauddin,2021-22,sugarcane,26300.0,1435199.95,54.5703,t/ha,PBS Crops Area and Production by Districts (all_crops_2015_2025)
Mandi Bahauddin,2022-23,sugarcane,25090.0,1321839.97,52.6839,t/ha,PBS Crops Area and Production by Districts (all_crops_2015_2025)
Mandi Bahauddin,2023-24,sugarcane,20638.0,1281099.98,62.0748,t/ha,PBS Crops Area and Production by Districts (all_crops_2015_2025)
Mandi Bahauddin,2024-25,sugarcane,21040.0,1340300.05,63.7025,t/ha,PBS Crops Area and Production by Districts (all_crops_2015_2025)
Mianwali,2017-18,sugarcane,3240.0,163330.0,50.4105,t/ha,PBS Crops Area and Production by Districts (all_crops_2015_2025)
Mianwali,2018-19,sugarcane,2830.0,149190.0,52.7173,t/ha,PBS Crops Area and Production by Districts (all_crops_2015_2025)
Mianwali,2019-20,sugarcane,2430.0,146460.01,60.2716,t/ha,PBS Crops Area and Production by Districts (all_crops_2015_2025)
Mianwali,2020-21,sugarcane,4450.0,299200.01,67.236,t/ha,PBS Crops Area and Production by Districts (all_crops_2015_2025)
Mianwali,2021-22,sugarcane,5260.0,353079.99,67.1255,t/ha,PBS Crops Area and Production by Districts (all_crops_2015_2025)
Mianwali,2022-23,sugarcane,5670.0,392000.0,69.1358,t/ha,PBS Crops Area and Production by Districts (all_crops_2015_2025)
Mianwali,2023-24,sugarcane,4451.0,301000.0,67.6252,t/ha,PBS Crops Area and Production by Districts (all_crops_2015_2025)
Mianwali,2024-25,sugarcane,5260.0,324200.01,61.635,t/ha,PBS Crops Area and Production by Districts (all_crops_2015_2025)
Multan,2017-18,sugarcane,6470.0,342190.0,52.8887,t/ha,PBS Crops Area and Production by Districts (all_crops_2015_2025)
Multan,2018-19,sugarcane,5260.0,293070.01,55.7167,t/ha,PBS Crops Area and Production by Districts (all_crops_2015_2025)
Multan,2019-20,sugarcane,4450.0,234850.01,52.7753,t/ha,PBS Crops Area and Production by Districts (all_crops_2015_2025)
Multan,2020-21,sugarcane,2430.0,162960.01,67.0617,t/ha,PBS Crops Area and Production by Districts (all_crops_2015_2025)
Multan,2021-22,sugarcane,4050.0,270000.0,66.6667,t/ha,PBS Crops Area and Production by Districts (all_crops_2015_2025)
Multan,2022-23,sugarcane,4050.0,260000.0,64.1975,t/ha,PBS Crops Area and Production by Districts (all_crops_2015_2025)
Multan,2023-24,sugarcane,1618.0,109900.0,67.9234,t/ha,PBS Crops Area and Production by Districts (all_crops_2015_2025)
Multan,2024-25,sugarcane,2020.0,117200.0,58.0198,t/ha,PBS Crops Area and Production by Districts (all_crops_2015_2025)
Muzaffargarh,2017-18,sugarcane,61110.0,4181919.92,68.4327,t/ha,PBS Crops Area and Production by Districts (all_crops_2015_2025)
Muzaffargarh,2018-19,sugarcane,43710.0,3136159.91,71.7493,t/ha,PBS Crops Area and Production by Districts (all_crops_2015_2025)
Muzaffargarh,2019-20,sugarcane,39660.0,2882350.1,72.6765,t/ha,PBS Crops Area and Production by Districts (all_crops_2015_2025)
Muzaffargarh,2020-21,sugarcane,50580.0,3695000.0,73.0526,t/ha,PBS Crops Area and Production by Districts (all_crops_2015_2025)
Muzaffargarh,2021-22,sugarcane,52610.0,3811600.1,72.4501,t/ha,PBS Crops Area and Production by Districts (all_crops_2015_2025)
Muzaffargarh,2022-23,sugarcane,58680.0,4158600.1,70.8691,t/ha,PBS Crops Area and Production by Districts (all_crops_2015_2025)
Muzaffargarh,2023-24,sugarcane,54632.0,4666199.95,85.4115,t/ha,PBS Crops Area and Production by Districts (all_crops_2015_2025)
Muzaffargarh,2024-25,sugarcane,54230.0,4008000.0,73.9074,t/ha,PBS Crops Area and Production by Districts (all_crops_2015_2025)
Nankana Sahib,2017-18,sugarcane,13760.0,774109.99,56.258,t/ha,PBS Crops Area and Production by Districts (all_crops_2015_2025)
Nankana Sahib,2018-19,sugarcane,10120.0,560799.99,55.415,t/ha,PBS Crops Area and Production by Districts (all_crops_2015_2025)
Nankana Sahib,2019-20,sugarcane,8090.0,492679.99,60.8999,t/ha,PBS Crops Area and Production by Districts (all_crops_2015_2025)
Nankana Sahib,2020-21,sugarcane,9710.0,640320.01,65.9444,t/ha,PBS Crops Area and Production by Districts (all_crops_2015_2025)
Nankana Sahib,2021-22,sugarcane,10530.0,660400.02,62.7161,t/ha,PBS Crops Area and Production by Districts (all_crops_2015_2025)
Nankana Sahib,2022-23,sugarcane,12950.0,829440.0,64.0494,t/ha,PBS Crops Area and Production by Districts (all_crops_2015_2025)
Nankana Sahib,2023-24,sugarcane,10117.0,667000.0,65.9286,t/ha,PBS Crops Area and Production by Districts (all_crops_2015_2025)
Nankana Sahib,2024-25,sugarcane,8500.0,556000.0,65.4118,t/ha,PBS Crops Area and Production by Districts (all_crops_2015_2025)
Narowal,2017-18,sugarcane,1620.0,51660.0,31.8889,t/ha,PBS Crops Area and Production by Districts (all_crops_2015_2025)
Narowal,2018-19,sugarcane,1210.0,45910.0,37.9421,t/ha,PBS Crops Area and Production by Districts (all_crops_2015_2025)
Narowal,2019-20,sugarcane,1210.0,65620.0,54.2314,t/ha,PBS Crops Area and Production by Districts (all_crops_2015_2025)
Narowal,2020-21,sugarcane,1620.0,67040.0,41.3827,t/ha,PBS Crops Area and Production by Districts (all_crops_2015_2025)
Narowal,2021-22,sugarcane,1620.0,58880.0,36.3457,t/ha,PBS Crops Area and Production by Districts (all_crops_2015_2025)
Narowal,2022-23,sugarcane,810.0,44800.0,55.3086,t/ha,PBS Crops Area and Production by Districts (all_crops_2015_2025)
Narowal,2023-24,sugarcane,1618.0,52300.0,32.3239,t/ha,PBS Crops Area and Production by Districts (all_crops_2015_2025)
Narowal,2024-25,sugarcane,1210.0,43000.0,35.5372,t/ha,PBS Crops Area and Production by Districts (all_crops_2015_2025)
Okara,2017-18,sugarcane,14570.0,726929.99,49.8922,t/ha,PBS Crops Area and Production by Districts (all_crops_2015_2025)
Okara,2018-19,sugarcane,9310.0,526239.99,56.5242,t/ha,PBS Crops Area and Production by Districts (all_crops_2015_2025)
Okara,2019-20,sugarcane,8500.0,527510.01,62.06,t/ha,PBS Crops Area and Production by Districts (all_crops_2015_2025)
Okara,2020-21,sugarcane,10120.0,623000.0,61.5613,t/ha,PBS Crops Area and Production by Districts (all_crops_2015_2025)
Okara,2021-22,sugarcane,12950.0,998400.02,77.0965,t/ha,PBS Crops Area and Production by Districts (all_crops_2015_2025)
Okara,2022-23,sugarcane,11330.0,1150239.99,101.5216,t/ha,PBS Crops Area and Production by Districts (all_crops_2015_2025)
Okara,2023-24,sugarcane,10117.0,1026000.0,101.4135,t/ha,PBS Crops Area and Production by Districts (all_crops_2015_2025)
Okara,2024-25,sugarcane,10520.0,1077300.05,102.4049,t/ha,PBS Crops Area and Production by Districts (all_crops_2015_2025)
Pakpattan,2017-18,sugarcane,2020.0,109170.0,54.0446,t/ha,PBS Crops Area and Production by Districts (all_crops_2015_2025)
Pakpattan,2018-19,sugarcane,1210.0,69420.0,57.3719,t/ha,PBS Crops Area and Production by Districts (all_crops_2015_2025)
Pakpattan,2019-20,sugarcane,1210.0,70320.0,58.1157,t/ha,PBS Crops Area and Production by Districts (all_crops_2015_2025)
Pakpattan,2020-21,sugarcane,1620.0,99040.0,61.1358,t/ha,PBS Crops Area and Production by Districts (all_crops_2015_2025)
Pakpattan,2021-22,sugarcane,2020.0,111600.0,55.2475,t/ha,PBS Crops Area and Production by Districts (all_crops_2015_2025)
Pakpattan,2022-23,sugarcane,2020.0,122200.0,60.495,t/ha,PBS Crops Area and Production by Districts (all_crops_2015_2025)
Pakpattan,2023-24,sugarcane,1618.0,90700.0,56.0569,t/ha,PBS Crops Area and Production by Districts (all_crops_2015_2025)
Pakpattan,2024-25,sugarcane,810.0,37100.0,45.8025,t/ha,PBS Crops Area and Production by Districts (all_crops_2015_2025)
Rahim Yar Khan,2017-18,sugarcane,193030.0,15008620.12,77.7528,t/ha,PBS Crops Area and Production by Districts (all_crops_2015_2025)
Rahim Yar Khan,2018-19,sugarcane,186149.99,12825469.73,68.8986,t/ha,PBS Crops Area and Production by Districts (all_crops_2015_2025)
Rahim Yar Khan,2019-20,sugarcane,155399.99,11724099.61,75.4447,t/ha,PBS Crops Area and Production by Districts (all_crops_2015_2025)
Rahim Yar Khan,2020-21,sugarcane,174009.99,13570799.8,77.9886,t/ha,PBS Crops Area and Production by Districts (all_crops_2015_2025)
Rahim Yar Khan,2021-22,sugarcane,198690.0,17401039.06,87.5788,t/ha,PBS Crops Area and Production by Districts (all_crops_2015_2025)
Rahim Yar Khan,2022-23,sugarcane,216500.0,17505199.22,80.8554,t/ha,PBS Crops Area and Production by Districts (all_crops_2015_2025)
Rahim Yar Khan,2023-24,sugarcane,205569.0,18816300.78,91.5328,t/ha,PBS Crops Area and Production by Districts (all_crops_2015_2025)
Rahim Yar Khan,2024-25,sugarcane,217310.0,17914099.61,82.4357,t/ha,PBS Crops Area and Production by Districts (all_crops_2015_2025)
Rajanpur,2017-18,sugarcane,32370.0,2657510.01,82.0979,t/ha,PBS Crops Area and Production by Districts (all_crops_2015_2025)
Rajanpur,2018-19,sugarcane,30350.0,2012729.98,66.3173,t/ha,PBS Crops Area and Production by Districts (all_crops_2015_2025)
Rajanpur,2019-20,sugarcane,25090.0,1902209.96,75.8155,t/ha,PBS Crops Area and Production by Districts (all_crops_2015_2025)
Rajanpur,2020-21,sugarcane,44510.0,4008399.9,90.0562,t/ha,PBS Crops Area and Production by Districts (all_crops_2015_2025)
Rajanpur,2021-22,sugarcane,54630.0,4357799.8,79.7694,t/ha,PBS Crops Area and Production by Districts (all_crops_2015_2025)
Rajanpur,2022-23,sugarcane,53420.0,3944159.91,73.833,t/ha,PBS Crops Area and Production by Districts (all_crops_2015_2025)
Rajanpur,2023-24,sugarcane,45324.0,3897600.1,85.9942,t/ha,PBS Crops Area and Production by Districts (all_crops_2015_2025)
Rajanpur,2024-25,sugarcane,48560.0,3662000.0,75.4119,t/ha,PBS Crops Area and Production by Districts (all_crops_2015_2025)
Sahiwal,2017-18,sugarcane,4860.0,262470.0,54.0062,t/ha,PBS Crops Area and Production by Districts (all_crops_2015_2025)
Sahiwal,2018-19,sugarcane,2830.0,167740.01,59.2721,t/ha,PBS Crops Area and Production by Districts (all_crops_2015_2025)
Sahiwal,2019-20,sugarcane,2430.0,150720.0,62.0247,t/ha,PBS Crops Area and Production by Districts (all_crops_2015_2025)
Sahiwal,2020-21,sugarcane,3240.0,212160.0,65.4815,t/ha,PBS Crops Area and Production by Districts (all_crops_2015_2025)
Sahiwal,2021-22,sugarcane,4050.0,238000.0,58.7654,t/ha,PBS Crops Area and Production by Districts (all_crops_2015_2025)
Sahiwal,2022-23,sugarcane,3640.0,231480.0,63.5934,t/ha,PBS Crops Area and Production by Districts (all_crops_2015_2025)
Sahiwal,2023-24,sugarcane,3237.0,218899.99,67.6243,t/ha,PBS Crops Area and Production by Districts (all_crops_2015_2025)
Sahiwal,2024-25,sugarcane,2430.0,171100.01,70.4115,t/ha,PBS Crops Area and Production by Districts (all_crops_2015_2025)
Sargodha,2017-18,sugarcane,65960.0,3772020.02,57.1865,t/ha,PBS Crops Area and Production by Districts (all_crops_2015_2025)
Sargodha,2018-19,sugarcane,60300.0,3364620.12,55.798,t/ha,PBS Crops Area and Production by Districts (all_crops_2015_2025)
Sargodha,2019-20,sugarcane,58270.0,3461330.08,59.4016,t/ha,PBS Crops Area and Production by Districts (all_crops_2015_2025)
Sargodha,2020-21,sugarcane,59890.0,4641279.79,77.4967,t/ha,PBS Crops Area and Production by Districts (all_crops_2015_2025)
Sargodha,2021-22,sugarcane,64750.0,4761600.1,73.5382,t/ha,PBS Crops Area and Production by Districts (all_crops_2015_2025)
Sargodha,2022-23,sugarcane,68790.0,4318000.0,62.7708,t/ha,PBS Crops Area and Production by Districts (all_crops_2015_2025)
Sargodha,2023-24,sugarcane,59084.0,4315799.8,73.0452,t/ha,PBS Crops Area and Production by Districts (all_crops_2015_2025)
Sargodha,2024-25,sugarcane,67180.0,4509200.2,67.1212,t/ha,PBS Crops Area and Production by Districts (all_crops_2015_2025)
Sheikhupura,2017-18,sugarcane,2020.0,120000.0,59.4059,t/ha,PBS Crops Area and Production by Districts (all_crops_2015_2025)
Sheikhupura,2018-19,sugarcane,1620.0,112720.0,69.5802,t/ha,PBS Crops Area and Production by Districts (all_crops_2015_2025)
Sheikhupura,2019-20,sugarcane,1620.0,98390.0,60.7346,t/ha,PBS Crops Area and Production by Districts (all_crops_2015_2025)
Sheikhupura,2020-21,sugarcane,2430.0,157920.0,64.9877,t/ha,PBS Crops Area and Production by Districts (all_crops_2015_2025)
Sheikhupura,2021-22,sugarcane,2830.0,171360.0,60.5512,t/ha,PBS Crops Area and Production by Districts (all_crops_2015_2025)
Sheikhupura,2022-23,sugarcane,2430.0,139200.0,57.2839,t/ha,PBS Crops Area and Production by Districts (all_crops_2015_2025)
Sheikhupura,2023-24,sugarcane,1214.0,74800.0,61.6145,t/ha,PBS Crops Area and Production by Districts (all_crops_2015_2025)
Sheikhupura,2024-25,sugarcane,1620.0,105000.0,64.8148,t/ha,PBS Crops Area and Production by Districts (all_crops_2015_2025)
Sialkot,2017-18,sugarcane,1210.0,42550.0,35.1653,t/ha,PBS Crops Area and Production by Districts (all_crops_2015_2025)
Sialkot,2018-19,sugarcane,1210.0,50280.0,41.5537,t/ha,PBS Crops Area and Production by Districts (all_crops_2015_2025)
Sialkot,2019-20,sugarcane,1210.0,51400.0,42.4793,t/ha,PBS Crops Area and Production by Districts (all_crops_2015_2025)
Sialkot,2020-21,sugarcane,2020.0,125000.0,61.8812,t/ha,PBS Crops Area and Production by Districts (all_crops_2015_2025)
Sialkot,2021-22,sugarcane,2430.0,129360.0,53.2346,t/ha,PBS Crops Area and Production by Districts (all_crops_2015_2025)
Sialkot,2022-23,sugarcane,4860.0,395519.99,81.3827,t/ha,PBS Crops Area and Production by Districts (all_crops_2015_2025)
Sialkot,2023-24,sugarcane,2023.0,123000.0,60.8008,t/ha,PBS Crops Area and Production by Districts (all_crops_2015_2025)
Sialkot,2024-25,sugarcane,1620.0,93200.0,57.5309,t/ha,PBS Crops Area and Production by Districts (all_crops_2015_2025)
Toba Tek Singh,2017-18,sugarcane,38440.0,2396979.98,62.3564,t/ha,PBS Crops Area and Production by Districts (all_crops_2015_2025)
Toba Tek Singh,2018-19,sugarcane,31970.0,1954949.95,61.1495,t/ha,PBS Crops Area and Production by Districts (all_crops_2015_2025)
Toba Tek Singh,2019-20,sugarcane,28330.0,1849810.06,65.2951,t/ha,PBS Crops Area and Production by Districts (all_crops_2015_2025)
Toba Tek Singh,2020-21,sugarcane,33990.0,2436000.0,71.6681,t/ha,PBS Crops Area and Production by Districts (all_crops_2015_2025)
Toba Tek Singh,2021-22,sugarcane,38850.0,2630399.9,67.7066,t/ha,PBS Crops Area and Production by Districts (all_crops_2015_2025)
Toba Tek Singh,2022-23,sugarcane,36420.0,2520000.0,69.1928,t/ha,PBS Crops Area and Production by Districts (all_crops_2015_2025)
Toba Tek Singh,2023-24,sugarcane,27518.0,2012800.05,73.1449,t/ha,PBS Crops Area and Production by Districts (all_crops_2015_2025)
Toba Tek Singh,2024-25,sugarcane,29950.0,2102199.95,70.1903,t/ha,PBS Crops Area and Production by Districts (all_crops_2015_2025)
Vehari,2017-18,sugarcane,17810.0,1023140.01,57.4475,t/ha,PBS Crops Area and Production by Districts (all_crops_2015_2025)
Vehari,2018-19,sugarcane,10120.0,616789.98,60.9476,t/ha,PBS Crops Area and Production by Districts (all_crops_2015_2025)
Vehari,2019-20,sugarcane,9710.0,610030.03,62.8249,t/ha,PBS Crops Area and Production by Districts (all_crops_2015_2025)
Vehari,2020-21,sugarcane,17000.0,1243199.95,73.1294,t/ha,PBS Crops Area and Production by Districts (all_crops_2015_2025)
Vehari,2021-22,sugarcane,18210.0,1258199.95,69.0939,t/ha,PBS Crops Area and Production by Districts (all_crops_2015_2025)
Vehari,2022-23,sugarcane,17000.0,1206239.99,70.9553,t/ha,PBS Crops Area and Production by Districts (all_crops_2015_2025)
Vehari,2023-24,sugarcane,8903.0,612500.0,68.797,t/ha,PBS Crops Area and Production by Districts (all_crops_2015_2025)
Vehari,2024-25,sugarcane,10520.0,710099.98,67.5,t/ha,PBS Crops Area and Production by Districts (all_crops_2015_2025)
Bahawalnagar,2017-18,sunflower,397.0,862.0,2.1713,t/ha,PBS Crops Area and Production by Districts (all_crops_2015_2025)
Bahawalnagar,2018-19,sunflower,163.0,284.0,1.7423,t/ha,PBS Crops Area and Production by Districts (all_crops_2015_2025)
Bahawalnagar,2019-20,sunflower,382.0,549.0,1.4372,t/ha,PBS Crops Area and Production by Districts (all_crops_2015_2025)
Bahawalnagar,2020-21,sunflower,101.0,303.0,3.0,t/ha,PBS Crops Area and Production by Districts (all_crops_2015_2025)
Bahawalnagar,2021-22,sunflower,141.0,511.0,3.6241,t/ha,PBS Crops Area and Production by Districts (all_crops_2015_2025)
Bahawalnagar,2022-23,sunflower,389.0,1427.0,3.6684,t/ha,PBS Crops Area and Production by Districts (all_crops_2015_2025)
Bahawalnagar,2023-24,sunflower,342.0,781.0,2.2836,t/ha,PBS Crops Area and Production by Districts (all_crops_2015_2025)
Bahawalnagar,2024-25,sunflower,180.0,500.0,2.7778,t/ha,PBS Crops Area and Production by Districts (all_crops_2015_2025)
Bahawalpur,2017-18,sunflower,5463.0,9841.0,1.8014,t/ha,PBS Crops Area and Production by Districts (all_crops_2015_2025)
Bahawalpur,2018-19,sunflower,3844.0,7284.0,1.8949,t/ha,PBS Crops Area and Production by Districts (all_crops_2015_2025)
Bahawalpur,2019-20,sunflower,1392.0,3834.0,2.7543,t/ha,PBS Crops Area and Production by Districts (all_crops_2015_2025)
Bahawalpur,2020-21,sunflower,809.0,1554.0,1.9209,t/ha,PBS Crops Area and Production by Districts (all_crops_2015_2025)
Bahawalpur,2021-22,sunflower,1402.0,3438.0,2.4522,t/ha,PBS Crops Area and Production by Districts (all_crops_2015_2025)
Bahawalpur,2022-23,sunflower,2061.0,4218.0,2.0466,t/ha,PBS Crops Area and Production by Districts (all_crops_2015_2025)
Bahawalpur,2023-24,sunflower,1514.0,3908.0,2.5812,t/ha,PBS Crops Area and Production by Districts (all_crops_2015_2025)
Bahawalpur,2024-25,sunflower,1823.0,4354.0,2.3884,t/ha,PBS Crops Area and Production by Districts (all_crops_2015_2025)
Bhakkar,2017-18,sunflower,1221.0,1906.0,1.561,t/ha,PBS Crops Area and Production by Districts (all_crops_2015_2025)
Bhakkar,2018-19,sunflower,1928.0,3347.0,1.736,t/ha,PBS Crops Area and Production by Districts (all_crops_2015_2025)
Bhakkar,2019-20,sunflower,2711.0,4819.0,1.7776,t/ha,PBS Crops Area and Production by Districts (all_crops_2015_2025)
Bhakkar,2020-21,sunflower,1704.0,3661.0,2.1485,t/ha,PBS Crops Area and Production by Districts (all_crops_2015_2025)
Bhakkar,2021-22,sunflower,1367.0,2548.0,1.8639,t/ha,PBS Crops Area and Production by Districts (all_crops_2015_2025)
Bhakkar,2022-23,sunflower,3425.0,6494.0,1.8961,t/ha,PBS Crops Area and Production by Districts (all_crops_2015_2025)
Bhakkar,2023-24,sunflower,1556.0,2502.0,1.608,t/ha,PBS Crops Area and Production by Districts (all_crops_2015_2025)
Bhakkar,2024-25,sunflower,1099.0,1491.0,1.3567,t/ha,PBS Crops Area and Production by Districts (all_crops_2015_2025)
Chiniot,2017-18,sunflower,106.0,167.0,1.5755,t/ha,PBS Crops Area and Production by Districts (all_crops_2015_2025)
Chiniot,2018-19,sunflower,19.0,30.0,1.5789,t/ha,PBS Crops Area and Production by Districts (all_crops_2015_2025)
Chiniot,2019-20,sunflower,11.0,18.0,1.6364,t/ha,PBS Crops Area and Production by Districts (all_crops_2015_2025)
Dera Ghazi Khan,2017-18,sunflower,2631.0,5078.0,1.9301,t/ha,PBS Crops Area and Production by Districts (all_crops_2015_2025)
Dera Ghazi Khan,2018-19,sunflower,3642.0,8375.0,2.2996,t/ha,PBS Crops Area and Production by Districts (all_crops_2015_2025)
Dera Ghazi Khan,2019-20,sunflower,4415.0,10886.0,2.4657,t/ha,PBS Crops Area and Production by Districts (all_crops_2015_2025)
Dera Ghazi Khan,2020-21,sunflower,4047.0,10048.0,2.4828,t/ha,PBS Crops Area and Production by Districts (all_crops_2015_2025)
Dera Ghazi Khan,2021-22,sunflower,4259.0,10836.0,2.5443,t/ha,PBS Crops Area and Production by Districts (all_crops_2015_2025)
Dera Ghazi Khan,2022-23,sunflower,7830.0,19433.0,2.4819,t/ha,PBS Crops Area and Production by Districts (all_crops_2015_2025)
Dera Ghazi Khan,2023-24,sunflower,3853.0,10186.0,2.6437,t/ha,PBS Crops Area and Production by Districts (all_crops_2015_2025)
Dera Ghazi Khan,2024-25,sunflower,5877.0,16178.0,2.7528,t/ha,PBS Crops Area and Production by Districts (all_crops_2015_2025)
Faisalabad,2017-18,sunflower,126.0,227.0,1.8016,t/ha,PBS Crops Area and Production by Districts (all_crops_2015_2025)
Faisalabad,2018-19,sunflower,75.0,141.0,1.88,t/ha,PBS Crops Area and Production by Districts (all_crops_2015_2025)
Faisalabad,2019-20,sunflower,85.0,151.0,1.7765,t/ha,PBS Crops Area and Production by Districts (all_crops_2015_2025)
Faisalabad,2020-21,sunflower,42.0,80.0,1.9048,t/ha,PBS Crops Area and Production by Districts (all_crops_2015_2025)
Faisalabad,2021-22,sunflower,35.0,70.0,2.0,t/ha,PBS Crops Area and Production by Districts (all_crops_2015_2025)
Faisalabad,2022-23,sunflower,37.0,65.0,1.7568,t/ha,PBS Crops Area and Production by Districts (all_crops_2015_2025)
Faisalabad,2023-24,sunflower,32.0,110.0,3.4375,t/ha,PBS Crops Area and Production by Districts (all_crops_2015_2025)
Faisalabad,2024-25,sunflower,33.0,99.0,3.0,t/ha,PBS Crops Area and Production by Districts (all_crops_2015_2025)
Gujranwala,2017-18,sunflower,222.0,267.0,1.2027,t/ha,PBS Crops Area and Production by Districts (all_crops_2015_2025)
Gujranwala,2018-19,sunflower,153.0,289.0,1.8889,t/ha,PBS Crops Area and Production by Districts (all_crops_2015_2025)
Gujranwala,2019-20,sunflower,166.0,314.0,1.8916,t/ha,PBS Crops Area and Production by Districts (all_crops_2015_2025)
Gujranwala,2020-21,sunflower,202.0,553.0,2.7376,t/ha,PBS Crops Area and Production by Districts (all_crops_2015_2025)
Gujranwala,2021-22,sunflower,150.0,282.0,1.88,t/ha,PBS Crops Area and Production by Districts (all_crops_2015_2025)
Gujranwala,2022-23,sunflower,163.0,554.0,3.3988,t/ha,PBS Crops Area and Production by Districts (all_crops_2015_2025)
Gujranwala,2023-24,sunflower,8.0,25.0,3.125,t/ha,PBS Crops Area and Production by Districts (all_crops_2015_2025)
Gujranwala,2024-25,sunflower,57.0,143.0,2.5088,t/ha,PBS Crops Area and Production by Districts (all_crops_2015_2025)
Gujrat,2017-18,sunflower,11.0,12.0,1.0909,t/ha,PBS Crops Area and Production by Districts (all_crops_2015_2025)
Gujrat,2018-19,sunflower,11.0,10.0,0.9091,t/ha,PBS Crops Area and Production by Districts (all_crops_2015_2025)
Gujrat,2019-20,sunflower,10.0,11.0,1.1,t/ha,PBS Crops Area and Production by Districts (all_crops_2015_2025)
Gujrat,2020-21,sunflower,8.0,20.0,2.5,t/ha,PBS Crops Area and Production by Districts (all_crops_2015_2025)
Gujrat,2021-22,sunflower,9.0,28.0,3.1111,t/ha,PBS Crops Area and Production by Districts (all_crops_2015_2025)
Gujrat,2022-23,sunflower,9.0,23.0,2.5556,t/ha,PBS Crops Area and Production by Districts (all_crops_2015_2025)
Gujrat,2023-24,sunflower,7.0,18.0,2.5714,t/ha,PBS Crops Area and Production by Districts (all_crops_2015_2025)
Gujrat,2024-25,sunflower,5.0,12.0,2.4,t/ha,PBS Crops Area and Production by Districts (all_crops_2015_2025)
Hafizabad,2019-20,sunflower,3.0,5.0,1.6667,t/ha,PBS Crops Area and Production by Districts (all_crops_2015_2025)
Hafizabad,2022-23,sunflower,164.0,415.0,2.5305,t/ha,PBS Crops Area and Production by Districts (all_crops_2015_2025)
Hafizabad,2023-24,sunflower,84.0,233.0,2.7738,t/ha,PBS Crops Area and Production by Districts (all_crops_2015_2025)
Hafizabad,2024-25,sunflower,61.0,149.0,2.4426,t/ha,PBS Crops Area and Production by Districts (all_crops_2015_2025)
Jhang,2017-18,sunflower,243.0,483.0,1.9877,t/ha,PBS Crops Area and Production by Districts (all_crops_2015_2025)
Jhang,2018-19,sunflower,263.0,555.0,2.1103,t/ha,PBS Crops Area and Production by Districts (all_crops_2015_2025)
Jhang,2019-20,sunflower,74.0,155.0,2.0946,t/ha,PBS Crops Area and Production by Districts (all_crops_2015_2025)
Jhang,2020-21,sunflower,57.0,113.0,1.9825,t/ha,PBS Crops Area and Production by Districts (all_crops_2015_2025)
Jhang,2021-22,sunflower,49.0,90.0,1.8367,t/ha,PBS Crops Area and Production by Districts (all_crops_2015_2025)
Jhang,2022-23,sunflower,59.0,116.0,1.9661,t/ha,PBS Crops Area and Production by Districts (all_crops_2015_2025)
Jhang,2023-24,sunflower,215.0,346.0,1.6093,t/ha,PBS Crops Area and Production by Districts (all_crops_2015_2025)
Jhang,2024-25,sunflower,40.0,74.0,1.85,t/ha,PBS Crops Area and Production by Districts (all_crops_2015_2025)
Jhelum,2017-18,sunflower,13.0,29.0,2.2308,t/ha,PBS Crops Area and Production by Districts (all_crops_2015_2025)
Jhelum,2018-19,sunflower,9.0,21.0,2.3333,t/ha,PBS Crops Area and Production by Districts (all_crops_2015_2025)
Jhelum,2019-20,sunflower,14.0,25.0,1.7857,t/ha,PBS Crops Area and Production by Districts (all_crops_2015_2025)
Jhelum,2021-22,sunflower,102.0,253.0,2.4804,t/ha,PBS Crops Area and Production by Districts (all_crops_2015_2025)
Jhelum,2022-23,sunflower,185.0,351.0,1.8973,t/ha,PBS Crops Area and Production by Districts (all_crops_2015_2025)
Jhelum,2023-24,sunflower,123.0,249.0,2.0244,t/ha,PBS Crops Area and Production by Districts (all_crops_2015_2025)
Jhelum,2024-25,sunflower,99.0,191.0,1.9293,t/ha,PBS Crops Area and Production by Districts (all_crops_2015_2025)
Kasur,2017-18,sunflower,17.0,31.0,1.8235,t/ha,PBS Crops Area and Production by Districts (all_crops_2015_2025)
Kasur,2018-19,sunflower,75.0,147.0,1.96,t/ha,PBS Crops Area and Production by Districts (all_crops_2015_2025)
Kasur,2019-20,sunflower,54.0,101.0,1.8704,t/ha,PBS Crops Area and Production by Districts (all_crops_2015_2025)
Kasur,2021-22,sunflower,45.0,93.0,2.0667,t/ha,PBS Crops Area and Production by Districts (all_crops_2015_2025)
Khanewal,2017-18,sunflower,486.0,937.0,1.928,t/ha,PBS Crops Area and Production by Districts (all_crops_2015_2025)
Khanewal,2018-19,sunflower,202.0,405.0,2.005,t/ha,PBS Crops Area and Production by Districts (all_crops_2015_2025)
Khanewal,2019-20,sunflower,200.0,406.0,2.03,t/ha,PBS Crops Area and Production by Districts (all_crops_2015_2025)
Khanewal,2020-21,sunflower,93.0,262.0,2.8172,t/ha,PBS Crops Area and Production by Districts (all_crops_2015_2025)
Khanewal,2021-22,sunflower,209.0,566.0,2.7081,t/ha,PBS Crops Area and Production by Districts (all_crops_2015_2025)
Khanewal,2022-23,sunflower,355.0,1145.0,3.2254,t/ha,PBS Crops Area and Production by Districts (all_crops_2015_2025)
Khanewal,2023-24,sunflower,181.0,463.0,2.558,t/ha,PBS Crops Area and Production by Districts (all_crops_2015_2025)
Khanewal,2024-25,sunflower,502.0,1034.0,2.0598,t/ha,PBS Crops Area and Production by Districts (all_crops_2015_2025)
Khushab,2017-18,sunflower,4.0,8.0,2.0,t/ha,PBS Crops Area and Production by Districts (all_crops_2015_2025)
Khushab,2018-19,sunflower,5.0,11.0,2.2,t/ha,PBS Crops Area and Production by Districts (all_crops_2015_2025)
Khushab,2019-20,sunflower,5.0,11.0,2.2,t/ha,PBS Crops Area and Production by Districts (all_crops_2015_2025)
Lahore,2018-19,sunflower,25.0,43.0,1.72,t/ha,PBS Crops Area and Production by Districts (all_crops_2015_2025)
Lahore,2019-20,sunflower,9.0,15.0,1.6667,t/ha,PBS Crops Area and Production by Districts (all_crops_2015_2025)
Lahore,2020-21,sunflower,1.0,3.0,3.0,t/ha,PBS Crops Area and Production by Districts (all_crops_2015_2025)
Lahore,2021-22,sunflower,2.0,2.0,1.0,t/ha,PBS Crops Area and Production by Districts (all_crops_2015_2025)
Layyah,2017-18,sunflower,5795.0,12470.0,2.1519,t/ha,PBS Crops Area and Production by Districts (all_crops_2015_2025)
Layyah,2018-19,sunflower,8094.0,16338.0,2.0185,t/ha,PBS Crops Area and Production by Districts (all_crops_2015_2025)
Layyah,2019-20,sunflower,11794.0,26119.0,2.2146,t/ha,PBS Crops Area and Production by Districts (all_crops_2015_2025)
Layyah,2020-21,sunflower,4856.0,11318.0,2.3307,t/ha,PBS Crops Area and Production by Districts (all_crops_2015_2025)
Layyah,2021-22,sunflower,1493.0,3392.0,2.2719,t/ha,PBS Crops Area and Production by Districts (all_crops_2015_2025)
Layyah,2022-23,sunflower,2857.0,6817.0,2.3861,t/ha,PBS Crops Area and Production by Districts (all_crops_2015_2025)
Layyah,2023-24,sunflower,3282.0,7451.0,2.2703,t/ha,PBS Crops Area and Production by Districts (all_crops_2015_2025)
Layyah,2024-25,sunflower,1285.0,2931.0,2.2809,t/ha,PBS Crops Area and Production by Districts (all_crops_2015_2025)
Lodhran,2017-18,sunflower,3237.0,6363.0,1.9657,t/ha,PBS Crops Area and Production by Districts (all_crops_2015_2025)
Lodhran,2018-19,sunflower,688.0,1309.0,1.9026,t/ha,PBS Crops Area and Production by Districts (all_crops_2015_2025)
Lodhran,2019-20,sunflower,753.0,2056.0,2.7304,t/ha,PBS Crops Area and Production by Districts (all_crops_2015_2025)
Lodhran,2020-21,sunflower,688.0,1625.0,2.3619,t/ha,PBS Crops Area and Production by Districts (all_crops_2015_2025)
Lodhran,2021-22,sunflower,1263.0,3222.0,2.5511,t/ha,PBS Crops Area and Production by Districts (all_crops_2015_2025)
Lodhran,2022-23,sunflower,2650.0,8624.0,3.2543,t/ha,PBS Crops Area and Production by Districts (all_crops_2015_2025)
Lodhran,2023-24,sunflower,1649.0,5442.0,3.3002,t/ha,PBS Crops Area and Production by Districts (all_crops_2015_2025)
Lodhran,2024-25,sunflower,1747.0,3867.0,2.2135,t/ha,PBS Crops Area and Production by Districts (all_crops_2015_2025)
Mandi Bahauddin,2017-18,sunflower,36.0,82.0,2.2778,t/ha,PBS Crops Area and Production by Districts (all_crops_2015_2025)
Mandi Bahauddin,2018-19,sunflower,27.0,55.0,2.037,t/ha,PBS Crops Area and Production by Districts (all_crops_2015_2025)
Mandi Bahauddin,2019-20,sunflower,10.0,22.0,2.2,t/ha,PBS Crops Area and Production by Districts (all_crops_2015_2025)
Mandi Bahauddin,2020-21,sunflower,6.0,14.0,2.3333,t/ha,PBS Crops Area and Production by Districts (all_crops_2015_2025)
Mandi Bahauddin,2021-22,sunflower,20.0,58.0,2.9,t/ha,PBS Crops Area and Production by Districts (all_crops_2015_2025)
Mandi Bahauddin,2022-23,sunflower,42.0,140.0,3.3333,t/ha,PBS Crops Area and Production by Districts (all_crops_2015_2025)
Mandi Bahauddin,2023-24,sunflower,28.0,90.0,3.2143,t/ha,PBS Crops Area and Production by Districts (all_crops_2015_2025)
Mandi Bahauddin,2024-25,sunflower,69.0,140.0,2.029,t/ha,PBS Crops Area and Production by Districts (all_crops_2015_2025)
Mianwali,2017-18,sunflower,974.0,552.0,0.5667,t/ha,PBS Crops Area and Production by Districts (all_crops_2015_2025)
Mianwali,2018-19,sunflower,945.0,569.0,0.6021,t/ha,PBS Crops Area and Production by Districts (all_crops_2015_2025)
Mianwali,2019-20,sunflower,1029.0,640.0,0.622,t/ha,PBS Crops Area and Production by Districts (all_crops_2015_2025)
Mianwali,2020-21,sunflower,182.0,353.0,1.9396,t/ha,PBS Crops Area and Production by Districts (all_crops_2015_2025)
Mianwali,2021-22,sunflower,963.0,530.0,0.5504,t/ha,PBS Crops Area and Production by Districts (all_crops_2015_2025)
Mianwali,2022-23,sunflower,219.0,195.0,0.8904,t/ha,PBS Crops Area and Production by Districts (all_crops_2015_2025)
Mianwali,2023-24,sunflower,43.0,74.0,1.7209,t/ha,PBS Crops Area and Production by Districts (all_crops_2015_2025)
Mianwali,2024-25,sunflower,425.0,713.0,1.6776,t/ha,PBS Crops Area and Production by Districts (all_crops_2015_2025)
Multan,2017-18,sunflower,4047.0,10253.0,2.5335,t/ha,PBS Crops Area and Production by Districts (all_crops_2015_2025)
Multan,2018-19,sunflower,1619.0,2710.0,1.6739,t/ha,PBS Crops Area and Production by Districts (all_crops_2015_2025)
Multan,2019-20,sunflower,1889.0,3485.0,1.8449,t/ha,PBS Crops Area and Production by Districts (all_crops_2015_2025)
Multan,2020-21,sunflower,1214.0,2640.0,2.1746,t/ha,PBS Crops Area and Production by Districts (all_crops_2015_2025)
Multan,2021-22,sunflower,1416.0,3651.0,2.5784,t/ha,PBS Crops Area and Production by Districts (all_crops_2015_2025)
Multan,2022-23,sunflower,971.0,2918.0,3.0051,t/ha,PBS Crops Area and Production by Districts (all_crops_2015_2025)
Multan,2023-24,sunflower,427.0,1355.0,3.1733,t/ha,PBS Crops Area and Production by Districts (all_crops_2015_2025)
Multan,2024-25,sunflower,1129.0,2609.0,2.3109,t/ha,PBS Crops Area and Production by Districts (all_crops_2015_2025)
Muzaffargarh,2017-18,sunflower,7891.0,15539.0,1.9692,t/ha,PBS Crops Area and Production by Districts (all_crops_2015_2025)
Muzaffargarh,2018-19,sunflower,5261.0,9771.0,1.8573,t/ha,PBS Crops Area and Production by Districts (all_crops_2015_2025)
Muzaffargarh,2019-20,sunflower,6660.0,15007.0,2.2533,t/ha,PBS Crops Area and Production by Districts (all_crops_2015_2025)
Muzaffargarh,2020-21,sunflower,2833.0,6734.0,2.377,t/ha,PBS Crops Area and Production by Districts (all_crops_2015_2025)
Muzaffargarh,2021-22,sunflower,2885.0,7449.0,2.582,t/ha,PBS Crops Area and Production by Districts (all_crops_2015_2025)
Muzaffargarh,2022-23,sunflower,7102.0,15966.0,2.2481,t/ha,PBS Crops Area and Production by Districts (all_crops_2015_2025)
Muzaffargarh,2023-24,sunflower,4208.0,9822.0,2.3341,t/ha,PBS Crops Area and Production by Districts (all_crops_2015_2025)
Muzaffargarh,2024-25,sunflower,2646.0,6221.0,2.3511,t/ha,PBS Crops Area and Production by Districts (all_crops_2015_2025)
Nankana Sahib,2017-18,sunflower,91.0,175.0,1.9231,t/ha,PBS Crops Area and Production by Districts (all_crops_2015_2025)
Nankana Sahib,2018-19,sunflower,113.0,219.0,1.9381,t/ha,PBS Crops Area and Production by Districts (all_crops_2015_2025)
Nankana Sahib,2019-20,sunflower,145.0,253.0,1.7448,t/ha,PBS Crops Area and Production by Districts (all_crops_2015_2025)
Nankana Sahib,2020-21,sunflower,136.0,318.0,2.3382,t/ha,PBS Crops Area and Production by Districts (all_crops_2015_2025)
Nankana Sahib,2021-22,sunflower,207.0,377.0,1.8213,t/ha,PBS Crops Area and Production by Districts (all_crops_2015_2025)
Nankana Sahib,2022-23,sunflower,319.0,1234.0,3.8683,t/ha,PBS Crops Area and Production by Districts (all_crops_2015_2025)
Nankana Sahib,2023-24,sunflower,95.0,221.0,2.3263,t/ha,PBS Crops Area and Production by Districts (all_crops_2015_2025)
Nankana Sahib,2024-25,sunflower,89.0,187.0,2.1011,t/ha,PBS Crops Area and Production by Districts (all_crops_2015_2025)
Narowal,2017-18,sunflower,174.0,288.0,1.6552,t/ha,PBS Crops Area and Production by Districts (all_crops_2015_2025)
Narowal,2018-19,sunflower,57.0,85.0,1.4912,t/ha,PBS Crops Area and Production by Districts (all_crops_2015_2025)
Narowal,2019-20,sunflower,1107.0,2711.0,2.449,t/ha,PBS Crops Area and Production by Districts (all_crops_2015_2025)
Narowal,2020-21,sunflower,486.0,1337.0,2.751,t/ha,PBS Crops Area and Production by Districts (all_crops_2015_2025)
Narowal,2021-22,sunflower,817.0,2136.0,2.6144,t/ha,PBS Crops Area and Production by Districts (all_crops_2015_2025)
Narowal,2022-23,sunflower,839.0,3110.0,3.7068,t/ha,PBS Crops Area and Production by Districts (all_crops_2015_2025)
Narowal,2023-24,sunflower,399.0,1351.0,3.386,t/ha,PBS Crops Area and Production by Districts (all_crops_2015_2025)
Narowal,2024-25,sunflower,459.0,1457.0,3.1743,t/ha,PBS Crops Area and Production by Districts (all_crops_2015_2025)
Okara,2017-18,sunflower,443.0,748.0,1.6885,t/ha,PBS Crops Area and Production by Districts (all_crops_2015_2025)
Okara,2018-19,sunflower,140.0,237.0,1.6929,t/ha,PBS Crops Area and Production by Districts (all_crops_2015_2025)
Okara,2019-20,sunflower,142.0,247.0,1.7394,t/ha,PBS Crops Area and Production by Districts (all_crops_2015_2025)
Okara,2020-21,sunflower,224.0,594.0,2.6518,t/ha,PBS Crops Area and Production by Districts (all_crops_2015_2025)
Okara,2021-22,sunflower,329.0,967.0,2.9392,t/ha,PBS Crops Area and Production by Districts (all_crops_2015_2025)
Okara,2022-23,sunflower,538.0,1676.0,3.1152,t/ha,PBS Crops Area and Production by Districts (all_crops_2015_2025)
Okara,2023-24,sunflower,496.0,1261.0,2.5423,t/ha,PBS Crops Area and Production by Districts (all_crops_2015_2025)
Okara,2024-25,sunflower,420.0,1135.0,2.7024,t/ha,PBS Crops Area and Production by Districts (all_crops_2015_2025)
Pakpattan,2017-18,sunflower,177.0,319.0,1.8023,t/ha,PBS Crops Area and Production by Districts (all_crops_2015_2025)
Pakpattan,2018-19,sunflower,55.0,154.0,2.8,t/ha,PBS Crops Area and Production by Districts (all_crops_2015_2025)
Pakpattan,2019-20,sunflower,58.0,132.0,2.2759,t/ha,PBS Crops Area and Production by Districts (all_crops_2015_2025)
Pakpattan,2020-21,sunflower,36.0,77.0,2.1389,t/ha,PBS Crops Area and Production by Districts (all_crops_2015_2025)
Pakpattan,2021-22,sunflower,32.0,55.0,1.7188,t/ha,PBS Crops Area and Production by Districts (all_crops_2015_2025)
Pakpattan,2022-23,sunflower,36.0,73.0,2.0278,t/ha,PBS Crops Area and Production by Districts (all_crops_2015_2025)
Pakpattan,2023-24,sunflower,20.0,40.0,2.0,t/ha,PBS Crops Area and Production by Districts (all_crops_2015_2025)
Pakpattan,2024-25,sunflower,37.0,82.0,2.2162,t/ha,PBS Crops Area and Production by Districts (all_crops_2015_2025)
Rahim Yar Khan,2017-18,sunflower,591.0,875.0,1.4805,t/ha,PBS Crops Area and Production by Districts (all_crops_2015_2025)
Rahim Yar Khan,2018-19,sunflower,145.0,274.0,1.8897,t/ha,PBS Crops Area and Production by Districts (all_crops_2015_2025)
Rahim Yar Khan,2019-20,sunflower,85.0,180.0,2.1176,t/ha,PBS Crops Area and Production by Districts (all_crops_2015_2025)
Rahim Yar Khan,2020-21,sunflower,20.0,41.0,2.05,t/ha,PBS Crops Area and Production by Districts (all_crops_2015_2025)
Rahim Yar Khan,2021-22,sunflower,115.0,242.0,2.1043,t/ha,PBS Crops Area and Production by Districts (all_crops_2015_2025)
Rahim Yar Khan,2022-23,sunflower,118.0,223.0,1.8898,t/ha,PBS Crops Area and Production by Districts (all_crops_2015_2025)
Rahim Yar Khan,2023-24,sunflower,13.0,20.0,1.5385,t/ha,PBS Crops Area and Production by Districts (all_crops_2015_2025)
Rajanpur,2017-18,sunflower,5463.0,10128.0,1.8539,t/ha,PBS Crops Area and Production by Districts (all_crops_2015_2025)
Rajanpur,2018-19,sunflower,1331.0,2092.0,1.5718,t/ha,PBS Crops Area and Production by Districts (all_crops_2015_2025)
Rajanpur,2019-20,sunflower,1363.0,3144.0,2.3067,t/ha,PBS Crops Area and Production by Districts (all_crops_2015_2025)
Rajanpur,2020-21,sunflower,809.0,1577.0,1.9493,t/ha,PBS Crops Area and Production by Districts (all_crops_2015_2025)
Rajanpur,2021-22,sunflower,433.0,922.0,2.1293,t/ha,PBS Crops Area and Production by Districts (all_crops_2015_2025)
Rajanpur,2022-23,sunflower,397.0,1069.0,2.6927,t/ha,PBS Crops Area and Production by Districts (all_crops_2015_2025)
Rajanpur,2023-24,sunflower,22.0,48.0,2.1818,t/ha,PBS Crops Area and Production by Districts (all_crops_2015_2025)
Rajanpur,2024-25,sunflower,28.0,46.0,1.6429,t/ha,PBS Crops Area and Production by Districts (all_crops_2015_2025)
Sahiwal,2017-18,sunflower,210.0,403.0,1.919,t/ha,PBS Crops Area and Production by Districts (all_crops_2015_2025)
Sahiwal,2018-19,sunflower,30.0,59.0,1.9667,t/ha,PBS Crops Area and Production by Districts (all_crops_2015_2025)
Sahiwal,2019-20,sunflower,32.0,58.0,1.8125,t/ha,PBS Crops Area and Production by Districts (all_crops_2015_2025)
Sahiwal,2020-21,sunflower,6.0,13.0,2.1667,t/ha,PBS Crops Area and Production by Districts (all_crops_2015_2025)
Sahiwal,2021-22,sunflower,2.0,6.0,3.0,t/ha,PBS Crops Area and Production by Districts (all_crops_2015_2025)
Sahiwal,2022-23,sunflower,3.0,8.0,2.6667,t/ha,PBS Crops Area and Production by Districts (all_crops_2015_2025)
Sahiwal,2023-24,sunflower,12.0,25.0,2.0833,t/ha,PBS Crops Area and Production by Districts (all_crops_2015_2025)
Sahiwal,2024-25,sunflower,8.0,17.0,2.125,t/ha,PBS Crops Area and Production by Districts (all_crops_2015_2025)
Sargodha,2017-18,sunflower,23.0,36.0,1.5652,t/ha,PBS Crops Area and Production by Districts (all_crops_2015_2025)
Sargodha,2018-19,sunflower,2.0,5.0,2.5,t/ha,PBS Crops Area and Production by Districts (all_crops_2015_2025)
Sargodha,2019-20,sunflower,3.0,5.0,1.6667,t/ha,PBS Crops Area and Production by Districts (all_crops_2015_2025)
Sheikhupura,2017-18,sunflower,46.0,72.0,1.5652,t/ha,PBS Crops Area and Production by Districts (all_crops_2015_2025)
Sheikhupura,2018-19,sunflower,25.0,36.0,1.44,t/ha,PBS Crops Area and Production by Districts (all_crops_2015_2025)
Sheikhupura,2019-20,sunflower,36.0,52.0,1.4444,t/ha,PBS Crops Area and Production by Districts (all_crops_2015_2025)
Sheikhupura,2020-21,sunflower,45.0,105.0,2.3333,t/ha,PBS Crops Area and Production by Districts (all_crops_2015_2025)
Sheikhupura,2021-22,sunflower,60.0,137.0,2.2833,t/ha,PBS Crops Area and Production by Districts (all_crops_2015_2025)
Sheikhupura,2022-23,sunflower,145.0,313.0,2.1586,t/ha,PBS Crops Area and Production by Districts (all_crops_2015_2025)
Sheikhupura,2023-24,sunflower,49.0,101.0,2.0612,t/ha,PBS Crops Area and Production by Districts (all_crops_2015_2025)
Sheikhupura,2024-25,sunflower,101.0,183.0,1.8119,t/ha,PBS Crops Area and Production by Districts (all_crops_2015_2025)
Sialkot,2017-18,sunflower,939.0,1746.0,1.8594,t/ha,PBS Crops Area and Production by Districts (all_crops_2015_2025)
Sialkot,2018-19,sunflower,133.0,227.0,1.7068,t/ha,PBS Crops Area and Production by Districts (all_crops_2015_2025)
Sialkot,2019-20,sunflower,1591.0,4128.0,2.5946,t/ha,PBS Crops Area and Production by Districts (all_crops_2015_2025)
Sialkot,2020-21,sunflower,1619.0,4678.0,2.8894,t/ha,PBS Crops Area and Production by Districts (all_crops_2015_2025)
Sialkot,2021-22,sunflower,1802.0,5427.0,3.0117,t/ha,PBS Crops Area and Production by Districts (all_crops_2015_2025)
Sialkot,2022-23,sunflower,1683.0,6032.0,3.5841,t/ha,PBS Crops Area and Production by Districts (all_crops_2015_2025)
Sialkot,2023-24,sunflower,805.0,2221.0,2.759,t/ha,PBS Crops Area and Production by Districts (all_crops_2015_2025)
Sialkot,2024-25,sunflower,1659.0,4874.0,2.9379,t/ha,PBS Crops Area and Production by Districts (all_crops_2015_2025)
Toba Tek Singh,2017-18,sunflower,64.0,118.0,1.8438,t/ha,PBS Crops Area and Production by Districts (all_crops_2015_2025)
Toba Tek Singh,2018-19,sunflower,51.0,94.0,1.8431,t/ha,PBS Crops Area and Production by Districts (all_crops_2015_2025)
Toba Tek Singh,2019-20,sunflower,62.0,115.0,1.8548,t/ha,PBS Crops Area and Production by Districts (all_crops_2015_2025)
Toba Tek Singh,2020-21,sunflower,20.0,38.0,1.9,t/ha,PBS Crops Area and Production by Districts (all_crops_2015_2025)
Toba Tek Singh,2021-22,sunflower,49.0,99.0,2.0204,t/ha,PBS Crops Area and Production by Districts (all_crops_2015_2025)
Vehari,2017-18,sunflower,961.0,1966.0,2.0458,t/ha,PBS Crops Area and Production by Districts (all_crops_2015_2025)
Vehari,2018-19,sunflower,789.0,1601.0,2.0292,t/ha,PBS Crops Area and Production by Districts (all_crops_2015_2025)
Vehari,2019-20,sunflower,338.0,824.0,2.4379,t/ha,PBS Crops Area and Production by Districts (all_crops_2015_2025)
Vehari,2020-21,sunflower,152.0,341.0,2.2434,t/ha,PBS Crops Area and Production by Districts (all_crops_2015_2025)
Vehari,2021-22,sunflower,354.0,813.0,2.2966,t/ha,PBS Crops Area and Production by Districts (all_crops_2015_2025)
Vehari,2022-23,sunflower,628.0,1661.0,2.6449,t/ha,PBS Crops Area and Production by Districts (all_crops_2015_2025)
Vehari,2023-24,sunflower,183.0,604.0,3.3005,t/ha,PBS Crops Area and Production by Districts (all_crops_2015_2025)
Vehari,2024-25,sunflower,275.0,782.0,2.8436,t/ha,PBS Crops Area and Production by Districts (all_crops_2015_2025)
Attock,2017-18,tobacco,198.0,489.0,2.4697,t/ha,PBS Crops Area and Production by Districts (all_crops_2015_2025)
Attock,2018-19,tobacco,182.0,446.0,2.4505,t/ha,PBS Crops Area and Production by Districts (all_crops_2015_2025)
Attock,2022-23,tobacco,88.0,266.0,3.0227,t/ha,PBS Crops Area and Production by Districts (all_crops_2015_2025)
Attock,2023-24,tobacco,211.0,662.0,3.1374,t/ha,PBS Crops Area and Production by Districts (all_crops_2015_2025)
Attock,2024-25,tobacco,465.0,1464.0,3.1484,t/ha,PBS Crops Area and Production by Districts (all_crops_2015_2025)
Bahawalnagar,2017-18,tobacco,401.0,631.0,1.5736,t/ha,PBS Crops Area and Production by Districts (all_crops_2015_2025)
Bahawalnagar,2018-19,tobacco,283.0,431.0,1.523,t/ha,PBS Crops Area and Production by Districts (all_crops_2015_2025)
Bahawalnagar,2020-21,tobacco,17.0,30.0,1.7647,t/ha,PBS Crops Area and Production by Districts (all_crops_2015_2025)
Bahawalnagar,2023-24,tobacco,18.0,46.0,2.5556,t/ha,PBS Crops Area and Production by Districts (all_crops_2015_2025)
Bahawalnagar,2024-25,tobacco,174.0,275.0,1.5805,t/ha,PBS Crops Area and Production by Districts (all_crops_2015_2025)
Bahawalpur,2017-18,tobacco,99.0,115.0,1.1616,t/ha,PBS Crops Area and Production by Districts (all_crops_2015_2025)
Bahawalpur,2018-19,tobacco,97.0,121.0,1.2474,t/ha,PBS Crops Area and Production by Districts (all_crops_2015_2025)
Bahawalpur,2020-21,tobacco,46.0,90.0,1.9565,t/ha,PBS Crops Area and Production by Districts (all_crops_2015_2025)
Bahawalpur,2024-25,tobacco,49.0,44.0,0.898,t/ha,PBS Crops Area and Production by Districts (all_crops_2015_2025)
Bhakkar,2017-18,tobacco,14.0,15.0,1.0714,t/ha,PBS Crops Area and Production by Districts (all_crops_2015_2025)
Bhakkar,2018-19,tobacco,14.0,16.0,1.1429,t/ha,PBS Crops Area and Production by Districts (all_crops_2015_2025)
Bhakkar,2024-25,tobacco,7.0,15.0,2.1429,t/ha,PBS Crops Area and Production by Districts (all_crops_2015_2025)
Chiniot,2017-18,tobacco,273.0,329.0,1.2051,t/ha,PBS Crops Area and Production by Districts (all_crops_2015_2025)
Chiniot,2018-19,tobacco,263.0,313.0,1.1901,t/ha,PBS Crops Area and Production by Districts (all_crops_2015_2025)
Chiniot,2020-21,tobacco,48.0,116.0,2.4167,t/ha,PBS Crops Area and Production by Districts (all_crops_2015_2025)
Chiniot,2022-23,tobacco,2.0,5.0,2.5,t/ha,PBS Crops Area and Production by Districts (all_crops_2015_2025)
Chiniot,2024-25,tobacco,22.0,49.0,2.2273,t/ha,PBS Crops Area and Production by Districts (all_crops_2015_2025)
Dera Ghazi Khan,2017-18,tobacco,1012.0,1493.0,1.4753,t/ha,PBS Crops Area and Production by Districts (all_crops_2015_2025)
Dera Ghazi Khan,2018-19,tobacco,1005.0,1400.0,1.393,t/ha,PBS Crops Area and Production by Districts (all_crops_2015_2025)
Dera Ghazi Khan,2020-21,tobacco,2401.0,6448.0,2.6855,t/ha,PBS Crops Area and Production by Districts (all_crops_2015_2025)
Dera Ghazi Khan,2022-23,tobacco,2085.0,8651.0,4.1492,t/ha,PBS Crops Area and Production by Districts (all_crops_2015_2025)
Dera Ghazi Khan,2023-24,tobacco,2491.0,11174.0,4.4857,t/ha,PBS Crops Area and Production by Districts (all_crops_2015_2025)
Dera Ghazi Khan,2024-25,tobacco,3829.0,15974.0,4.1718,t/ha,PBS Crops Area and Production by Districts (all_crops_2015_2025)
Faisalabad,2017-18,tobacco,577.0,639.0,1.1075,t/ha,PBS Crops Area and Production by Districts (all_crops_2015_2025)
Faisalabad,2018-19,tobacco,591.0,672.0,1.1371,t/ha,PBS Crops Area and Production by Districts (all_crops_2015_2025)
Faisalabad,2020-21,tobacco,324.0,728.0,2.2469,t/ha,PBS Crops Area and Production by Districts (all_crops_2015_2025)
Faisalabad,2022-23,tobacco,179.0,409.0,2.2849,t/ha,PBS Crops Area and Production by Districts (all_crops_2015_2025)
Faisalabad,2023-24,tobacco,246.0,478.0,1.9431,t/ha,PBS Crops Area and Production by Districts (all_crops_2015_2025)
Faisalabad,2024-25,tobacco,641.0,1910.0,2.9797,t/ha,PBS Crops Area and Production by Districts (all_crops_2015_2025)
Gujranwala,2017-18,tobacco,366.0,337.0,0.9208,t/ha,PBS Crops Area and Production by Districts (all_crops_2015_2025)
Gujranwala,2018-19,tobacco,354.0,334.0,0.9435,t/ha,PBS Crops Area and Production by Districts (all_crops_2015_2025)
Gujranwala,2020-21,tobacco,74.0,127.0,1.7162,t/ha,PBS Crops Area and Production by Districts (all_crops_2015_2025)
Gujranwala,2022-23,tobacco,23.0,34.0,1.4783,t/ha,PBS Crops Area and Production by Districts (all_crops_2015_2025)
Gujranwala,2023-24,tobacco,11.0,18.0,1.6364,t/ha,PBS Crops Area and Production by Districts (all_crops_2015_2025)
Gujranwala,2024-25,tobacco,84.0,43.0,0.5119,t/ha,PBS Crops Area and Production by Districts (all_crops_2015_2025)
Gujrat,2017-18,tobacco,322.0,399.0,1.2391,t/ha,PBS Crops Area and Production by Districts (all_crops_2015_2025)
Gujrat,2018-19,tobacco,285.0,350.0,1.2281,t/ha,PBS Crops Area and Production by Districts (all_crops_2015_2025)
Gujrat,2020-21,tobacco,83.0,176.0,2.1205,t/ha,PBS Crops Area and Production by Districts (all_crops_2015_2025)
Gujrat,2022-23,tobacco,36.0,66.0,1.8333,t/ha,PBS Crops Area and Production by Districts (all_crops_2015_2025)
Gujrat,2023-24,tobacco,20.0,35.0,1.75,t/ha,PBS Crops Area and Production by Districts (all_crops_2015_2025)
Gujrat,2024-25,tobacco,251.0,345.0,1.3745,t/ha,PBS Crops Area and Production by Districts (all_crops_2015_2025)
Hafizabad,2017-18,tobacco,144.0,122.0,0.8472,t/ha,PBS Crops Area and Production by Districts (all_crops_2015_2025)
Hafizabad,2018-19,tobacco,117.0,98.0,0.8376,t/ha,PBS Crops Area and Production by Districts (all_crops_2015_2025)
Hafizabad,2020-21,tobacco,329.0,540.0,1.6413,t/ha,PBS Crops Area and Production by Districts (all_crops_2015_2025)
Hafizabad,2022-23,tobacco,25.0,58.0,2.32,t/ha,PBS Crops Area and Production by Districts (all_crops_2015_2025)
Hafizabad,2023-24,tobacco,44.0,124.0,2.8182,t/ha,PBS Crops Area and Production by Districts (all_crops_2015_2025)
Hafizabad,2024-25,tobacco,283.0,549.0,1.9399,t/ha,PBS Crops Area and Production by Districts (all_crops_2015_2025)
Jhang,2017-18,tobacco,344.0,365.0,1.061,t/ha,PBS Crops Area and Production by Districts (all_crops_2015_2025)
Jhang,2018-19,tobacco,320.0,346.0,1.0813,t/ha,PBS Crops Area and Production by Districts (all_crops_2015_2025)
Jhang,2020-21,tobacco,168.0,354.0,2.1071,t/ha,PBS Crops Area and Production by Districts (all_crops_2015_2025)
Jhang,2022-23,tobacco,115.0,284.0,2.4696,t/ha,PBS Crops Area and Production by Districts (all_crops_2015_2025)
Jhang,2023-24,tobacco,92.0,191.0,2.0761,t/ha,PBS Crops Area and Production by Districts (all_crops_2015_2025)
Jhang,2024-25,tobacco,414.0,1018.0,2.4589,t/ha,PBS Crops Area and Production by Districts (all_crops_2015_2025)
Jhelum,2017-18,tobacco,2.0,3.0,1.5,t/ha,PBS Crops Area and Production by Districts (all_crops_2015_2025)
Jhelum,2018-19,tobacco,2.0,4.0,2.0,t/ha,PBS Crops Area and Production by Districts (all_crops_2015_2025)
Jhelum,2020-21,tobacco,1.0,2.0,2.0,t/ha,PBS Crops Area and Production by Districts (all_crops_2015_2025)
Kasur,2017-18,tobacco,28.0,41.0,1.4643,t/ha,PBS Crops Area and Production by Districts (all_crops_2015_2025)
Kasur,2018-19,tobacco,31.0,48.0,1.5484,t/ha,PBS Crops Area and Production by Districts (all_crops_2015_2025)
Kasur,2020-21,tobacco,78.0,210.0,2.6923,t/ha,PBS Crops Area and Production by Districts (all_crops_2015_2025)
Kasur,2022-23,tobacco,23.0,23.0,1.0,t/ha,PBS Crops Area and Production by Districts (all_crops_2015_2025)
Kasur,2023-24,tobacco,56.0,109.0,1.9464,t/ha,PBS Crops Area and Production by Districts (all_crops_2015_2025)
Kasur,2024-25,tobacco,118.0,233.0,1.9746,t/ha,PBS Crops Area and Production by Districts (all_crops_2015_2025)
Khanewal,2017-18,tobacco,223.0,359.0,1.6099,t/ha,PBS Crops Area and Production by Districts (all_crops_2015_2025)
Khanewal,2018-19,tobacco,225.0,353.0,1.5689,t/ha,PBS Crops Area and Production by Districts (all_crops_2015_2025)
Khanewal,2020-21,tobacco,40.0,69.0,1.725,t/ha,PBS Crops Area and Production by Districts (all_crops_2015_2025)
Khanewal,2022-23,tobacco,6.0,15.0,2.5,t/ha,PBS Crops Area and Production by Districts (all_crops_2015_2025)
Khanewal,2023-24,tobacco,24.0,32.0,1.3333,t/ha,PBS Crops Area and Production by Districts (all_crops_2015_2025)
Khanewal,2024-25,tobacco,134.0,404.0,3.0149,t/ha,PBS Crops Area and Production by Districts (all_crops_2015_2025)
Khushab,2017-18,tobacco,18.0,29.0,1.6111,t/ha,PBS Crops Area and Production by Districts (all_crops_2015_2025)
Khushab,2018-19,tobacco,19.0,27.0,1.4211,t/ha,PBS Crops Area and Production by Districts (all_crops_2015_2025)
Khushab,2022-23,tobacco,2.0,4.0,2.0,t/ha,PBS Crops Area and Production by Districts (all_crops_2015_2025)
Khushab,2024-25,tobacco,8.0,33.0,4.125,t/ha,PBS Crops Area and Production by Districts (all_crops_2015_2025)
Lahore,2017-18,tobacco,18.0,32.0,1.7778,t/ha,PBS Crops Area and Production by Districts (all_crops_2015_2025)
Lahore,2018-19,tobacco,24.0,45.0,1.875,t/ha,PBS Crops Area and Production by Districts (all_crops_2015_2025)
Lahore,2020-21,tobacco,200.0,405.0,2.025,t/ha,PBS Crops Area and Production by Districts (all_crops_2015_2025)
Lahore,2022-23,tobacco,51.0,168.0,3.2941,t/ha,PBS Crops Area and Production by Districts (all_crops_2015_2025)
Lahore,2023-24,tobacco,32.0,103.0,3.2188,t/ha,PBS Crops Area and Production by Districts (all_crops_2015_2025)
Lahore,2024-25,tobacco,89.0,384.0,4.3146,t/ha,PBS Crops Area and Production by Districts (all_crops_2015_2025)
Layyah,2017-18,tobacco,19.0,18.0,0.9474,t/ha,PBS Crops Area and Production by Districts (all_crops_2015_2025)
Layyah,2018-19,tobacco,21.0,22.0,1.0476,t/ha,PBS Crops Area and Production by Districts (all_crops_2015_2025)
Layyah,2023-24,tobacco,47.0,185.0,3.9362,t/ha,PBS Crops Area and Production by Districts (all_crops_2015_2025)
Layyah,2024-25,tobacco,29.0,111.0,3.8276,t/ha,PBS Crops Area and Production by Districts (all_crops_2015_2025)
Lodhran,2017-18,tobacco,17.0,25.0,1.4706,t/ha,PBS Crops Area and Production by Districts (all_crops_2015_2025)
Lodhran,2018-19,tobacco,12.0,15.0,1.25,t/ha,PBS Crops Area and Production by Districts (all_crops_2015_2025)
Lodhran,2020-21,tobacco,2.0,6.0,3.0,t/ha,PBS Crops Area and Production by Districts (all_crops_2015_2025)
Lodhran,2022-23,tobacco,2.0,5.0,2.5,t/ha,PBS Crops Area and Production by Districts (all_crops_2015_2025)
Lodhran,2023-24,tobacco,13.0,48.0,3.6923,t/ha,PBS Crops Area and Production by Districts (all_crops_2015_2025)
Lodhran,2024-25,tobacco,224.0,197.0,0.8795,t/ha,PBS Crops Area and Production by Districts (all_crops_2015_2025)
Mandi Bahauddin,2017-18,tobacco,211.0,235.0,1.1137,t/ha,PBS Crops Area and Production by Districts (all_crops_2015_2025)
Mandi Bahauddin,2018-19,tobacco,196.0,223.0,1.1378,t/ha,PBS Crops Area and Production by Districts (all_crops_2015_2025)
Mandi Bahauddin,2020-21,tobacco,291.0,705.0,2.4227,t/ha,PBS Crops Area and Production by Districts (all_crops_2015_2025)
Mandi Bahauddin,2022-23,tobacco,286.0,418.0,1.4615,t/ha,PBS Crops Area and Production by Districts (all_crops_2015_2025)
Mandi Bahauddin,2023-24,tobacco,200.0,298.0,1.49,t/ha,PBS Crops Area and Production by Districts (all_crops_2015_2025)
Mandi Bahauddin,2024-25,tobacco,557.0,1194.0,2.1436,t/ha,PBS Crops Area and Production by Districts (all_crops_2015_2025)
Mianwali,2017-18,tobacco,931.0,1810.0,1.9441,t/ha,PBS Crops Area and Production by Districts (all_crops_2015_2025)
Mianwali,2018-19,tobacco,941.0,2517.0,2.6748,t/ha,PBS Crops Area and Production by Districts (all_crops_2015_2025)
Mianwali,2020-21,tobacco,3.0,4.0,1.3333,t/ha,PBS Crops Area and Production by Districts (all_crops_2015_2025)
Mianwali,2022-23,tobacco,56.0,222.0,3.9643,t/ha,PBS Crops Area and Production by Districts (all_crops_2015_2025)
Mianwali,2024-25,tobacco,516.0,1524.0,2.9535,t/ha,PBS Crops Area and Production by Districts (all_crops_2015_2025)
Multan,2017-18,tobacco,52.0,53.0,1.0192,t/ha,PBS Crops Area and Production by Districts (all_crops_2015_2025)
Multan,2018-19,tobacco,48.0,49.0,1.0208,t/ha,PBS Crops Area and Production by Districts (all_crops_2015_2025)
Multan,2020-21,tobacco,43.0,51.0,1.186,t/ha,PBS Crops Area and Production by Districts (all_crops_2015_2025)
Multan,2023-24,tobacco,20.0,19.0,0.95,t/ha,PBS Crops Area and Production by Districts (all_crops_2015_2025)
Muzaffargarh,2017-18,tobacco,157.0,206.0,1.3121,t/ha,PBS Crops Area and Production by Districts (all_crops_2015_2025)
Muzaffargarh,2018-19,tobacco,171.0,227.0,1.3275,t/ha,PBS Crops Area and Production by Districts (all_crops_2015_2025)
Muzaffargarh,2020-21,tobacco,366.0,1153.0,3.1503,t/ha,PBS Crops Area and Production by Districts (all_crops_2015_2025)
Muzaffargarh,2022-23,tobacco,37.0,117.0,3.1622,t/ha,PBS Crops Area and Production by Districts (all_crops_2015_2025)
Muzaffargarh,2023-24,tobacco,123.0,828.0,6.7317,t/ha,PBS Crops Area and Production by Districts (all_crops_2015_2025)
Muzaffargarh,2024-25,tobacco,698.0,4328.0,6.2006,t/ha,PBS Crops Area and Production by Districts (all_crops_2015_2025)
Nankana Sahib,2017-18,tobacco,121.0,98.0,0.8099,t/ha,PBS Crops Area and Production by Districts (all_crops_2015_2025)
Nankana Sahib,2018-19,tobacco,128.0,106.0,0.8281,t/ha,PBS Crops Area and Production by Districts (all_crops_2015_2025)
Nankana Sahib,2020-21,tobacco,113.0,169.0,1.4956,t/ha,PBS Crops Area and Production by Districts (all_crops_2015_2025)
Nankana Sahib,2022-23,tobacco,75.0,116.0,1.5467,t/ha,PBS Crops Area and Production by Districts (all_crops_2015_2025)
Nankana Sahib,2023-24,tobacco,93.0,146.0,1.5699,t/ha,PBS Crops Area and Production by Districts (all_crops_2015_2025)
Nankana Sahib,2024-25,tobacco,342.0,530.0,1.5497,t/ha,PBS Crops Area and Production by Districts (all_crops_2015_2025)
Narowal,2017-18,tobacco,69.0,63.0,0.913,t/ha,PBS Crops Area and Production by Districts (all_crops_2015_2025)
Narowal,2018-19,tobacco,67.0,64.0,0.9552,t/ha,PBS Crops Area and Production by Districts (all_crops_2015_2025)
Narowal,2020-21,tobacco,8.0,27.0,3.375,t/ha,PBS Crops Area and Production by Districts (all_crops_2015_2025)
Narowal,2022-23,tobacco,20.0,60.0,3.0,t/ha,PBS Crops Area and Production by Districts (all_crops_2015_2025)
Narowal,2023-24,tobacco,12.0,30.0,2.5,t/ha,PBS Crops Area and Production by Districts (all_crops_2015_2025)
Narowal,2024-25,tobacco,17.0,36.0,2.1176,t/ha,PBS Crops Area and Production by Districts (all_crops_2015_2025)
Okara,2017-18,tobacco,396.0,759.0,1.9167,t/ha,PBS Crops Area and Production by Districts (all_crops_2015_2025)
Okara,2018-19,tobacco,360.0,707.0,1.9639,t/ha,PBS Crops Area and Production by Districts (all_crops_2015_2025)
Okara,2020-21,tobacco,445.0,953.0,2.1416,t/ha,PBS Crops Area and Production by Districts (all_crops_2015_2025)
Okara,2022-23,tobacco,444.0,1663.0,3.7455,t/ha,PBS Crops Area and Production by Districts (all_crops_2015_2025)
Okara,2023-24,tobacco,752.0,2219.0,2.9508,t/ha,PBS Crops Area and Production by Districts (all_crops_2015_2025)
Okara,2024-25,tobacco,1146.0,3236.0,2.8237,t/ha,PBS Crops Area and Production by Districts (all_crops_2015_2025)
Pakpattan,2017-18,tobacco,231.0,282.0,1.2208,t/ha,PBS Crops Area and Production by Districts (all_crops_2015_2025)
Pakpattan,2018-19,tobacco,214.0,252.0,1.1776,t/ha,PBS Crops Area and Production by Districts (all_crops_2015_2025)
Pakpattan,2020-21,tobacco,27.0,75.0,2.7778,t/ha,PBS Crops Area and Production by Districts (all_crops_2015_2025)
Pakpattan,2022-23,tobacco,15.0,34.0,2.2667,t/ha,PBS Crops Area and Production by Districts (all_crops_2015_2025)
Pakpattan,2023-24,tobacco,36.0,92.0,2.5556,t/ha,PBS Crops Area and Production by Districts (all_crops_2015_2025)
Pakpattan,2024-25,tobacco,121.0,244.0,2.0165,t/ha,PBS Crops Area and Production by Districts (all_crops_2015_2025)
Rahim Yar Khan,2017-18,tobacco,27.0,34.0,1.2593,t/ha,PBS Crops Area and Production by Districts (all_crops_2015_2025)
Rahim Yar Khan,2018-19,tobacco,25.0,30.0,1.2,t/ha,PBS Crops Area and Production by Districts (all_crops_2015_2025)
Rahim Yar Khan,2023-24,tobacco,6.0,6.0,1.0,t/ha,PBS Crops Area and Production by Districts (all_crops_2015_2025)
Rahim Yar Khan,2024-25,tobacco,8.0,11.0,1.375,t/ha,PBS Crops Area and Production by Districts (all_crops_2015_2025)
Rajanpur,2017-18,tobacco,8265.0,18525.0,2.2414,t/ha,PBS Crops Area and Production by Districts (all_crops_2015_2025)
Rajanpur,2018-19,tobacco,7770.0,18991.0,2.4441,t/ha,PBS Crops Area and Production by Districts (all_crops_2015_2025)
Rajanpur,2020-21,tobacco,17570.0,69816.0,3.9736,t/ha,PBS Crops Area and Production by Districts (all_crops_2015_2025)
Rajanpur,2022-23,tobacco,10275.0,43122.0,4.1968,t/ha,PBS Crops Area and Production by Districts (all_crops_2015_2025)
Rajanpur,2023-24,tobacco,12982.0,59977.0,4.62,t/ha,PBS Crops Area and Production by Districts (all_crops_2015_2025)
Rajanpur,2024-25,tobacco,18510.0,80852.0,4.368,t/ha,PBS Crops Area and Production by Districts (all_crops_2015_2025)
Sahiwal,2017-18,tobacco,1659.0,2124.0,1.2803,t/ha,PBS Crops Area and Production by Districts (all_crops_2015_2025)
Sahiwal,2018-19,tobacco,1700.0,2168.0,1.2753,t/ha,PBS Crops Area and Production by Districts (all_crops_2015_2025)
Sahiwal,2020-21,tobacco,393.0,1020.0,2.5954,t/ha,PBS Crops Area and Production by Districts (all_crops_2015_2025)
Sahiwal,2022-23,tobacco,265.0,1017.0,3.8377,t/ha,PBS Crops Area and Production by Districts (all_crops_2015_2025)
Sahiwal,2023-24,tobacco,810.0,2521.0,3.1123,t/ha,PBS Crops Area and Production by Districts (all_crops_2015_2025)
Sahiwal,2024-25,tobacco,382.0,1074.0,2.8115,t/ha,PBS Crops Area and Production by Districts (all_crops_2015_2025)
Sargodha,2017-18,tobacco,283.0,144.0,0.5088,t/ha,PBS Crops Area and Production by Districts (all_crops_2015_2025)
Sargodha,2018-19,tobacco,295.0,166.0,0.5627,t/ha,PBS Crops Area and Production by Districts (all_crops_2015_2025)
Sargodha,2020-21,tobacco,128.0,215.0,1.6797,t/ha,PBS Crops Area and Production by Districts (all_crops_2015_2025)
Sargodha,2022-23,tobacco,8.0,20.0,2.5,t/ha,PBS Crops Area and Production by Districts (all_crops_2015_2025)
Sargodha,2023-24,tobacco,146.0,328.0,2.2466,t/ha,PBS Crops Area and Production by Districts (all_crops_2015_2025)
Sargodha,2024-25,tobacco,309.0,642.0,2.0777,t/ha,PBS Crops Area and Production by Districts (all_crops_2015_2025)
Sheikhupura,2017-18,tobacco,890.0,1018.0,1.1438,t/ha,PBS Crops Area and Production by Districts (all_crops_2015_2025)
Sheikhupura,2018-19,tobacco,601.0,687.0,1.1431,t/ha,PBS Crops Area and Production by Districts (all_crops_2015_2025)
Sheikhupura,2020-21,tobacco,317.0,920.0,2.9022,t/ha,PBS Crops Area and Production by Districts (all_crops_2015_2025)
Sheikhupura,2022-23,tobacco,270.0,545.0,2.0185,t/ha,PBS Crops Area and Production by Districts (all_crops_2015_2025)
Sheikhupura,2023-24,tobacco,75.0,187.0,2.4933,t/ha,PBS Crops Area and Production by Districts (all_crops_2015_2025)
Sheikhupura,2024-25,tobacco,314.0,670.0,2.1338,t/ha,PBS Crops Area and Production by Districts (all_crops_2015_2025)
Sialkot,2017-18,tobacco,249.0,230.0,0.9237,t/ha,PBS Crops Area and Production by Districts (all_crops_2015_2025)
Sialkot,2018-19,tobacco,242.0,226.0,0.9339,t/ha,PBS Crops Area and Production by Districts (all_crops_2015_2025)
Sialkot,2020-21,tobacco,15.0,22.0,1.4667,t/ha,PBS Crops Area and Production by Districts (all_crops_2015_2025)
Sialkot,2022-23,tobacco,2.0,3.0,1.5,t/ha,PBS Crops Area and Production by Districts (all_crops_2015_2025)
Sialkot,2023-24,tobacco,3.0,5.0,1.6667,t/ha,PBS Crops Area and Production by Districts (all_crops_2015_2025)
Sialkot,2024-25,tobacco,8.0,14.0,1.75,t/ha,PBS Crops Area and Production by Districts (all_crops_2015_2025)
Toba Tek Singh,2017-18,tobacco,1307.0,1676.0,1.2823,t/ha,PBS Crops Area and Production by Districts (all_crops_2015_2025)
Toba Tek Singh,2018-19,tobacco,1600.0,2125.0,1.3281,t/ha,PBS Crops Area and Production by Districts (all_crops_2015_2025)
Toba Tek Singh,2020-21,tobacco,2093.0,4334.0,2.0707,t/ha,PBS Crops Area and Production by Districts (all_crops_2015_2025)
Toba Tek Singh,2022-23,tobacco,1816.0,4062.0,2.2368,t/ha,PBS Crops Area and Production by Districts (all_crops_2015_2025)
Toba Tek Singh,2023-24,tobacco,2239.0,4779.0,2.1344,t/ha,PBS Crops Area and Production by Districts (all_crops_2015_2025)
Toba Tek Singh,2024-25,tobacco,2366.0,4918.0,2.0786,t/ha,PBS Crops Area and Production by Districts (all_crops_2015_2025)
Vehari,2017-18,tobacco,836.0,1341.0,1.6041,t/ha,PBS Crops Area and Production by Districts (all_crops_2015_2025)
Vehari,2018-19,tobacco,850.0,1372.0,1.6141,t/ha,PBS Crops Area and Production by Districts (all_crops_2015_2025)
Vehari,2020-21,tobacco,422.0,988.0,2.3412,t/ha,PBS Crops Area and Production by Districts (all_crops_2015_2025)
Vehari,2022-23,tobacco,131.0,447.0,3.4122,t/ha,PBS Crops Area and Production by Districts (all_crops_2015_2025)
Vehari,2023-24,tobacco,859.0,2949.0,3.4331,t/ha,PBS Crops Area and Production by Districts (all_crops_2015_2025)
Vehari,2024-25,tobacco,1128.0,5089.0,4.5115,t/ha,PBS Crops Area and Production by Districts (all_crops_2015_2025)
Attock,2017-18,tomato,16.0,188.0,11.75,t/ha,PBS Crops Area and Production by Districts (all_crops_2015_2025)
Attock,2018-19,tomato,17.0,199.0,11.7059,t/ha,PBS Crops Area and Production by Districts (all_crops_2015_2025)
Attock,2019-20,tomato,6.0,71.0,11.8333,t/ha,PBS Crops Area and Production by Districts (all_crops_2015_2025)
Attock,2021-22,tomato,63.0,1516.0,24.0635,t/ha,PBS Crops Area and Production by Districts (all_crops_2015_2025)
Attock,2022-23,tomato,112.0,3080.0,27.5,t/ha,PBS Crops Area and Production by Districts (all_crops_2015_2025)
Attock,2023-24,tomato,115.0,2679.0,23.2957,t/ha,PBS Crops Area and Production by Districts (all_crops_2015_2025)
Attock,2024-25,tomato,180.0,4336.0,24.0889,t/ha,PBS Crops Area and Production by Districts (all_crops_2015_2025)
Bahawalnagar,2017-18,tomato,275.0,3883.0,14.12,t/ha,PBS Crops Area and Production by Districts (all_crops_2015_2025)
Bahawalnagar,2018-19,tomato,267.0,3811.0,14.2734,t/ha,PBS Crops Area and Production by Districts (all_crops_2015_2025)
Bahawalnagar,2019-20,tomato,27.0,391.0,14.4815,t/ha,PBS Crops Area and Production by Districts (all_crops_2015_2025)
Bahawalnagar,2020-21,tomato,124.0,2572.0,20.7419,t/ha,PBS Crops Area and Production by Districts (all_crops_2015_2025)
Bahawalnagar,2021-22,tomato,101.0,1020.0,10.099,t/ha,PBS Crops Area and Production by Districts (all_crops_2015_2025)
Bahawalnagar,2022-23,tomato,80.94,1334.0,16.4816,t/ha,PBS Crops Area and Production by Districts (all_crops_2015_2025)
Bahawalnagar,2023-24,tomato,73.0,1505.0,20.6164,t/ha,PBS Crops Area and Production by Districts (all_crops_2015_2025)
Bahawalnagar,2024-25,tomato,71.0,3850.0,54.2253,t/ha,PBS Crops Area and Production by Districts (all_crops_2015_2025)
Bahawalpur,2017-18,tomato,328.0,4354.0,13.2744,t/ha,PBS Crops Area and Production by Districts (all_crops_2015_2025)
Bahawalpur,2018-19,tomato,332.0,5509.0,16.5934,t/ha,PBS Crops Area and Production by Districts (all_crops_2015_2025)
Bahawalpur,2019-20,tomato,221.0,4816.0,21.7919,t/ha,PBS Crops Area and Production by Districts (all_crops_2015_2025)
Bahawalpur,2020-21,tomato,119.0,6770.0,56.8908,t/ha,PBS Crops Area and Production by Districts (all_crops_2015_2025)
Bahawalpur,2021-22,tomato,83.0,3288.0,39.6145,t/ha,PBS Crops Area and Production by Districts (all_crops_2015_2025)
Bahawalpur,2022-23,tomato,133.14,3891.0,29.2239,t/ha,PBS Crops Area and Production by Districts (all_crops_2015_2025)
Bahawalpur,2023-24,tomato,182.0,4474.0,24.5824,t/ha,PBS Crops Area and Production by Districts (all_crops_2015_2025)
Bahawalpur,2024-25,tomato,149.0,2960.0,19.8658,t/ha,PBS Crops Area and Production by Districts (all_crops_2015_2025)
Bhakkar,2017-18,tomato,30.0,426.0,14.2,t/ha,PBS Crops Area and Production by Districts (all_crops_2015_2025)
Bhakkar,2018-19,tomato,33.0,441.0,13.3636,t/ha,PBS Crops Area and Production by Districts (all_crops_2015_2025)
Bhakkar,2019-20,tomato,8.0,110.0,13.75,t/ha,PBS Crops Area and Production by Districts (all_crops_2015_2025)
Bhakkar,2024-25,tomato,63.0,1042.0,16.5397,t/ha,PBS Crops Area and Production by Districts (all_crops_2015_2025)
Chakwal,2017-18,tomato,34.0,375.0,11.0294,t/ha,PBS Crops Area and Production by Districts (all_crops_2015_2025)
Chakwal,2018-19,tomato,36.0,390.0,10.8333,t/ha,PBS Crops Area and Production by Districts (all_crops_2015_2025)
Chakwal,2019-20,tomato,8.0,90.0,11.25,t/ha,PBS Crops Area and Production by Districts (all_crops_2015_2025)
Chakwal,2021-22,tomato,19.0,231.0,12.1579,t/ha,PBS Crops Area and Production by Districts (all_crops_2015_2025)
Chakwal,2022-23,tomato,28.19,365.0,12.9489,t/ha,PBS Crops Area and Production by Districts (all_crops_2015_2025)
Chakwal,2023-24,tomato,28.0,332.0,11.8571,t/ha,PBS Crops Area and Production by Districts (all_crops_2015_2025)
Chakwal,2024-25,tomato,57.0,739.0,12.9649,t/ha,PBS Crops Area and Production by Districts (all_crops_2015_2025)
Chiniot,2017-18,tomato,35.0,447.0,12.7714,t/ha,PBS Crops Area and Production by Districts (all_crops_2015_2025)
Chiniot,2018-19,tomato,34.0,438.0,12.8824,t/ha,PBS Crops Area and Production by Districts (all_crops_2015_2025)
Chiniot,2019-20,tomato,15.0,207.0,13.8,t/ha,PBS Crops Area and Production by Districts (all_crops_2015_2025)
Chiniot,2020-21,tomato,18.0,722.0,40.1111,t/ha,PBS Crops Area and Production by Districts (all_crops_2015_2025)
Chiniot,2021-22,tomato,17.0,529.0,31.1176,t/ha,PBS Crops Area and Production by Districts (all_crops_2015_2025)
Chiniot,2022-23,tomato,17.0,515.0,30.2992,t/ha,PBS Crops Area and Production by Districts (all_crops_2015_2025)
Chiniot,2023-24,tomato,17.0,486.0,28.5882,t/ha,PBS Crops Area and Production by Districts (all_crops_2015_2025)
Chiniot,2024-25,tomato,20.0,470.0,23.5,t/ha,PBS Crops Area and Production by Districts (all_crops_2015_2025)
Dera Ghazi Khan,2017-18,tomato,44.0,600.0,13.6364,t/ha,PBS Crops Area and Production by Districts (all_crops_2015_2025)
Dera Ghazi Khan,2018-19,tomato,47.0,1277.0,27.1702,t/ha,PBS Crops Area and Production by Districts (all_crops_2015_2025)
Dera Ghazi Khan,2019-20,tomato,10.0,263.0,26.3,t/ha,PBS Crops Area and Production by Districts (all_crops_2015_2025)
Dera Ghazi Khan,2020-21,tomato,13.0,455.0,35.0,t/ha,PBS Crops Area and Production by Districts (all_crops_2015_2025)
Dera Ghazi Khan,2021-22,tomato,12.0,412.0,34.3333,t/ha,PBS Crops Area and Production by Districts (all_crops_2015_2025)
Dera Ghazi Khan,2024-25,tomato,18.0,100.0,5.5556,t/ha,PBS Crops Area and Production by Districts (all_crops_2015_2025)
Faisalabad,2017-18,tomato,162.0,3067.0,18.9321,t/ha,PBS Crops Area and Production by Districts (all_crops_2015_2025)
Faisalabad,2018-19,tomato,168.0,3198.0,19.0357,t/ha,PBS Crops Area and Production by Districts (all_crops_2015_2025)
Faisalabad,2019-20,tomato,106.0,2021.0,19.066,t/ha,PBS Crops Area and Production by Districts (all_crops_2015_2025)
Faisalabad,2020-21,tomato,133.0,9436.0,70.9474,t/ha,PBS Crops Area and Production by Districts (all_crops_2015_2025)
Faisalabad,2021-22,tomato,126.0,4131.0,32.7857,t/ha,PBS Crops Area and Production by Districts (all_crops_2015_2025)
Faisalabad,2022-23,tomato,72.04,2107.0,29.2494,t/ha,PBS Crops Area and Production by Districts (all_crops_2015_2025)
Faisalabad,2023-24,tomato,140.0,3970.0,28.3571,t/ha,PBS Crops Area and Production by Districts (all_crops_2015_2025)
Faisalabad,2024-25,tomato,245.0,7055.0,28.7959,t/ha,PBS Crops Area and Production by Districts (all_crops_2015_2025)
Gujranwala,2017-18,tomato,465.0,5527.0,11.886,t/ha,PBS Crops Area and Production by Districts (all_crops_2015_2025)
Gujranwala,2018-19,tomato,467.0,5594.0,11.9786,t/ha,PBS Crops Area and Production by Districts (all_crops_2015_2025)
Gujranwala,2019-20,tomato,221.0,2671.0,12.086,t/ha,PBS Crops Area and Production by Districts (all_crops_2015_2025)
Gujranwala,2020-21,tomato,292.0,3610.0,12.363,t/ha,PBS Crops Area and Production by Districts (all_crops_2015_2025)
Gujranwala,2021-22,tomato,210.0,4534.0,21.5905,t/ha,PBS Crops Area and Production by Districts (all_crops_2015_2025)
Gujranwala,2022-23,tomato,154.46,1813.0,11.738,t/ha,PBS Crops Area and Production by Districts (all_crops_2015_2025)
Gujranwala,2023-24,tomato,100.0,1436.0,14.36,t/ha,PBS Crops Area and Production by Districts (all_crops_2015_2025)
Gujranwala,2024-25,tomato,112.0,1524.0,13.6071,t/ha,PBS Crops Area and Production by Districts (all_crops_2015_2025)
Gujrat,2017-18,tomato,23.0,169.0,7.3478,t/ha,PBS Crops Area and Production by Districts (all_crops_2015_2025)
Gujrat,2018-19,tomato,13.0,98.0,7.5385,t/ha,PBS Crops Area and Production by Districts (all_crops_2015_2025)
Gujrat,2019-20,tomato,40.0,296.0,7.4,t/ha,PBS Crops Area and Production by Districts (all_crops_2015_2025)
Gujrat,2020-21,tomato,27.0,271.0,10.037,t/ha,PBS Crops Area and Production by Districts (all_crops_2015_2025)
Gujrat,2021-22,tomato,8.0,84.0,10.5,t/ha,PBS Crops Area and Production by Districts (all_crops_2015_2025)
Gujrat,2022-23,tomato,9.71,99.0,10.1929,t/ha,PBS Crops Area and Production by Districts (all_crops_2015_2025)
Gujrat,2023-24,tomato,8.0,83.0,10.375,t/ha,PBS Crops Area and Production by Districts (all_crops_2015_2025)
Gujrat,2024-25,tomato,6.0,63.0,10.5,t/ha,PBS Crops Area and Production by Districts (all_crops_2015_2025)
Hafizabad,2017-18,tomato,34.0,524.0,15.4118,t/ha,PBS Crops Area and Production by Districts (all_crops_2015_2025)
Hafizabad,2018-19,tomato,34.0,539.0,15.8529,t/ha,PBS Crops Area and Production by Districts (all_crops_2015_2025)
Hafizabad,2019-20,tomato,24.0,376.0,15.6667,t/ha,PBS Crops Area and Production by Districts (all_crops_2015_2025)
Hafizabad,2024-25,tomato,2.0,19.0,9.5,t/ha,PBS Crops Area and Production by Districts (all_crops_2015_2025)
Jhang,2017-18,tomato,65.0,884.0,13.6,t/ha,PBS Crops Area and Production by Districts (all_crops_2015_2025)
Jhang,2018-19,tomato,64.0,881.0,13.7656,t/ha,PBS Crops Area and Production by Districts (all_crops_2015_2025)
Jhang,2019-20,tomato,58.0,1332.0,22.9655,t/ha,PBS Crops Area and Production by Districts (all_crops_2015_2025)
Jhang,2021-22,tomato,26.0,970.0,37.3077,t/ha,PBS Crops Area and Production by Districts (all_crops_2015_2025)
Jhang,2022-23,tomato,38.85,913.0,23.5002,t/ha,PBS Crops Area and Production by Districts (all_crops_2015_2025)
Jhang,2023-24,tomato,42.0,932.0,22.1905,t/ha,PBS Crops Area and Production by Districts (all_crops_2015_2025)
Jhang,2024-25,tomato,43.0,967.0,22.4884,t/ha,PBS Crops Area and Production by Districts (all_crops_2015_2025)
Jhelum,2017-18,tomato,17.0,140.0,8.2353,t/ha,PBS Crops Area and Production by Districts (all_crops_2015_2025)
Jhelum,2018-19,tomato,19.0,165.0,8.6842,t/ha,PBS Crops Area and Production by Districts (all_crops_2015_2025)
Jhelum,2019-20,tomato,11.0,92.0,8.3636,t/ha,PBS Crops Area and Production by Districts (all_crops_2015_2025)
Jhelum,2020-21,tomato,47.0,459.0,9.766,t/ha,PBS Crops Area and Production by Districts (all_crops_2015_2025)
Jhelum,2021-22,tomato,47.0,421.0,8.9574,t/ha,PBS Crops Area and Production by Districts (all_crops_2015_2025)
Jhelum,2022-23,tomato,54.63,1035.0,18.9443,t/ha,PBS Crops Area and Production by Districts (all_crops_2015_2025)
Jhelum,2023-24,tomato,41.0,768.0,18.7317,t/ha,PBS Crops Area and Production by Districts (all_crops_2015_2025)
Jhelum,2024-25,tomato,32.0,556.0,17.375,t/ha,PBS Crops Area and Production by Districts (all_crops_2015_2025)
Kasur,2017-18,tomato,73.0,618.0,8.4658,t/ha,PBS Crops Area and Production by Districts (all_crops_2015_2025)
Kasur,2018-19,tomato,80.0,706.0,8.825,t/ha,PBS Crops Area and Production by Districts (all_crops_2015_2025)
Kasur,2019-20,tomato,788.0,20486.0,25.9975,t/ha,PBS Crops Area and Production by Districts (all_crops_2015_2025)
Kasur,2020-21,tomato,208.0,1753.0,8.4279,t/ha,PBS Crops Area and Production by Districts (all_crops_2015_2025)
Kasur,2021-22,tomato,44.0,1082.0,24.5909,t/ha,PBS Crops Area and Production by Districts (all_crops_2015_2025)
Kasur,2022-23,tomato,41.0,1498.0,36.5366,t/ha,PBS Crops Area and Production by Districts (all_crops_2015_2025)
Kasur,2023-24,tomato,701.0,21118.0,30.1255,t/ha,PBS Crops Area and Production by Districts (all_crops_2015_2025)
Kasur,2024-25,tomato,842.0,21050.0,25.0,t/ha,PBS Crops Area and Production by Districts (all_crops_2015_2025)
Khanewal,2017-18,tomato,405.0,4852.0,11.9802,t/ha,PBS Crops Area and Production by Districts (all_crops_2015_2025)
Khanewal,2018-19,tomato,415.0,5090.0,12.2651,t/ha,PBS Crops Area and Production by Districts (all_crops_2015_2025)
Khanewal,2019-20,tomato,49.0,617.0,12.5918,t/ha,PBS Crops Area and Production by Districts (all_crops_2015_2025)
Khanewal,2020-21,tomato,124.0,2149.0,17.3306,t/ha,PBS Crops Area and Production by Districts (all_crops_2015_2025)
Khanewal,2021-22,tomato,263.0,6188.0,23.5285,t/ha,PBS Crops Area and Production by Districts (all_crops_2015_2025)
Khanewal,2022-23,tomato,105.22,2444.0,23.2274,t/ha,PBS Crops Area and Production by Districts (all_crops_2015_2025)
Khanewal,2023-24,tomato,54.0,1356.0,25.1111,t/ha,PBS Crops Area and Production by Districts (all_crops_2015_2025)
Khanewal,2024-25,tomato,63.0,1676.0,26.6032,t/ha,PBS Crops Area and Production by Districts (all_crops_2015_2025)
Khushab,2017-18,tomato,1417.0,16330.0,11.5243,t/ha,PBS Crops Area and Production by Districts (all_crops_2015_2025)
Khushab,2018-19,tomato,1457.0,18245.0,12.5223,t/ha,PBS Crops Area and Production by Districts (all_crops_2015_2025)
Khushab,2019-20,tomato,3284.0,41896.0,12.7576,t/ha,PBS Crops Area and Production by Districts (all_crops_2015_2025)
Khushab,2020-21,tomato,2588.0,25708.0,9.9335,t/ha,PBS Crops Area and Production by Districts (all_crops_2015_2025)
Khushab,2021-22,tomato,2262.0,20795.0,9.1932,t/ha,PBS Crops Area and Production by Districts (all_crops_2015_2025)
Khushab,2022-23,tomato,1618.78,16832.0,10.398,t/ha,PBS Crops Area and Production by Districts (all_crops_2015_2025)
Khushab,2023-24,tomato,1665.0,13988.0,8.4012,t/ha,PBS Crops Area and Production by Districts (all_crops_2015_2025)
Khushab,2024-25,tomato,2238.0,21605.0,9.6537,t/ha,PBS Crops Area and Production by Districts (all_crops_2015_2025)
Lahore,2017-18,tomato,48.0,556.0,11.5833,t/ha,PBS Crops Area and Production by Districts (all_crops_2015_2025)
Lahore,2018-19,tomato,51.0,588.0,11.5294,t/ha,PBS Crops Area and Production by Districts (all_crops_2015_2025)
Lahore,2019-20,tomato,36.0,437.0,12.1389,t/ha,PBS Crops Area and Production by Districts (all_crops_2015_2025)
Lahore,2020-21,tomato,65.0,850.0,13.0769,t/ha,PBS Crops Area and Production by Districts (all_crops_2015_2025)
Lahore,2021-22,tomato,26.0,333.0,12.8077,t/ha,PBS Crops Area and Production by Districts (all_crops_2015_2025)
Lahore,2022-23,tomato,25.9,327.0,12.6253,t/ha,PBS Crops Area and Production by Districts (all_crops_2015_2025)
Lahore,2023-24,tomato,20.0,260.0,13.0,t/ha,PBS Crops Area and Production by Districts (all_crops_2015_2025)
Lahore,2024-25,tomato,32.0,462.0,14.4375,t/ha,PBS Crops Area and Production by Districts (all_crops_2015_2025)
Layyah,2017-18,tomato,25.0,290.0,11.6,t/ha,PBS Crops Area and Production by Districts (all_crops_2015_2025)
Layyah,2018-19,tomato,26.0,310.0,11.9231,t/ha,PBS Crops Area and Production by Districts (all_crops_2015_2025)
Layyah,2019-20,tomato,6.0,70.0,11.6667,t/ha,PBS Crops Area and Production by Districts (all_crops_2015_2025)
Layyah,2024-25,tomato,8.0,125.0,15.625,t/ha,PBS Crops Area and Production by Districts (all_crops_2015_2025)
Lodhran,2017-18,tomato,101.0,1890.0,18.7129,t/ha,PBS Crops Area and Production by Districts (all_crops_2015_2025)
Lodhran,2018-19,tomato,101.0,1900.0,18.8119,t/ha,PBS Crops Area and Production by Districts (all_crops_2015_2025)
Lodhran,2019-20,tomato,139.0,2799.0,20.1367,t/ha,PBS Crops Area and Production by Districts (all_crops_2015_2025)
Lodhran,2020-21,tomato,198.0,4201.0,21.2172,t/ha,PBS Crops Area and Production by Districts (all_crops_2015_2025)
Lodhran,2021-22,tomato,125.0,2765.0,22.12,t/ha,PBS Crops Area and Production by Districts (all_crops_2015_2025)
Lodhran,2022-23,tomato,128.0,2893.0,22.6016,t/ha,PBS Crops Area and Production by Districts (all_crops_2015_2025)
Lodhran,2023-24,tomato,92.0,1989.0,21.6196,t/ha,PBS Crops Area and Production by Districts (all_crops_2015_2025)
Lodhran,2024-25,tomato,128.0,5930.0,46.3281,t/ha,PBS Crops Area and Production by Districts (all_crops_2015_2025)
Mandi Bahauddin,2017-18,tomato,44.0,356.0,8.0909,t/ha,PBS Crops Area and Production by Districts (all_crops_2015_2025)
Mandi Bahauddin,2018-19,tomato,49.0,439.0,8.9592,t/ha,PBS Crops Area and Production by Districts (all_crops_2015_2025)
Mandi Bahauddin,2019-20,tomato,10.0,92.0,9.2,t/ha,PBS Crops Area and Production by Districts (all_crops_2015_2025)
Mandi Bahauddin,2021-22,tomato,18.0,187.0,10.3889,t/ha,PBS Crops Area and Production by Districts (all_crops_2015_2025)
Mandi Bahauddin,2022-23,tomato,12.55,134.0,10.6811,t/ha,PBS Crops Area and Production by Districts (all_crops_2015_2025)
Mandi Bahauddin,2023-24,tomato,7.0,75.0,10.7143,t/ha,PBS Crops Area and Production by Districts (all_crops_2015_2025)
Mandi Bahauddin,2024-25,tomato,8.0,91.0,11.375,t/ha,PBS Crops Area and Production by Districts (all_crops_2015_2025)
Mianwali,2017-18,tomato,182.0,2736.0,15.033,t/ha,PBS Crops Area and Production by Districts (all_crops_2015_2025)
Mianwali,2018-19,tomato,182.0,2867.0,15.7527,t/ha,PBS Crops Area and Production by Districts (all_crops_2015_2025)
Mianwali,2019-20,tomato,41.0,678.0,16.5366,t/ha,PBS Crops Area and Production by Districts (all_crops_2015_2025)
Mianwali,2020-21,tomato,3.0,60.0,20.0,t/ha,PBS Crops Area and Production by Districts (all_crops_2015_2025)
Mianwali,2021-22,tomato,4.0,78.0,19.5,t/ha,PBS Crops Area and Production by Districts (all_crops_2015_2025)
Mianwali,2022-23,tomato,35.21,686.0,19.484,t/ha,PBS Crops Area and Production by Districts (all_crops_2015_2025)
Mianwali,2023-24,tomato,34.0,544.0,16.0,t/ha,PBS Crops Area and Production by Districts (all_crops_2015_2025)
Mianwali,2024-25,tomato,23.0,376.0,16.3478,t/ha,PBS Crops Area and Production by Districts (all_crops_2015_2025)
Multan,2017-18,tomato,109.0,1784.0,16.367,t/ha,PBS Crops Area and Production by Districts (all_crops_2015_2025)
Multan,2018-19,tomato,121.0,2016.0,16.6612,t/ha,PBS Crops Area and Production by Districts (all_crops_2015_2025)
Multan,2019-20,tomato,331.0,5648.0,17.0634,t/ha,PBS Crops Area and Production by Districts (all_crops_2015_2025)
Multan,2020-21,tomato,499.0,9864.0,19.7675,t/ha,PBS Crops Area and Production by Districts (all_crops_2015_2025)
Multan,2021-22,tomato,399.0,7722.0,19.3534,t/ha,PBS Crops Area and Production by Districts (all_crops_2015_2025)
Multan,2022-23,tomato,386.08,7663.0,19.8483,t/ha,PBS Crops Area and Production by Districts (all_crops_2015_2025)
Multan,2023-24,tomato,422.0,8761.0,20.7607,t/ha,PBS Crops Area and Production by Districts (all_crops_2015_2025)
Multan,2024-25,tomato,528.0,11343.0,21.483,t/ha,PBS Crops Area and Production by Districts (all_crops_2015_2025)
Muzaffargarh,2017-18,tomato,1101.0,16250.0,14.7593,t/ha,PBS Crops Area and Production by Districts (all_crops_2015_2025)
Muzaffargarh,2018-19,tomato,1113.0,26031.0,23.3881,t/ha,PBS Crops Area and Production by Districts (all_crops_2015_2025)
Muzaffargarh,2019-20,tomato,907.0,21542.0,23.7508,t/ha,PBS Crops Area and Production by Districts (all_crops_2015_2025)
Muzaffargarh,2020-21,tomato,865.0,29722.0,34.3607,t/ha,PBS Crops Area and Production by Districts (all_crops_2015_2025)
Muzaffargarh,2021-22,tomato,546.0,11502.0,21.0659,t/ha,PBS Crops Area and Production by Districts (all_crops_2015_2025)
Muzaffargarh,2022-23,tomato,645.94,14030.0,21.7201,t/ha,PBS Crops Area and Production by Districts (all_crops_2015_2025)
Muzaffargarh,2023-24,tomato,211.0,5529.0,26.2038,t/ha,PBS Crops Area and Production by Districts (all_crops_2015_2025)
Muzaffargarh,2024-25,tomato,179.0,4261.0,23.8045,t/ha,PBS Crops Area and Production by Districts (all_crops_2015_2025)
Nankana Sahib,2017-18,tomato,275.0,3173.0,11.5382,t/ha,PBS Crops Area and Production by Districts (all_crops_2015_2025)
Nankana Sahib,2018-19,tomato,154.0,1730.0,11.2338,t/ha,PBS Crops Area and Production by Districts (all_crops_2015_2025)
Nankana Sahib,2019-20,tomato,329.0,3338.0,10.1459,t/ha,PBS Crops Area and Production by Districts (all_crops_2015_2025)
Nankana Sahib,2020-21,tomato,457.0,6949.0,15.2057,t/ha,PBS Crops Area and Production by Districts (all_crops_2015_2025)
Nankana Sahib,2021-22,tomato,172.0,2459.0,14.2965,t/ha,PBS Crops Area and Production by Districts (all_crops_2015_2025)
Nankana Sahib,2022-23,tomato,304.73,4428.0,14.5307,t/ha,PBS Crops Area and Production by Districts (all_crops_2015_2025)
Nankana Sahib,2023-24,tomato,107.0,1637.0,15.2991,t/ha,PBS Crops Area and Production by Districts (all_crops_2015_2025)
Nankana Sahib,2024-25,tomato,186.0,4692.0,25.2258,t/ha,PBS Crops Area and Production by Districts (all_crops_2015_2025)
Narowal,2017-18,tomato,20.0,146.0,7.3,t/ha,PBS Crops Area and Production by Districts (all_crops_2015_2025)
Narowal,2018-19,tomato,21.0,153.0,7.2857,t/ha,PBS Crops Area and Production by Districts (all_crops_2015_2025)
Narowal,2019-20,tomato,6.0,44.0,7.3333,t/ha,PBS Crops Area and Production by Districts (all_crops_2015_2025)
Narowal,2020-21,tomato,6.0,58.0,9.6667,t/ha,PBS Crops Area and Production by Districts (all_crops_2015_2025)
Narowal,2021-22,tomato,8.0,157.0,19.625,t/ha,PBS Crops Area and Production by Districts (all_crops_2015_2025)
Narowal,2022-23,tomato,23.07,528.0,22.8893,t/ha,PBS Crops Area and Production by Districts (all_crops_2015_2025)
Narowal,2023-24,tomato,50.0,1443.0,28.86,t/ha,PBS Crops Area and Production by Districts (all_crops_2015_2025)
Narowal,2024-25,tomato,65.0,1831.0,28.1692,t/ha,PBS Crops Area and Production by Districts (all_crops_2015_2025)
Okara,2017-18,tomato,101.0,1633.0,16.1683,t/ha,PBS Crops Area and Production by Districts (all_crops_2015_2025)
Okara,2018-19,tomato,109.0,1777.0,16.3028,t/ha,PBS Crops Area and Production by Districts (all_crops_2015_2025)
Okara,2019-20,tomato,135.0,4394.0,32.5481,t/ha,PBS Crops Area and Production by Districts (all_crops_2015_2025)
Okara,2020-21,tomato,87.0,3240.0,37.2414,t/ha,PBS Crops Area and Production by Districts (all_crops_2015_2025)
Okara,2021-22,tomato,45.0,1690.0,37.5556,t/ha,PBS Crops Area and Production by Districts (all_crops_2015_2025)
Okara,2022-23,tomato,101.17,3600.0,35.5824,t/ha,PBS Crops Area and Production by Districts (all_crops_2015_2025)
Okara,2023-24,tomato,197.0,3974.0,20.1726,t/ha,PBS Crops Area and Production by Districts (all_crops_2015_2025)
Okara,2024-25,tomato,289.0,8548.0,29.5779,t/ha,PBS Crops Area and Production by Districts (all_crops_2015_2025)
Pakpattan,2017-18,tomato,121.0,2296.0,18.9752,t/ha,PBS Crops Area and Production by Districts (all_crops_2015_2025)
Pakpattan,2018-19,tomato,128.0,2328.0,18.1875,t/ha,PBS Crops Area and Production by Districts (all_crops_2015_2025)
Pakpattan,2019-20,tomato,99.0,2007.0,20.2727,t/ha,PBS Crops Area and Production by Districts (all_crops_2015_2025)
Pakpattan,2020-21,tomato,56.0,1214.0,21.6786,t/ha,PBS Crops Area and Production by Districts (all_crops_2015_2025)
Pakpattan,2021-22,tomato,39.0,895.0,22.9487,t/ha,PBS Crops Area and Production by Districts (all_crops_2015_2025)
Pakpattan,2022-23,tomato,44.52,1092.0,24.5303,t/ha,PBS Crops Area and Production by Districts (all_crops_2015_2025)
Pakpattan,2023-24,tomato,115.0,3089.0,26.8609,t/ha,PBS Crops Area and Production by Districts (all_crops_2015_2025)
Pakpattan,2024-25,tomato,198.0,5633.0,28.4495,t/ha,PBS Crops Area and Production by Districts (all_crops_2015_2025)
Rahim Yar Khan,2017-18,tomato,405.0,6420.0,15.8519,t/ha,PBS Crops Area and Production by Districts (all_crops_2015_2025)
Rahim Yar Khan,2018-19,tomato,401.0,6836.0,17.0474,t/ha,PBS Crops Area and Production by Districts (all_crops_2015_2025)
Rahim Yar Khan,2019-20,tomato,62.0,1731.0,27.9194,t/ha,PBS Crops Area and Production by Districts (all_crops_2015_2025)
Rahim Yar Khan,2020-21,tomato,156.0,5614.0,35.9872,t/ha,PBS Crops Area and Production by Districts (all_crops_2015_2025)
Rahim Yar Khan,2021-22,tomato,100.0,3995.0,39.95,t/ha,PBS Crops Area and Production by Districts (all_crops_2015_2025)
Rahim Yar Khan,2022-23,tomato,466.21,20045.0,42.9958,t/ha,PBS Crops Area and Production by Districts (all_crops_2015_2025)
Rahim Yar Khan,2023-24,tomato,271.0,13942.0,51.4465,t/ha,PBS Crops Area and Production by Districts (all_crops_2015_2025)
Rahim Yar Khan,2024-25,tomato,587.0,29871.0,50.8876,t/ha,PBS Crops Area and Production by Districts (all_crops_2015_2025)
Rajanpur,2017-18,tomato,15.0,161.0,10.7333,t/ha,PBS Crops Area and Production by Districts (all_crops_2015_2025)
Rajanpur,2018-19,tomato,16.0,343.0,21.4375,t/ha,PBS Crops Area and Production by Districts (all_crops_2015_2025)
Rajanpur,2019-20,tomato,4.0,131.0,32.75,t/ha,PBS Crops Area and Production by Districts (all_crops_2015_2025)
Rajanpur,2023-24,tomato,8.0,42.0,5.25,t/ha,PBS Crops Area and Production by Districts (all_crops_2015_2025)
Rajanpur,2024-25,tomato,47.0,920.0,19.5745,t/ha,PBS Crops Area and Production by Districts (all_crops_2015_2025)
Rawalpindi,2017-18,tomato,25.0,318.0,12.72,t/ha,PBS Crops Area and Production by Districts (all_crops_2015_2025)
Rawalpindi,2018-19,tomato,26.0,335.0,12.8846,t/ha,PBS Crops Area and Production by Districts (all_crops_2015_2025)
Rawalpindi,2019-20,tomato,6.0,76.0,12.6667,t/ha,PBS Crops Area and Production by Districts (all_crops_2015_2025)
Rawalpindi,2021-22,tomato,6.0,214.0,35.6667,t/ha,PBS Crops Area and Production by Districts (all_crops_2015_2025)
Rawalpindi,2023-24,tomato,5.0,125.0,25.0,t/ha,PBS Crops Area and Production by Districts (all_crops_2015_2025)
Rawalpindi,2024-25,tomato,61.0,1985.0,32.541,t/ha,PBS Crops Area and Production by Districts (all_crops_2015_2025)
Sahiwal,2017-18,tomato,255.0,3532.0,13.851,t/ha,PBS Crops Area and Production by Districts (all_crops_2015_2025)
Sahiwal,2018-19,tomato,271.0,4451.0,16.4244,t/ha,PBS Crops Area and Production by Districts (all_crops_2015_2025)
Sahiwal,2019-20,tomato,80.0,1486.0,18.575,t/ha,PBS Crops Area and Production by Districts (all_crops_2015_2025)
Sahiwal,2020-21,tomato,34.0,704.0,20.7059,t/ha,PBS Crops Area and Production by Districts (all_crops_2015_2025)
Sahiwal,2021-22,tomato,136.0,3343.0,24.5809,t/ha,PBS Crops Area and Production by Districts (all_crops_2015_2025)
Sahiwal,2022-23,tomato,101.17,3050.0,30.1462,t/ha,PBS Crops Area and Production by Districts (all_crops_2015_2025)
Sahiwal,2023-24,tomato,27.0,657.0,24.3333,t/ha,PBS Crops Area and Production by Districts (all_crops_2015_2025)
Sahiwal,2024-25,tomato,125.0,3410.0,27.28,t/ha,PBS Crops Area and Production by Districts (all_crops_2015_2025)
Sargodha,2017-18,tomato,119.0,1251.0,10.5126,t/ha,PBS Crops Area and Production by Districts (all_crops_2015_2025)
Sargodha,2018-19,tomato,128.0,1411.0,11.0234,t/ha,PBS Crops Area and Production by Districts (all_crops_2015_2025)
Sargodha,2019-20,tomato,25.0,278.0,11.12,t/ha,PBS Crops Area and Production by Districts (all_crops_2015_2025)
Sargodha,2020-21,tomato,43.0,906.0,21.0698,t/ha,PBS Crops Area and Production by Districts (all_crops_2015_2025)
Sargodha,2021-22,tomato,41.0,925.0,22.561,t/ha,PBS Crops Area and Production by Districts (all_crops_2015_2025)
Sargodha,2022-23,tomato,68.8,1655.0,24.0559,t/ha,PBS Crops Area and Production by Districts (all_crops_2015_2025)
Sargodha,2023-24,tomato,33.0,846.0,25.6364,t/ha,PBS Crops Area and Production by Districts (all_crops_2015_2025)
Sargodha,2024-25,tomato,97.0,2122.0,21.8763,t/ha,PBS Crops Area and Production by Districts (all_crops_2015_2025)
Sheikhupura,2017-18,tomato,1623.0,20954.0,12.9107,t/ha,PBS Crops Area and Production by Districts (all_crops_2015_2025)
Sheikhupura,2018-19,tomato,1602.0,25718.0,16.0537,t/ha,PBS Crops Area and Production by Districts (all_crops_2015_2025)
Sheikhupura,2019-20,tomato,1512.0,36458.0,24.1124,t/ha,PBS Crops Area and Production by Districts (all_crops_2015_2025)
Sheikhupura,2020-21,tomato,1257.0,21749.0,17.3023,t/ha,PBS Crops Area and Production by Districts (all_crops_2015_2025)
Sheikhupura,2021-22,tomato,1093.0,37260.0,34.0897,t/ha,PBS Crops Area and Production by Districts (all_crops_2015_2025)
Sheikhupura,2022-23,tomato,1203.16,43977.0,36.5514,t/ha,PBS Crops Area and Production by Districts (all_crops_2015_2025)
Sheikhupura,2023-24,tomato,648.0,24719.0,38.1466,t/ha,PBS Crops Area and Production by Districts (all_crops_2015_2025)
Sheikhupura,2024-25,tomato,907.0,39825.0,43.9085,t/ha,PBS Crops Area and Production by Districts (all_crops_2015_2025)
Sialkot,2017-18,tomato,78.0,556.0,7.1282,t/ha,PBS Crops Area and Production by Districts (all_crops_2015_2025)
Sialkot,2018-19,tomato,75.0,666.0,8.88,t/ha,PBS Crops Area and Production by Districts (all_crops_2015_2025)
Sialkot,2019-20,tomato,20.0,181.0,9.05,t/ha,PBS Crops Area and Production by Districts (all_crops_2015_2025)
Sialkot,2020-21,tomato,82.0,796.0,9.7073,t/ha,PBS Crops Area and Production by Districts (all_crops_2015_2025)
Sialkot,2021-22,tomato,59.0,2815.0,47.7119,t/ha,PBS Crops Area and Production by Districts (all_crops_2015_2025)
Sialkot,2022-23,tomato,35.61,1373.0,38.5532,t/ha,PBS Crops Area and Production by Districts (all_crops_2015_2025)
Sialkot,2023-24,tomato,20.0,806.0,40.3,t/ha,PBS Crops Area and Production by Districts (all_crops_2015_2025)
Sialkot,2024-25,tomato,32.0,1371.0,42.8438,t/ha,PBS Crops Area and Production by Districts (all_crops_2015_2025)
Toba Tek Singh,2017-18,tomato,91.0,1231.0,13.5275,t/ha,PBS Crops Area and Production by Districts (all_crops_2015_2025)
Toba Tek Singh,2018-19,tomato,94.0,1273.0,13.5426,t/ha,PBS Crops Area and Production by Districts (all_crops_2015_2025)
Toba Tek Singh,2019-20,tomato,58.0,2430.0,41.8966,t/ha,PBS Crops Area and Production by Districts (all_crops_2015_2025)
Toba Tek Singh,2020-21,tomato,27.0,871.0,32.2593,t/ha,PBS Crops Area and Production by Districts (all_crops_2015_2025)
Toba Tek Singh,2021-22,tomato,45.0,2056.0,45.6889,t/ha,PBS Crops Area and Production by Districts (all_crops_2015_2025)
Toba Tek Singh,2022-23,tomato,65.96,1976.0,29.9552,t/ha,PBS Crops Area and Production by Districts (all_crops_2015_2025)
Toba Tek Singh,2023-24,tomato,82.0,2578.0,31.439,t/ha,PBS Crops Area and Production by Districts (all_crops_2015_2025)
Toba Tek Singh,2024-25,tomato,103.0,3245.0,31.5049,t/ha,PBS Crops Area and Production by Districts (all_crops_2015_2025)
Vehari,2017-18,tomato,113.0,1523.0,13.4779,t/ha,PBS Crops Area and Production by Districts (all_crops_2015_2025)
Vehari,2018-19,tomato,752.0,10639.0,14.1476,t/ha,PBS Crops Area and Production by Districts (all_crops_2015_2025)
Vehari,2019-20,tomato,286.0,4216.0,14.7413,t/ha,PBS Crops Area and Production by Districts (all_crops_2015_2025)
Vehari,2020-21,tomato,331.0,6614.0,19.9819,t/ha,PBS Crops Area and Production by Districts (all_crops_2015_2025)
Vehari,2021-22,tomato,344.0,7242.0,21.0523,t/ha,PBS Crops Area and Production by Districts (all_crops_2015_2025)
Vehari,2022-23,tomato,242.82,4200.0,17.297,t/ha,PBS Crops Area and Production by Districts (all_crops_2015_2025)
Vehari,2023-24,tomato,148.0,4436.0,29.973,t/ha,PBS Crops Area and Production by Districts (all_crops_2015_2025)
Vehari,2024-25,tomato,303.0,9971.0,32.9076,t/ha,PBS Crops Area and Production by Districts (all_crops_2015_2025)
Kasur,2017-18,turmeric,4418.0,61664.0,13.9574,t/ha,PBS Crops Area and Production by Districts (all_crops_2015_2025)
Kasur,2018-19,turmeric,4431.0,61024.0,13.7721,t/ha,PBS Crops Area and Production by Districts (all_crops_2015_2025)
Kasur,2019-20,turmeric,4573.0,63856.0,13.9637,t/ha,PBS Crops Area and Production by Districts (all_crops_2015_2025)
Kasur,2020-21,turmeric,4816.0,101388.0,21.0523,t/ha,PBS Crops Area and Production by Districts (all_crops_2015_2025)
Kasur,2021-22,turmeric,3652.0,94582.0,25.8987,t/ha,PBS Crops Area and Production by Districts (all_crops_2015_2025)
Kasur,2022-23,turmeric,4267.0,99976.0,23.43,t/ha,PBS Crops Area and Production by Districts (all_crops_2015_2025)
Kasur,2023-24,turmeric,5059.0,122500.0,24.2143,t/ha,PBS Crops Area and Production by Districts (all_crops_2015_2025)
Kasur,2024-25,turmeric,6527.0,182946.0,28.0291,t/ha,PBS Crops Area and Production by Districts (all_crops_2015_2025)
Lahore,2017-18,turmeric,9.0,93.0,10.3333,t/ha,PBS Crops Area and Production by Districts (all_crops_2015_2025)
Lahore,2018-19,turmeric,6.0,62.0,10.3333,t/ha,PBS Crops Area and Production by Districts (all_crops_2015_2025)
Lahore,2019-20,turmeric,4.0,43.0,10.75,t/ha,PBS Crops Area and Production by Districts (all_crops_2015_2025)
Mandi Bahauddin,2017-18,turmeric,1.0,11.0,11.0,t/ha,PBS Crops Area and Production by Districts (all_crops_2015_2025)
Mandi Bahauddin,2018-19,turmeric,1.0,14.0,14.0,t/ha,PBS Crops Area and Production by Districts (all_crops_2015_2025)
Mandi Bahauddin,2019-20,turmeric,1.0,11.0,11.0,t/ha,PBS Crops Area and Production by Districts (all_crops_2015_2025)
Nankana Sahib,2017-18,turmeric,23.0,272.0,11.8261,t/ha,PBS Crops Area and Production by Districts (all_crops_2015_2025)
Nankana Sahib,2018-19,turmeric,24.0,291.0,12.125,t/ha,PBS Crops Area and Production by Districts (all_crops_2015_2025)
Nankana Sahib,2019-20,turmeric,25.0,294.0,11.76,t/ha,PBS Crops Area and Production by Districts (all_crops_2015_2025)
Narowal,2017-18,turmeric,8.0,81.0,10.125,t/ha,PBS Crops Area and Production by Districts (all_crops_2015_2025)
Narowal,2018-19,turmeric,10.0,97.0,9.7,t/ha,PBS Crops Area and Production by Districts (all_crops_2015_2025)
Narowal,2019-20,turmeric,8.0,82.0,10.25,t/ha,PBS Crops Area and Production by Districts (all_crops_2015_2025)
Okara,2017-18,turmeric,550.0,5951.0,10.82,t/ha,PBS Crops Area and Production by Districts (all_crops_2015_2025)
Okara,2018-19,turmeric,510.0,5313.0,10.4176,t/ha,PBS Crops Area and Production by Districts (all_crops_2015_2025)
Okara,2019-20,turmeric,477.0,5326.0,11.1656,t/ha,PBS Crops Area and Production by Districts (all_crops_2015_2025)
Okara,2020-21,turmeric,340.0,4099.0,12.0559,t/ha,PBS Crops Area and Production by Districts (all_crops_2015_2025)
Okara,2021-22,turmeric,218.0,4983.0,22.8578,t/ha,PBS Crops Area and Production by Districts (all_crops_2015_2025)
Okara,2022-23,turmeric,218.0,5292.0,24.2752,t/ha,PBS Crops Area and Production by Districts (all_crops_2015_2025)
Okara,2023-24,turmeric,221.0,5711.0,25.8416,t/ha,PBS Crops Area and Production by Districts (all_crops_2015_2025)
Okara,2024-25,turmeric,309.0,6981.0,22.5922,t/ha,PBS Crops Area and Production by Districts (all_crops_2015_2025)
Sahiwal,2017-18,turmeric,2.0,14.0,7.0,t/ha,PBS Crops Area and Production by Districts (all_crops_2015_2025)
Sahiwal,2018-19,turmeric,4.0,36.0,9.0,t/ha,PBS Crops Area and Production by Districts (all_crops_2015_2025)
Sheikhupura,2017-18,turmeric,7.0,80.0,11.4286,t/ha,PBS Crops Area and Production by Districts (all_crops_2015_2025)
Sheikhupura,2018-19,turmeric,6.0,64.0,10.6667,t/ha,PBS Crops Area and Production by Districts (all_crops_2015_2025)
Sheikhupura,2019-20,turmeric,4.0,43.0,10.75,t/ha,PBS Crops Area and Production by Districts (all_crops_2015_2025)
Sialkot,2017-18,turmeric,4.0,41.0,10.25,t/ha,PBS Crops Area and Production by Districts (all_crops_2015_2025)
Sialkot,2018-19,turmeric,5.0,45.0,9.0,t/ha,PBS Crops Area and Production by Districts (all_crops_2015_2025)
Sialkot,2019-20,turmeric,5.0,45.0,9.0,t/ha,PBS Crops Area and Production by Districts (all_crops_2015_2025)
Attock,2017-18,wheat,151350.01,223130.01,1.4743,t/ha,PBS Crops Area and Production by Districts (all_crops_2015_2025)
Attock,2018-19,wheat,151350.01,286929.99,1.8958,t/ha,PBS Crops Area and Production by Districts (all_crops_2015_2025)
Attock,2019-20,wheat,201119.99,330709.99,1.6443,t/ha,PBS Crops Area and Production by Districts (all_crops_2015_2025)
Attock,2020-21,wheat,203148.39,358959.99,1.767,t/ha,PBS Crops Area and Production by Districts (all_crops_2015_2025)
Attock,2021-22,wheat,182914.49,310340.0,1.6966,t/ha,PBS Crops Area and Production by Districts (all_crops_2015_2025)
Attock,2022-23,wheat,190200.0,348209.99,1.8308,t/ha,PBS Crops Area and Production by Districts (all_crops_2015_2025)
Attock,2023-24,wheat,194250.0,374910.0,1.93,t/ha,PBS Crops Area and Production by Districts (all_crops_2015_2025)
Attock,2024-25,wheat,181000.0,262459.99,1.4501,t/ha,PBS Crops Area and Production by Districts (all_crops_2015_2025)
Bahawalnagar,2017-18,wheat,369070.01,1132709.96,3.0691,t/ha,PBS Crops Area and Production by Districts (all_crops_2015_2025)
Bahawalnagar,2018-19,wheat,356920.01,1158390.01,3.2455,t/ha,PBS Crops Area and Production by Districts (all_crops_2015_2025)
Bahawalnagar,2019-20,wheat,405079.99,1503859.99,3.7125,t/ha,PBS Crops Area and Production by Districts (all_crops_2015_2025)
Bahawalnagar,2020-21,wheat,426935.36,1587260.01,3.7178,t/ha,PBS Crops Area and Production by Districts (all_crops_2015_2025)
Bahawalnagar,2021-22,wheat,424911.99,1513890.01,3.5628,t/ha,PBS Crops Area and Production by Districts (all_crops_2015_2025)
Bahawalnagar,2022-23,wheat,423290.01,1563040.04,3.6926,t/ha,PBS Crops Area and Production by Districts (all_crops_2015_2025)
Bahawalnagar,2023-24,wheat,450000.0,1724160.03,3.8315,t/ha,PBS Crops Area and Production by Districts (all_crops_2015_2025)
Bahawalnagar,2024-25,wheat,435000.0,1557020.02,3.5794,t/ha,PBS Crops Area and Production by Districts (all_crops_2015_2025)
Bahawalpur,2017-18,wheat,286109.98,921880.01,3.2221,t/ha,PBS Crops Area and Production by Districts (all_crops_2015_2025)
Bahawalpur,2018-19,wheat,285299.99,860460.02,3.016,t/ha,PBS Crops Area and Production by Districts (all_crops_2015_2025)
Bahawalpur,2019-20,wheat,299459.99,991830.02,3.3121,t/ha,PBS Crops Area and Production by Districts (all_crops_2015_2025)
Bahawalpur,2020-21,wheat,301080.51,1002929.99,3.3311,t/ha,PBS Crops Area and Production by Districts (all_crops_2015_2025)
Bahawalpur,2021-22,wheat,295819.67,1052060.06,3.5564,t/ha,PBS Crops Area and Production by Districts (all_crops_2015_2025)
Bahawalpur,2022-23,wheat,287730.01,1073609.99,3.7313,t/ha,PBS Crops Area and Production by Districts (all_crops_2015_2025)
Bahawalpur,2023-24,wheat,320100.01,1229209.96,3.8401,t/ha,PBS Crops Area and Production by Districts (all_crops_2015_2025)
Bahawalpur,2024-25,wheat,304000.0,1100680.05,3.6207,t/ha,PBS Crops Area and Production by Districts (all_crops_2015_2025)
Bhakkar,2017-18,wheat,162280.0,378200.01,2.3305,t/ha,PBS Crops Area and Production by Districts (all_crops_2015_2025)
Bhakkar,2018-19,wheat,150539.99,331380.01,2.2013,t/ha,PBS Crops Area and Production by Districts (all_crops_2015_2025)
Bhakkar,2019-20,wheat,186160.0,446369.99,2.3978,t/ha,PBS Crops Area and Production by Districts (all_crops_2015_2025)
Bhakkar,2020-21,wheat,188579.99,525719.97,2.7878,t/ha,PBS Crops Area and Production by Districts (all_crops_2015_2025)
Bhakkar,2021-22,wheat,180081.74,475429.99,2.6401,t/ha,PBS Crops Area and Production by Districts (all_crops_2015_2025)
Bhakkar,2022-23,wheat,163090.0,471660.0,2.892,t/ha,PBS Crops Area and Production by Districts (all_crops_2015_2025)
Bhakkar,2023-24,wheat,189390.0,550580.02,2.9071,t/ha,PBS Crops Area and Production by Districts (all_crops_2015_2025)
Bhakkar,2024-25,wheat,177000.0,511619.99,2.8905,t/ha,PBS Crops Area and Production by Districts (all_crops_2015_2025)
Chakwal,2017-18,wheat,116140.0,129230.0,1.1127,t/ha,PBS Crops Area and Production by Districts (all_crops_2015_2025)
Chakwal,2018-19,wheat,119790.0,160100.01,1.3365,t/ha,PBS Crops Area and Production by Districts (all_crops_2015_2025)
Chakwal,2019-20,wheat,154590.0,265649.99,1.7184,t/ha,PBS Crops Area and Production by Districts (all_crops_2015_2025)
Chakwal,2020-21,wheat,154991.7,260709.99,1.6821,t/ha,PBS Crops Area and Production by Districts (all_crops_2015_2025)
Chakwal,2021-22,wheat,150500.0,251999.99,1.6744,t/ha,PBS Crops Area and Production by Districts (all_crops_2015_2025)
Chakwal,2022-23,wheat,154180.0,272690.0,1.7686,t/ha,PBS Crops Area and Production by Districts (all_crops_2015_2025)
Chakwal,2023-24,wheat,163080.0,338460.0,2.0754,t/ha,PBS Crops Area and Production by Districts (all_crops_2015_2025)
Chakwal,2024-25,wheat,157000.0,245529.99,1.5639,t/ha,PBS Crops Area and Production by Districts (all_crops_2015_2025)
Chiniot,2017-18,wheat,114520.0,340859.98,2.9764,t/ha,PBS Crops Area and Production by Districts (all_crops_2015_2025)
Chiniot,2018-19,wheat,111290.0,322299.99,2.896,t/ha,PBS Crops Area and Production by Districts (all_crops_2015_2025)
Chiniot,2019-20,wheat,75670.0,238509.99,3.152,t/ha,PBS Crops Area and Production by Districts (all_crops_2015_2025)
Chiniot,2020-21,wheat,102383.55,341209.99,3.3327,t/ha,PBS Crops Area and Production by Districts (all_crops_2015_2025)
Chiniot,2021-22,wheat,96718.06,331920.01,3.4318,t/ha,PBS Crops Area and Production by Districts (all_crops_2015_2025)
Chiniot,2022-23,wheat,98340.0,368000.0,3.7421,t/ha,PBS Crops Area and Production by Districts (all_crops_2015_2025)
Chiniot,2023-24,wheat,108860.0,418459.99,3.844,t/ha,PBS Crops Area and Production by Districts (all_crops_2015_2025)
Chiniot,2024-25,wheat,86000.0,333600.01,3.8791,t/ha,PBS Crops Area and Production by Districts (all_crops_2015_2025)
Dera Ghazi Khan,2017-18,wheat,180480.0,547750.0,3.035,t/ha,PBS Crops Area and Production by Districts (all_crops_2015_2025)
Dera Ghazi Khan,2018-19,wheat,183320.01,524919.98,2.8634,t/ha,PBS Crops Area and Production by Districts (all_crops_2015_2025)
Dera Ghazi Khan,2019-20,wheat,253730.0,788359.99,3.1071,t/ha,PBS Crops Area and Production by Districts (all_crops_2015_2025)
Dera Ghazi Khan,2020-21,wheat,233499.25,760310.0,3.2562,t/ha,PBS Crops Area and Production by Districts (all_crops_2015_2025)
Dera Ghazi Khan,2021-22,wheat,237950.71,755460.02,3.1749,t/ha,PBS Crops Area and Production by Districts (all_crops_2015_2025)
Dera Ghazi Khan,2022-23,wheat,220550.0,739460.02,3.3528,t/ha,PBS Crops Area and Production by Districts (all_crops_2015_2025)
Dera Ghazi Khan,2023-24,wheat,248070.01,912140.01,3.6769,t/ha,PBS Crops Area and Production by Districts (all_crops_2015_2025)
Dera Ghazi Khan,2024-25,wheat,229000.0,853649.99,3.7277,t/ha,PBS Crops Area and Production by Districts (all_crops_2015_2025)
Faisalabad,2017-18,wheat,268709.99,861479.98,3.206,t/ha,PBS Crops Area and Production by Districts (all_crops_2015_2025)
Faisalabad,2018-19,wheat,269920.01,844950.01,3.1304,t/ha,PBS Crops Area and Production by Districts (all_crops_2015_2025)
Faisalabad,2019-20,wheat,230670.0,793859.99,3.4415,t/ha,PBS Crops Area and Production by Districts (all_crops_2015_2025)
Faisalabad,2020-21,wheat,254542.51,844609.99,3.3181,t/ha,PBS Crops Area and Production by Districts (all_crops_2015_2025)
Faisalabad,2021-22,wheat,240783.46,788729.98,3.2757,t/ha,PBS Crops Area and Production by Districts (all_crops_2015_2025)
Faisalabad,2022-23,wheat,233090.0,852940.0,3.6593,t/ha,PBS Crops Area and Production by Districts (all_crops_2015_2025)
Faisalabad,2023-24,wheat,264250.0,994650.02,3.764,t/ha,PBS Crops Area and Production by Districts (all_crops_2015_2025)
Faisalabad,2024-25,wheat,248000.0,939049.99,3.7865,t/ha,PBS Crops Area and Production by Districts (all_crops_2015_2025)
Gujranwala,2017-18,wheat,219340.0,693479.98,3.1617,t/ha,PBS Crops Area and Production by Districts (all_crops_2015_2025)
Gujranwala,2018-19,wheat,220950.0,584880.01,2.6471,t/ha,PBS Crops Area and Production by Districts (all_crops_2015_2025)
Gujranwala,2019-20,wheat,222980.0,702239.99,3.1493,t/ha,PBS Crops Area and Production by Districts (all_crops_2015_2025)
Gujranwala,2020-21,wheat,226619.72,719609.99,3.1754,t/ha,PBS Crops Area and Production by Districts (all_crops_2015_2025)
Gujranwala,2021-22,wheat,230700.01,685200.0,2.9701,t/ha,PBS Crops Area and Production by Districts (all_crops_2015_2025)
Gujranwala,2022-23,wheat,235930.0,779560.0,3.3042,t/ha,PBS Crops Area and Production by Districts (all_crops_2015_2025)
Gujranwala,2023-24,wheat,241179.99,821000.03,3.4041,t/ha,PBS Crops Area and Production by Districts (all_crops_2015_2025)
Gujranwala,2024-25,wheat,232000.0,791830.02,3.4131,t/ha,PBS Crops Area and Production by Districts (all_crops_2015_2025)
Gujrat,2017-18,wheat,152560.0,307660.0,2.0166,t/ha,PBS Crops Area and Production by Districts (all_crops_2015_2025)
Gujrat,2018-19,wheat,151350.01,240179.99,1.5869,t/ha,PBS Crops Area and Production by Districts (all_crops_2015_2025)
Gujrat,2019-20,wheat,146500.0,279709.99,1.9093,t/ha,PBS Crops Area and Production by Districts (all_crops_2015_2025)
Gujrat,2020-21,wheat,151754.27,341890.02,2.2529,t/ha,PBS Crops Area and Production by Districts (all_crops_2015_2025)
Gujrat,2021-22,wheat,157015.09,321880.01,2.05,t/ha,PBS Crops Area and Production by Districts (all_crops_2015_2025)
Gujrat,2022-23,wheat,159440.0,363429.99,2.2794,t/ha,PBS Crops Area and Production by Districts (all_crops_2015_2025)
Gujrat,2023-24,wheat,161060.0,375769.99,2.3331,t/ha,PBS Crops Area and Production by Districts (all_crops_2015_2025)
Gujrat,2024-25,wheat,155000.0,388570.01,2.5069,t/ha,PBS Crops Area and Production by Districts (all_crops_2015_2025)
Hafizabad,2017-18,wheat,159850.01,555520.02,3.4753,t/ha,PBS Crops Area and Production by Districts (all_crops_2015_2025)
Hafizabad,2018-19,wheat,165509.99,494920.01,2.9903,t/ha,PBS Crops Area and Production by Districts (all_crops_2015_2025)
Hafizabad,2019-20,wheat,146090.0,417760.01,2.8596,t/ha,PBS Crops Area and Production by Districts (all_crops_2015_2025)
Hafizabad,2020-21,wheat,145684.11,524659.97,3.6014,t/ha,PBS Crops Area and Production by Districts (all_crops_2015_2025)
Hafizabad,2021-22,wheat,146898.15,483810.0,3.2935,t/ha,PBS Crops Area and Production by Districts (all_crops_2015_2025)
Hafizabad,2022-23,wheat,150940.0,595460.02,3.945,t/ha,PBS Crops Area and Production by Districts (all_crops_2015_2025)
Hafizabad,2023-24,wheat,157420.0,548799.99,3.4862,t/ha,PBS Crops Area and Production by Districts (all_crops_2015_2025)
Hafizabad,2024-25,wheat,155000.0,536789.98,3.4632,t/ha,PBS Crops Area and Production by Districts (all_crops_2015_2025)
Jhang,2017-18,wheat,276799.99,872929.99,3.1536,t/ha,PBS Crops Area and Production by Districts (all_crops_2015_2025)
Jhang,2018-19,wheat,276390.02,866750.0,3.136,t/ha,PBS Crops Area and Production by Districts (all_crops_2015_2025)
Jhang,2019-20,wheat,267090.0,799179.99,2.9922,t/ha,PBS Crops Area and Production by Districts (all_crops_2015_2025)
Jhang,2020-21,wheat,272753.02,902919.98,3.3104,t/ha,PBS Crops Area and Production by Districts (all_crops_2015_2025)
Jhang,2021-22,wheat,255756.55,810729.98,3.1699,t/ha,PBS Crops Area and Production by Districts (all_crops_2015_2025)
Jhang,2022-23,wheat,263440.0,934320.01,3.5466,t/ha,PBS Crops Area and Production by Districts (all_crops_2015_2025)
Jhang,2023-24,wheat,291369.99,1093250.0,3.7521,t/ha,PBS Crops Area and Production by Districts (all_crops_2015_2025)
Jhang,2024-25,wheat,269000.0,1014520.02,3.7715,t/ha,PBS Crops Area and Production by Districts (all_crops_2015_2025)
Jhelum,2017-18,wheat,56250.0,85700.0,1.5236,t/ha,PBS Crops Area and Production by Districts (all_crops_2015_2025)
Jhelum,2018-19,wheat,53420.0,85100.0,1.593,t/ha,PBS Crops Area and Production by Districts (all_crops_2015_2025)
Jhelum,2019-20,wheat,73650.0,110280.0,1.4974,t/ha,PBS Crops Area and Production by Districts (all_crops_2015_2025)
Jhelum,2020-21,wheat,80935.62,115870.0,1.4316,t/ha,PBS Crops Area and Production by Districts (all_crops_2015_2025)
Jhelum,2021-22,wheat,77293.51,152220.0,1.9694,t/ha,PBS Crops Area and Production by Districts (all_crops_2015_2025)
Jhelum,2022-23,wheat,85390.0,193869.99,2.2704,t/ha,PBS Crops Area and Production by Districts (all_crops_2015_2025)
Jhelum,2023-24,wheat,88220.0,210630.01,2.3876,t/ha,PBS Crops Area and Production by Districts (all_crops_2015_2025)
Jhelum,2024-25,wheat,84000.0,174240.01,2.0743,t/ha,PBS Crops Area and Production by Districts (all_crops_2015_2025)
Kasur,2017-18,wheat,162679.99,514500.0,3.1627,t/ha,PBS Crops Area and Production by Districts (all_crops_2015_2025)
Kasur,2018-19,wheat,161869.99,467299.99,2.8869,t/ha,PBS Crops Area and Production by Districts (all_crops_2015_2025)
Kasur,2019-20,wheat,131520.0,478230.01,3.6362,t/ha,PBS Crops Area and Production by Districts (all_crops_2015_2025)
Kasur,2020-21,wheat,136781.19,478230.01,3.4963,t/ha,PBS Crops Area and Production by Districts (all_crops_2015_2025)
Kasur,2021-22,wheat,129901.66,406260.01,3.1274,t/ha,PBS Crops Area and Production by Districts (all_crops_2015_2025)
Kasur,2022-23,wheat,127470.0,434320.01,3.4072,t/ha,PBS Crops Area and Production by Districts (all_crops_2015_2025)
Kasur,2023-24,wheat,146090.0,546119.99,3.7382,t/ha,PBS Crops Area and Production by Districts (all_crops_2015_2025)
Kasur,2024-25,wheat,129000.0,497609.98,3.8574,t/ha,PBS Crops Area and Production by Districts (all_crops_2015_2025)
Khanewal,2017-18,wheat,194649.99,675729.98,3.4715,t/ha,PBS Crops Area and Production by Districts (all_crops_2015_2025)
Khanewal,2018-19,wheat,191410.0,597780.03,3.123,t/ha,PBS Crops Area and Production by Districts (all_crops_2015_2025)
Khanewal,2019-20,wheat,220550.0,725630.01,3.2901,t/ha,PBS Crops Area and Production by Districts (all_crops_2015_2025)
Khanewal,2020-21,wheat,227429.08,759200.01,3.3382,t/ha,PBS Crops Area and Production by Districts (all_crops_2015_2025)
Khanewal,2021-22,wheat,214884.06,792890.01,3.6898,t/ha,PBS Crops Area and Production by Districts (all_crops_2015_2025)
Khanewal,2022-23,wheat,194250.0,726909.97,3.7421,t/ha,PBS Crops Area and Production by Districts (all_crops_2015_2025)
Khanewal,2023-24,wheat,215690.0,844909.97,3.9172,t/ha,PBS Crops Area and Production by Districts (all_crops_2015_2025)
Khanewal,2024-25,wheat,200000.0,803880.01,4.0194,t/ha,PBS Crops Area and Production by Districts (all_crops_2015_2025)
Khushab,2017-18,wheat,93070.0,191530.0,2.0579,t/ha,PBS Crops Area and Production by Districts (all_crops_2015_2025)
Khushab,2018-19,wheat,94700.0,167450.0,1.7682,t/ha,PBS Crops Area and Production by Districts (all_crops_2015_2025)
Khushab,2019-20,wheat,126260.0,237860.0,1.8839,t/ha,PBS Crops Area and Production by Districts (all_crops_2015_2025)
Khushab,2020-21,wheat,128282.94,288609.98,2.2498,t/ha,PBS Crops Area and Production by Districts (all_crops_2015_2025)
Khushab,2021-22,wheat,139209.26,287970.0,2.0686,t/ha,PBS Crops Area and Production by Districts (all_crops_2015_2025)
Khushab,2022-23,wheat,123020.0,290750.0,2.3634,t/ha,PBS Crops Area and Production by Districts (all_crops_2015_2025)
Khushab,2023-24,wheat,127470.0,290540.01,2.2793,t/ha,PBS Crops Area and Production by Districts (all_crops_2015_2025)
Khushab,2024-25,wheat,110000.0,249050.0,2.2641,t/ha,PBS Crops Area and Production by Districts (all_crops_2015_2025)
Lahore,2017-18,wheat,55040.0,171670.0,3.119,t/ha,PBS Crops Area and Production by Districts (all_crops_2015_2025)
Lahore,2018-19,wheat,53010.0,166980.0,3.15,t/ha,PBS Crops Area and Production by Districts (all_crops_2015_2025)
Lahore,2019-20,wheat,40870.0,147509.99,3.6092,t/ha,PBS Crops Area and Production by Districts (all_crops_2015_2025)
Lahore,2020-21,wheat,42086.52,135130.01,3.2108,t/ha,PBS Crops Area and Production by Districts (all_crops_2015_2025)
Lahore,2021-22,wheat,43705.23,150119.99,3.4348,t/ha,PBS Crops Area and Production by Districts (all_crops_2015_2025)
Lahore,2022-23,wheat,45730.0,159600.01,3.4901,t/ha,PBS Crops Area and Production by Districts (all_crops_2015_2025)
Lahore,2023-24,wheat,48560.0,180619.99,3.7195,t/ha,PBS Crops Area and Production by Districts (all_crops_2015_2025)
Lahore,2024-25,wheat,47000.0,183000.0,3.8936,t/ha,PBS Crops Area and Production by Districts (all_crops_2015_2025)
Layyah,2017-18,wheat,221360.0,540349.98,2.441,t/ha,PBS Crops Area and Production by Districts (all_crops_2015_2025)
Layyah,2018-19,wheat,216910.0,568969.97,2.6231,t/ha,PBS Crops Area and Production by Districts (all_crops_2015_2025)
Layyah,2019-20,wheat,265070.01,750159.97,2.83,t/ha,PBS Crops Area and Production by Districts (all_crops_2015_2025)
Layyah,2020-21,wheat,274776.43,777390.01,2.8292,t/ha,PBS Crops Area and Production by Districts (all_crops_2015_2025)
Layyah,2021-22,wheat,273157.71,817830.02,2.994,t/ha,PBS Crops Area and Production by Districts (all_crops_2015_2025)
Layyah,2022-23,wheat,271540.01,837940.0,3.0859,t/ha,PBS Crops Area and Production by Districts (all_crops_2015_2025)
Layyah,2023-24,wheat,274369.99,839359.99,3.0592,t/ha,PBS Crops Area and Production by Districts (all_crops_2015_2025)
Layyah,2024-25,wheat,260000.0,804039.98,3.0925,t/ha,PBS Crops Area and Production by Districts (all_crops_2015_2025)
Lodhran,2017-18,wheat,204360.0,698159.97,3.4163,t/ha,PBS Crops Area and Production by Districts (all_crops_2015_2025)
Lodhran,2018-19,wheat,195860.0,663530.03,3.3878,t/ha,PBS Crops Area and Production by Districts (all_crops_2015_2025)
Lodhran,2019-20,wheat,164700.0,554450.01,3.3664,t/ha,PBS Crops Area and Production by Districts (all_crops_2015_2025)
Lodhran,2020-21,wheat,170369.48,575880.01,3.3802,t/ha,PBS Crops Area and Production by Districts (all_crops_2015_2025)
Lodhran,2021-22,wheat,165513.34,622830.02,3.763,t/ha,PBS Crops Area and Production by Districts (all_crops_2015_2025)
Lodhran,2022-23,wheat,155399.99,594739.99,3.8272,t/ha,PBS Crops Area and Production by Districts (all_crops_2015_2025)
Lodhran,2023-24,wheat,169560.0,671570.01,3.9607,t/ha,PBS Crops Area and Production by Districts (all_crops_2015_2025)
Lodhran,2024-25,wheat,150000.0,594070.01,3.9605,t/ha,PBS Crops Area and Production by Districts (all_crops_2015_2025)
Mandi Bahauddin,2017-18,wheat,149730.0,422470.0,2.8215,t/ha,PBS Crops Area and Production by Districts (all_crops_2015_2025)
Mandi Bahauddin,2018-19,wheat,149730.0,389019.99,2.5981,t/ha,PBS Crops Area and Production by Districts (all_crops_2015_2025)
Mandi Bahauddin,2019-20,wheat,126260.0,354489.99,2.8076,t/ha,PBS Crops Area and Production by Districts (all_crops_2015_2025)
Mandi Bahauddin,2020-21,wheat,130306.33,391359.98,3.0034,t/ha,PBS Crops Area and Production by Districts (all_crops_2015_2025)
Mandi Bahauddin,2021-22,wheat,127068.92,355700.01,2.7993,t/ha,PBS Crops Area and Production by Districts (all_crops_2015_2025)
Mandi Bahauddin,2022-23,wheat,133539.99,432429.99,3.2382,t/ha,PBS Crops Area and Production by Districts (all_crops_2015_2025)
Mandi Bahauddin,2023-24,wheat,141230.0,446019.99,3.1581,t/ha,PBS Crops Area and Production by Districts (all_crops_2015_2025)
Mandi Bahauddin,2024-25,wheat,135000.0,463269.99,3.4316,t/ha,PBS Crops Area and Production by Districts (all_crops_2015_2025)
Mianwali,2017-18,wheat,156210.01,361209.99,2.3123,t/ha,PBS Crops Area and Production by Districts (all_crops_2015_2025)
Mianwali,2018-19,wheat,152560.0,337090.0,2.2096,t/ha,PBS Crops Area and Production by Districts (all_crops_2015_2025)
Mianwali,2019-20,wheat,210429.99,471890.02,2.2425,t/ha,PBS Crops Area and Production by Districts (all_crops_2015_2025)
Mianwali,2020-21,wheat,211241.96,580969.97,2.7503,t/ha,PBS Crops Area and Production by Districts (all_crops_2015_2025)
Mianwali,2021-22,wheat,200315.64,539960.02,2.6955,t/ha,PBS Crops Area and Production by Districts (all_crops_2015_2025)
Mianwali,2022-23,wheat,190200.0,588450.01,3.0938,t/ha,PBS Crops Area and Production by Districts (all_crops_2015_2025)
Mianwali,2023-24,wheat,204770.0,609989.99,2.9789,t/ha,PBS Crops Area and Production by Districts (all_crops_2015_2025)
Mianwali,2024-25,wheat,186000.0,568359.99,3.0557,t/ha,PBS Crops Area and Production by Districts (all_crops_2015_2025)
Multan,2017-18,wheat,190610.0,612310.0,3.2124,t/ha,PBS Crops Area and Production by Districts (all_crops_2015_2025)
Multan,2018-19,wheat,186560.0,581929.99,3.1193,t/ha,PBS Crops Area and Production by Districts (all_crops_2015_2025)
Multan,2019-20,wheat,165920.0,564090.03,3.3998,t/ha,PBS Crops Area and Production by Districts (all_crops_2015_2025)
Multan,2020-21,wheat,166727.37,568580.02,3.4102,t/ha,PBS Crops Area and Production by Districts (all_crops_2015_2025)
Multan,2021-22,wheat,176844.32,642039.98,3.6305,t/ha,PBS Crops Area and Production by Districts (all_crops_2015_2025)
Multan,2022-23,wheat,173200.0,641489.99,3.7038,t/ha,PBS Crops Area and Production by Districts (all_crops_2015_2025)
Multan,2023-24,wheat,187369.99,738390.01,3.9408,t/ha,PBS Crops Area and Production by Districts (all_crops_2015_2025)
Multan,2024-25,wheat,177000.0,682049.99,3.8534,t/ha,PBS Crops Area and Production by Districts (all_crops_2015_2025)
Muzaffargarh,2017-18,wheat,287730.01,905669.98,3.1476,t/ha,PBS Crops Area and Production by Districts (all_crops_2015_2025)
Muzaffargarh,2018-19,wheat,295820.01,908909.97,3.0725,t/ha,PBS Crops Area and Production by Districts (all_crops_2015_2025)
Muzaffargarh,2019-20,wheat,259799.99,815940.0,3.1406,t/ha,PBS Crops Area and Production by Districts (all_crops_2015_2025)
Muzaffargarh,2020-21,wheat,257375.24,811909.97,3.1546,t/ha,PBS Crops Area and Production by Districts (all_crops_2015_2025)
Muzaffargarh,2021-22,wheat,242400.01,736099.98,3.0367,t/ha,PBS Crops Area and Production by Districts (all_crops_2015_2025)
Muzaffargarh,2022-23,wheat,234310.0,730799.99,3.1189,t/ha,PBS Crops Area and Production by Districts (all_crops_2015_2025)
Muzaffargarh,2023-24,wheat,253330.0,890410.03,3.5148,t/ha,PBS Crops Area and Production by Districts (all_crops_2015_2025)
Muzaffargarh,2024-25,wheat,241000.0,839109.99,3.4818,t/ha,PBS Crops Area and Production by Districts (all_crops_2015_2025)
Nankana Sahib,2017-18,wheat,120590.0,391519.99,3.2467,t/ha,PBS Crops Area and Production by Districts (all_crops_2015_2025)
Nankana Sahib,2018-19,wheat,119380.0,380530.0,3.1876,t/ha,PBS Crops Area and Production by Districts (all_crops_2015_2025)
Nankana Sahib,2019-20,wheat,125450.0,420450.01,3.3515,t/ha,PBS Crops Area and Production by Districts (all_crops_2015_2025)
Nankana Sahib,2020-21,wheat,130306.33,486329.99,3.7322,t/ha,PBS Crops Area and Production by Districts (all_crops_2015_2025)
Nankana Sahib,2021-22,wheat,125450.2,427179.99,3.4052,t/ha,PBS Crops Area and Production by Districts (all_crops_2015_2025)
Nankana Sahib,2022-23,wheat,128690.0,456010.01,3.5435,t/ha,PBS Crops Area and Production by Districts (all_crops_2015_2025)
Nankana Sahib,2023-24,wheat,137590.0,534210.02,3.8826,t/ha,PBS Crops Area and Production by Districts (all_crops_2015_2025)
Nankana Sahib,2024-25,wheat,137000.0,542940.0,3.9631,t/ha,PBS Crops Area and Production by Districts (all_crops_2015_2025)
Narowal,2017-18,wheat,146490.01,383320.01,2.6167,t/ha,PBS Crops Area and Production by Districts (all_crops_2015_2025)
Narowal,2018-19,wheat,144070.01,314119.99,2.1803,t/ha,PBS Crops Area and Production by Districts (all_crops_2015_2025)
Narowal,2019-20,wheat,97120.0,208610.0,2.148,t/ha,PBS Crops Area and Production by Districts (all_crops_2015_2025)
Narowal,2020-21,wheat,114119.22,301060.0,2.6381,t/ha,PBS Crops Area and Production by Districts (all_crops_2015_2025)
Narowal,2021-22,wheat,123426.81,279720.0,2.2663,t/ha,PBS Crops Area and Production by Districts (all_crops_2015_2025)
Narowal,2022-23,wheat,126250.0,364829.99,2.8897,t/ha,PBS Crops Area and Production by Districts (all_crops_2015_2025)
Narowal,2023-24,wheat,127880.0,332440.0,2.5996,t/ha,PBS Crops Area and Production by Districts (all_crops_2015_2025)
Narowal,2024-25,wheat,122000.0,353840.0,2.9003,t/ha,PBS Crops Area and Production by Districts (all_crops_2015_2025)
Okara,2017-18,wheat,201929.99,642929.99,3.1839,t/ha,PBS Crops Area and Production by Districts (all_crops_2015_2025)
Okara,2018-19,wheat,181700.0,598619.99,3.2946,t/ha,PBS Crops Area and Production by Districts (all_crops_2015_2025)
Okara,2019-20,wheat,138800.0,506040.01,3.6458,t/ha,PBS Crops Area and Production by Districts (all_crops_2015_2025)
Okara,2020-21,wheat,151754.27,571460.02,3.7657,t/ha,PBS Crops Area and Production by Districts (all_crops_2015_2025)
Okara,2021-22,wheat,133139.08,502579.99,3.7748,t/ha,PBS Crops Area and Production by Districts (all_crops_2015_2025)
Okara,2022-23,wheat,129090.0,506440.0,3.9232,t/ha,PBS Crops Area and Production by Districts (all_crops_2015_2025)
Okara,2023-24,wheat,156210.01,659750.0,4.2235,t/ha,PBS Crops Area and Production by Districts (all_crops_2015_2025)
Okara,2024-25,wheat,127000.0,535500.0,4.2165,t/ha,PBS Crops Area and Production by Districts (all_crops_2015_2025)
Pakpattan,2017-18,wheat,133539.99,463369.99,3.4699,t/ha,PBS Crops Area and Production by Districts (all_crops_2015_2025)
Pakpattan,2018-19,wheat,123020.0,431739.99,3.5095,t/ha,PBS Crops Area and Production by Districts (all_crops_2015_2025)
Pakpattan,2019-20,wheat,96720.0,362630.01,3.7493,t/ha,PBS Crops Area and Production by Districts (all_crops_2015_2025)
Pakpattan,2020-21,wheat,111286.47,405310.0,3.642,t/ha,PBS Crops Area and Production by Districts (all_crops_2015_2025)
Pakpattan,2021-22,wheat,93885.32,323500.0,3.4457,t/ha,PBS Crops Area and Production by Districts (all_crops_2015_2025)
Pakpattan,2022-23,wheat,85390.0,324769.99,3.8034,t/ha,PBS Crops Area and Production by Districts (all_crops_2015_2025)
Pakpattan,2023-24,wheat,106430.0,433950.01,4.0773,t/ha,PBS Crops Area and Production by Districts (all_crops_2015_2025)
Pakpattan,2024-25,wheat,87000.0,363399.99,4.177,t/ha,PBS Crops Area and Production by Districts (all_crops_2015_2025)
Rahim Yar Khan,2017-18,wheat,275179.99,817560.0,2.971,t/ha,PBS Crops Area and Production by Districts (all_crops_2015_2025)
Rahim Yar Khan,2018-19,wheat,322130.01,1025439.94,3.1833,t/ha,PBS Crops Area and Production by Districts (all_crops_2015_2025)
Rahim Yar Khan,2019-20,wheat,291369.99,1016460.02,3.4886,t/ha,PBS Crops Area and Production by Districts (all_crops_2015_2025)
Rahim Yar Khan,2020-21,wheat,296629.03,1037000.0,3.4959,t/ha,PBS Crops Area and Production by Districts (all_crops_2015_2025)
Rahim Yar Khan,2021-22,wheat,277204.5,1028050.05,3.7086,t/ha,PBS Crops Area and Production by Districts (all_crops_2015_2025)
Rahim Yar Khan,2022-23,wheat,289340.0,1093660.03,3.7798,t/ha,PBS Crops Area and Production by Districts (all_crops_2015_2025)
Rahim Yar Khan,2023-24,wheat,346810.0,1408910.03,4.0625,t/ha,PBS Crops Area and Production by Districts (all_crops_2015_2025)
Rahim Yar Khan,2024-25,wheat,331000.0,1211449.95,3.66,t/ha,PBS Crops Area and Production by Districts (all_crops_2015_2025)
Rajanpur,2017-18,wheat,178869.99,541299.99,3.0262,t/ha,PBS Crops Area and Production by Districts (all_crops_2015_2025)
Rajanpur,2018-19,wheat,184530.0,559919.98,3.0343,t/ha,PBS Crops Area and Production by Districts (all_crops_2015_2025)
Rajanpur,2019-20,wheat,241590.0,835530.03,3.4585,t/ha,PBS Crops Area and Production by Districts (all_crops_2015_2025)
Rajanpur,2020-21,wheat,200720.32,682619.99,3.4009,t/ha,PBS Crops Area and Production by Districts (all_crops_2015_2025)
Rajanpur,2021-22,wheat,193840.8,672210.02,3.4678,t/ha,PBS Crops Area and Production by Districts (all_crops_2015_2025)
Rajanpur,2022-23,wheat,185340.0,649119.99,3.5023,t/ha,PBS Crops Area and Production by Districts (all_crops_2015_2025)
Rajanpur,2023-24,wheat,205990.01,790590.03,3.838,t/ha,PBS Crops Area and Production by Districts (all_crops_2015_2025)
Rajanpur,2024-25,wheat,178000.0,627119.99,3.5231,t/ha,PBS Crops Area and Production by Districts (all_crops_2015_2025)
Rawalpindi,2017-18,wheat,104000.0,155860.0,1.4987,t/ha,PBS Crops Area and Production by Districts (all_crops_2015_2025)
Rawalpindi,2018-19,wheat,103600.0,161490.01,1.5588,t/ha,PBS Crops Area and Production by Districts (all_crops_2015_2025)
Rawalpindi,2019-20,wheat,151350.01,230090.0,1.5203,t/ha,PBS Crops Area and Production by Districts (all_crops_2015_2025)
Rawalpindi,2020-21,wheat,154991.7,256470.0,1.6547,t/ha,PBS Crops Area and Production by Districts (all_crops_2015_2025)
Rawalpindi,2021-22,wheat,159900.01,311100.01,1.9456,t/ha,PBS Crops Area and Production by Districts (all_crops_2015_2025)
Rawalpindi,2022-23,wheat,168339.99,349030.01,2.0734,t/ha,PBS Crops Area and Production by Districts (all_crops_2015_2025)
Rawalpindi,2023-24,wheat,172390.01,421890.0,2.4473,t/ha,PBS Crops Area and Production by Districts (all_crops_2015_2025)
Rawalpindi,2024-25,wheat,169000.0,279650.0,1.6547,t/ha,PBS Crops Area and Production by Districts (all_crops_2015_2025)
Sahiwal,2017-18,wheat,143259.99,496910.0,3.4686,t/ha,PBS Crops Area and Production by Districts (all_crops_2015_2025)
Sahiwal,2018-19,wheat,138399.99,451500.0,3.2623,t/ha,PBS Crops Area and Production by Districts (all_crops_2015_2025)
Sahiwal,2019-20,wheat,106840.0,378470.0,3.5424,t/ha,PBS Crops Area and Production by Districts (all_crops_2015_2025)
Sahiwal,2020-21,wheat,124236.17,439660.0,3.5389,t/ha,PBS Crops Area and Production by Districts (all_crops_2015_2025)
Sahiwal,2021-22,wheat,112905.18,384910.0,3.4091,t/ha,PBS Crops Area and Production by Districts (all_crops_2015_2025)
Sahiwal,2022-23,wheat,111290.0,407769.99,3.664,t/ha,PBS Crops Area and Production by Districts (all_crops_2015_2025)
Sahiwal,2023-24,wheat,131119.99,505700.01,3.8568,t/ha,PBS Crops Area and Production by Districts (all_crops_2015_2025)
Sahiwal,2024-25,wheat,119000.0,456380.01,3.8351,t/ha,PBS Crops Area and Production by Districts (all_crops_2015_2025)
Sargodha,2017-18,wheat,193429.99,535549.99,2.7687,t/ha,PBS Crops Area and Production by Districts (all_crops_2015_2025)
Sargodha,2018-19,wheat,202740.01,527520.02,2.602,t/ha,PBS Crops Area and Production by Districts (all_crops_2015_2025)
Sargodha,2019-20,wheat,207190.0,558500.0,2.6956,t/ha,PBS Crops Area and Production by Districts (all_crops_2015_2025)
Sargodha,2020-21,wheat,207599.85,616669.98,2.9705,t/ha,PBS Crops Area and Production by Districts (all_crops_2015_2025)
Sargodha,2021-22,wheat,195054.84,545619.99,2.7973,t/ha,PBS Crops Area and Production by Districts (all_crops_2015_2025)
Sargodha,2022-23,wheat,200720.0,630119.99,3.1393,t/ha,PBS Crops Area and Production by Districts (all_crops_2015_2025)
Sargodha,2023-24,wheat,222570.01,676940.0,3.0415,t/ha,PBS Crops Area and Production by Districts (all_crops_2015_2025)
Sargodha,2024-25,wheat,212000.0,669270.02,3.1569,t/ha,PBS Crops Area and Production by Districts (all_crops_2015_2025)
Sheikhupura,2017-18,wheat,212050.0,685710.02,3.2337,t/ha,PBS Crops Area and Production by Districts (all_crops_2015_2025)
Sheikhupura,2018-19,wheat,211240.01,637690.0,3.0188,t/ha,PBS Crops Area and Production by Districts (all_crops_2015_2025)
Sheikhupura,2019-20,wheat,200320.01,647789.98,3.2338,t/ha,PBS Crops Area and Production by Districts (all_crops_2015_2025)
Sheikhupura,2020-21,wheat,208409.21,683030.03,3.2774,t/ha,PBS Crops Area and Production by Districts (all_crops_2015_2025)
Sheikhupura,2021-22,wheat,221000.0,669179.99,3.028,t/ha,PBS Crops Area and Production by Districts (all_crops_2015_2025)
Sheikhupura,2022-23,wheat,228240.01,755530.03,3.3102,t/ha,PBS Crops Area and Production by Districts (all_crops_2015_2025)
Sheikhupura,2023-24,wheat,237950.0,815669.98,3.4279,t/ha,PBS Crops Area and Production by Districts (all_crops_2015_2025)
Sheikhupura,2024-25,wheat,227000.0,796840.03,3.5103,t/ha,PBS Crops Area and Production by Districts (all_crops_2015_2025)
Sialkot,2017-18,wheat,203149.99,554239.99,2.7282,t/ha,PBS Crops Area and Production by Districts (all_crops_2015_2025)
Sialkot,2018-19,wheat,185340.0,471470.0,2.5438,t/ha,PBS Crops Area and Production by Districts (all_crops_2015_2025)
Sialkot,2019-20,wheat,129090.0,294049.99,2.2779,t/ha,PBS Crops Area and Production by Districts (all_crops_2015_2025)
Sialkot,2020-21,wheat,170774.15,490859.98,2.8743,t/ha,PBS Crops Area and Production by Districts (all_crops_2015_2025)
Sialkot,2021-22,wheat,185342.56,462399.99,2.4948,t/ha,PBS Crops Area and Production by Districts (all_crops_2015_2025)
Sialkot,2022-23,wheat,190200.0,565130.01,2.9712,t/ha,PBS Crops Area and Production by Districts (all_crops_2015_2025)
Sialkot,2023-24,wheat,199100.01,591969.97,2.9732,t/ha,PBS Crops Area and Production by Districts (all_crops_2015_2025)
Sialkot,2024-25,wheat,192000.0,578090.03,3.0109,t/ha,PBS Crops Area and Production by Districts (all_crops_2015_2025)
Toba Tek Singh,2017-18,wheat,163090.0,552030.03,3.3848,t/ha,PBS Crops Area and Production by Districts (all_crops_2015_2025)
Toba Tek Singh,2018-19,wheat,159039.99,535400.02,3.3664,t/ha,PBS Crops Area and Production by Districts (all_crops_2015_2025)
Toba Tek Singh,2019-20,wheat,142039.99,498049.99,3.5064,t/ha,PBS Crops Area and Production by Districts (all_crops_2015_2025)
Toba Tek Singh,2020-21,wheat,156205.73,541750.0,3.4682,t/ha,PBS Crops Area and Production by Districts (all_crops_2015_2025)
Toba Tek Singh,2021-22,wheat,135162.48,451299.99,3.3389,t/ha,PBS Crops Area and Production by Districts (all_crops_2015_2025)
Toba Tek Singh,2022-23,wheat,130310.0,470510.01,3.6107,t/ha,PBS Crops Area and Production by Districts (all_crops_2015_2025)
Toba Tek Singh,2023-24,wheat,142850.01,542770.02,3.7996,t/ha,PBS Crops Area and Production by Districts (all_crops_2015_2025)
Toba Tek Singh,2024-25,wheat,130000.0,505600.01,3.8892,t/ha,PBS Crops Area and Production by Districts (all_crops_2015_2025)
Vehari,2017-18,wheat,244830.0,798479.98,3.2614,t/ha,PBS Crops Area and Production by Districts (all_crops_2015_2025)
Vehari,2018-19,wheat,214480.0,656169.98,3.0594,t/ha,PBS Crops Area and Production by Districts (all_crops_2015_2025)
Vehari,2019-20,wheat,178869.99,621830.02,3.4764,t/ha,PBS Crops Area and Production by Districts (all_crops_2015_2025)
Vehari,2020-21,wheat,193840.8,676119.99,3.488,t/ha,PBS Crops Area and Production by Districts (all_crops_2015_2025)
Vehari,2021-22,wheat,180486.42,629039.98,3.4852,t/ha,PBS Crops Area and Production by Districts (all_crops_2015_2025)
Vehari,2022-23,wheat,159850.01,594239.99,3.7175,t/ha,PBS Crops Area and Production by Districts (all_crops_2015_2025)
Vehari,2023-24,wheat,206390.0,830080.02,4.0219,t/ha,PBS Crops Area and Production by Districts (all_crops_2015_2025)
Vehari,2024-25,wheat,180000.0,706659.97,3.9259,t/ha,PBS Crops Area and Production by Districts (all_crops_2015_2025)
