District,Season,Rice Category,Rice Area,Rice Production,Rice Yield,Area Unit,Production Unit,Yield Unit,Source Document,Source URL,Page Number,Table Number,Verification Status,Directly Reported or Calculated,Verification Notes
Bahawalnagar,2020-21,Basmati,102380,249700,2438,hectares,tonnes,kg/hectare,"Punjab Agriculture Department, Crop Reporting Service (CRS) - Kharif Crops Estimates 2021-22",http://www.amis.pk/Agristatistics/DistrictWise/District%20Wise%20Crop%20data%202021-22%20(1).pdf,6-10,Rice Crop (Final Estimate),Verified,Directly Reported,District-wise Basmati rice area/production/yield as printed in the CRS Kharif Estimates 2021-22 data book (rice section).
Bahawalnagar,2020-21,Non-Basmati,6470,19600,3028,hectares,tonnes,kg/hectare,"Punjab Agriculture Department, Crop Reporting Service (CRS) - Kharif Crops Estimates 2021-22",http://www.amis.pk/Agristatistics/DistrictWise/District%20Wise%20Crop%20data%202021-22%20(1).pdf,6-10,Rice Crop (Final Estimate),Verified,Directly Reported,District-wise Non-Basmati rice area/production/yield as printed in the CRS Kharif Estimates 2021-22 data book (rice section).
Bahawalnagar,2020-21,Total Rice,108850,269300,2474,hectares,tonnes,kg/hectare,"Punjab Agriculture Department, Crop Reporting Service (CRS) - Kharif Crops Estimates 2021-22",http://www.amis.pk/Agristatistics/DistrictWise/District%20Wise%20Crop%20data%202021-22%20(1).pdf,6-10,Rice Crop (Final Estimate),Verified,Calculated,"Total = Basmati + Non-Basmati as printed for this district-season; yield = production*1000/area (kg/ha), calculated here rather than copying the book's own printed TOTAL yield line, so the arithmetic is independently checkable."
Bahawalnagar,2021-22,Basmati,113710,261470,2299,hectares,tonnes,kg/hectare,"Punjab Agriculture Department, Crop Reporting Service (CRS) - Kharif Crops Estimates 2021-22",http://www.amis.pk/Agristatistics/DistrictWise/District%20Wise%20Crop%20data%202021-22%20(1).pdf,6-10,Rice Crop (Final Estimate),Verified,Directly Reported,District-wise Basmati rice area/production/yield as printed in the CRS Kharif Estimates 2021-22 data book (rice section).
Bahawalnagar,2021-22,Non-Basmati,22660,67020,2957,hectares,tonnes,kg/hectare,"Punjab Agriculture Department, Crop Reporting Service (CRS) - Kharif Crops Estimates 2021-22",http://www.amis.pk/Agristatistics/DistrictWise/District%20Wise%20Crop%20data%202021-22%20(1).pdf,6-10,Rice Crop (Final Estimate),Verified,Directly Reported,District-wise Non-Basmati rice area/production/yield as printed in the CRS Kharif Estimates 2021-22 data book (rice section).
Bahawalnagar,2021-22,Total Rice,136370,328490,2409,hectares,tonnes,kg/hectare,"Punjab Agriculture Department, Crop Reporting Service (CRS) - Kharif Crops Estimates 2021-22",http://www.amis.pk/Agristatistics/DistrictWise/District%20Wise%20Crop%20data%202021-22%20(1).pdf,6-10,Rice Crop (Final Estimate),Verified,Calculated,"Total = Basmati + Non-Basmati as printed for this district-season; yield = production*1000/area (kg/ha), calculated here rather than copying the book's own printed TOTAL yield line, so the arithmetic is independently checkable."
Bahawalnagar,2022-23,Total Rice,104810,239020,2281,hectares,tonnes,kg/hectare,"Govt. of Pakistan, Ministry of National Food Security & Research (Economic Wing) - Crops Area & Production (District Wise) 2022-23",https://mnfsr.gov.pk/SiteImage/Downloads/Crops%20Area%20AND%20Production%20by%202022-23.pdf,4-6,Table No. 2 - Rice,Verified,Calculated,District-wise Total Rice area & production as printed in the federal MNFSR District-Wise publication (source line in that document: data supplied by the provincial Crop Reporting Services). Yield calculated as production*1000/area (kg/ha); not printed in this source.
Bahawalpur,2020-21,Basmati,20230,38400,1898,hectares,tonnes,kg/hectare,"Punjab Agriculture Department, Crop Reporting Service (CRS) - Kharif Crops Estimates 2021-22",http://www.amis.pk/Agristatistics/DistrictWise/District%20Wise%20Crop%20data%202021-22%20(1).pdf,6-10,Rice Crop (Final Estimate),Verified,Directly Reported,District-wise Basmati rice area/production/yield as printed in the CRS Kharif Estimates 2021-22 data book (rice section).
Bahawalpur,2020-21,Non-Basmati,810,2000,2471,hectares,tonnes,kg/hectare,"Punjab Agriculture Department, Crop Reporting Service (CRS) - Kharif Crops Estimates 2021-22",http://www.amis.pk/Agristatistics/DistrictWise/District%20Wise%20Crop%20data%202021-22%20(1).pdf,6-10,Rice Crop (Final Estimate),Verified,Directly Reported,District-wise Non-Basmati rice area/production/yield as printed in the CRS Kharif Estimates 2021-22 data book (rice section).
Bahawalpur,2020-21,Total Rice,21040,40400,1920,hectares,tonnes,kg/hectare,"Punjab Agriculture Department, Crop Reporting Service (CRS) - Kharif Crops Estimates 2021-22",http://www.amis.pk/Agristatistics/DistrictWise/District%20Wise%20Crop%20data%202021-22%20(1).pdf,6-10,Rice Crop (Final Estimate),Verified,Calculated,"Total = Basmati + Non-Basmati as printed for this district-season; yield = production*1000/area (kg/ha), calculated here rather than copying the book's own printed TOTAL yield line, so the arithmetic is independently checkable."
Bahawalpur,2021-22,Basmati,19020,37100,1950,hectares,tonnes,kg/hectare,"Punjab Agriculture Department, Crop Reporting Service (CRS) - Kharif Crops Estimates 2021-22",http://www.amis.pk/Agristatistics/DistrictWise/District%20Wise%20Crop%20data%202021-22%20(1).pdf,6-10,Rice Crop (Final Estimate),Verified,Directly Reported,District-wise Basmati rice area/production/yield as printed in the CRS Kharif Estimates 2021-22 data book (rice section).
Bahawalpur,2021-22,Non-Basmati,4450,12910,2900,hectares,tonnes,kg/hectare,"Punjab Agriculture Department, Crop Reporting Service (CRS) - Kharif Crops Estimates 2021-22",http://www.amis.pk/Agristatistics/DistrictWise/District%20Wise%20Crop%20data%202021-22%20(1).pdf,6-10,Rice Crop (Final Estimate),Verified,Directly Reported,District-wise Non-Basmati rice area/production/yield as printed in the CRS Kharif Estimates 2021-22 data book (rice section).
Bahawalpur,2021-22,Total Rice,23470,50010,2131,hectares,tonnes,kg/hectare,"Punjab Agriculture Department, Crop Reporting Service (CRS) - Kharif Crops Estimates 2021-22",http://www.amis.pk/Agristatistics/DistrictWise/District%20Wise%20Crop%20data%202021-22%20(1).pdf,6-10,Rice Crop (Final Estimate),Verified,Calculated,"Total = Basmati + Non-Basmati as printed for this district-season; yield = production*1000/area (kg/ha), calculated here rather than copying the book's own printed TOTAL yield line, so the arithmetic is independently checkable."
Bahawalpur,2022-23,Total Rice,10120,21540,2128,hectares,tonnes,kg/hectare,"Govt. of Pakistan, Ministry of National Food Security & Research (Economic Wing) - Crops Area & Production (District Wise) 2022-23",https://mnfsr.gov.pk/SiteImage/Downloads/Crops%20Area%20AND%20Production%20by%202022-23.pdf,4-6,Table No. 2 - Rice,Verified,Calculated,District-wise Total Rice area & production as printed in the federal MNFSR District-Wise publication (source line in that document: data supplied by the provincial Crop Reporting Services). Yield calculated as production*1000/area (kg/ha); not printed in this source.
Bhakkar,2020-21,Basmati,2030,4000,1977,hectares,tonnes,kg/hectare,"Punjab Agriculture Department, Crop Reporting Service (CRS) - Kharif Crops Estimates 2021-22",http://www.amis.pk/Agristatistics/DistrictWise/District%20Wise%20Crop%20data%202021-22%20(1).pdf,6-10,Rice Crop (Final Estimate),Verified,Directly Reported,District-wise Basmati rice area/production/yield as printed in the CRS Kharif Estimates 2021-22 data book (rice section).
Bhakkar,2020-21,Total Rice,2030,4000,1970,hectares,tonnes,kg/hectare,"Punjab Agriculture Department, Crop Reporting Service (CRS) - Kharif Crops Estimates 2021-22",http://www.amis.pk/Agristatistics/DistrictWise/District%20Wise%20Crop%20data%202021-22%20(1).pdf,6-10,Rice Crop (Final Estimate),Verified,Calculated,"Total = Basmati + Non-Basmati as printed for this district-season; yield = production*1000/area (kg/ha), calculated here rather than copying the book's own printed TOTAL yield line, so the arithmetic is independently checkable."
Bhakkar,2021-22,Basmati,1620,3340,2064,hectares,tonnes,kg/hectare,"Punjab Agriculture Department, Crop Reporting Service (CRS) - Kharif Crops Estimates 2021-22",http://www.amis.pk/Agristatistics/DistrictWise/District%20Wise%20Crop%20data%202021-22%20(1).pdf,6-10,Rice Crop (Final Estimate),Verified,Directly Reported,District-wise Basmati rice area/production/yield as printed in the CRS Kharif Estimates 2021-22 data book (rice section).
Bhakkar,2021-22,Total Rice,1620,3340,2062,hectares,tonnes,kg/hectare,"Punjab Agriculture Department, Crop Reporting Service (CRS) - Kharif Crops Estimates 2021-22",http://www.amis.pk/Agristatistics/DistrictWise/District%20Wise%20Crop%20data%202021-22%20(1).pdf,6-10,Rice Crop (Final Estimate),Verified,Calculated,"Total = Basmati + Non-Basmati as printed for this district-season; yield = production*1000/area (kg/ha), calculated here rather than copying the book's own printed TOTAL yield line, so the arithmetic is independently checkable."
Bhakkar,2022-23,Total Rice,1000,1860,1860,hectares,tonnes,kg/hectare,"Govt. of Pakistan, Ministry of National Food Security & Research (Economic Wing) - Crops Area & Production (District Wise) 2022-23",https://mnfsr.gov.pk/SiteImage/Downloads/Crops%20Area%20AND%20Production%20by%202022-23.pdf,4-6,Table No. 2 - Rice,Verified,Calculated,District-wise Total Rice area & production as printed in the federal MNFSR District-Wise publication (source line in that document: data supplied by the provincial Crop Reporting Services). Yield calculated as production*1000/area (kg/ha); not printed in this source.
Chiniot,2020-21,Basmati,28730,63600,2213,hectares,tonnes,kg/hectare,"Punjab Agriculture Department, Crop Reporting Service (CRS) - Kharif Crops Estimates 2021-22",http://www.amis.pk/Agristatistics/DistrictWise/District%20Wise%20Crop%20data%202021-22%20(1).pdf,6-10,Rice Crop (Final Estimate),Verified,Directly Reported,District-wise Basmati rice area/production/yield as printed in the CRS Kharif Estimates 2021-22 data book (rice section).
Chiniot,2020-21,Non-Basmati,12140,31600,2603,hectares,tonnes,kg/hectare,"Punjab Agriculture Department, Crop Reporting Service (CRS) - Kharif Crops Estimates 2021-22",http://www.amis.pk/Agristatistics/DistrictWise/District%20Wise%20Crop%20data%202021-22%20(1).pdf,6-10,Rice Crop (Final Estimate),Verified,Directly Reported,District-wise Non-Basmati rice area/production/yield as printed in the CRS Kharif Estimates 2021-22 data book (rice section).
Chiniot,2020-21,Total Rice,40870,95200,2329,hectares,tonnes,kg/hectare,"Punjab Agriculture Department, Crop Reporting Service (CRS) - Kharif Crops Estimates 2021-22",http://www.amis.pk/Agristatistics/DistrictWise/District%20Wise%20Crop%20data%202021-22%20(1).pdf,6-10,Rice Crop (Final Estimate),Verified,Calculated,"Total = Basmati + Non-Basmati as printed for this district-season; yield = production*1000/area (kg/ha), calculated here rather than copying the book's own printed TOTAL yield line, so the arithmetic is independently checkable."
Chiniot,2021-22,Basmati,29140,70660,2425,hectares,tonnes,kg/hectare,"Punjab Agriculture Department, Crop Reporting Service (CRS) - Kharif Crops Estimates 2021-22",http://www.amis.pk/Agristatistics/DistrictWise/District%20Wise%20Crop%20data%202021-22%20(1).pdf,6-10,Rice Crop (Final Estimate),Verified,Directly Reported,District-wise Basmati rice area/production/yield as printed in the CRS Kharif Estimates 2021-22 data book (rice section).
Chiniot,2021-22,Non-Basmati,23070,62180,2695,hectares,tonnes,kg/hectare,"Punjab Agriculture Department, Crop Reporting Service (CRS) - Kharif Crops Estimates 2021-22",http://www.amis.pk/Agristatistics/DistrictWise/District%20Wise%20Crop%20data%202021-22%20(1).pdf,6-10,Rice Crop (Final Estimate),Verified,Directly Reported,District-wise Non-Basmati rice area/production/yield as printed in the CRS Kharif Estimates 2021-22 data book (rice section).
Chiniot,2021-22,Total Rice,52210,132840,2544,hectares,tonnes,kg/hectare,"Punjab Agriculture Department, Crop Reporting Service (CRS) - Kharif Crops Estimates 2021-22",http://www.amis.pk/Agristatistics/DistrictWise/District%20Wise%20Crop%20data%202021-22%20(1).pdf,6-10,Rice Crop (Final Estimate),Verified,Calculated,"Total = Basmati + Non-Basmati as printed for this district-season; yield = production*1000/area (kg/ha), calculated here rather than copying the book's own printed TOTAL yield line, so the arithmetic is independently checkable."
Chiniot,2022-23,Total Rice,42000,106750,2542,hectares,tonnes,kg/hectare,"Govt. of Pakistan, Ministry of National Food Security & Research (Economic Wing) - Crops Area & Production (District Wise) 2022-23",https://mnfsr.gov.pk/SiteImage/Downloads/Crops%20Area%20AND%20Production%20by%202022-23.pdf,4-6,Table No. 2 - Rice,Verified,Calculated,District-wise Total Rice area & production as printed in the federal MNFSR District-Wise publication (source line in that document: data supplied by the provincial Crop Reporting Services). Yield calculated as production*1000/area (kg/ha); not printed in this source.
Dera Ghazi Khan,2020-21,Basmati,14160,29600,2090,hectares,tonnes,kg/hectare,"Punjab Agriculture Department, Crop Reporting Service (CRS) - Kharif Crops Estimates 2021-22",http://www.amis.pk/Agristatistics/DistrictWise/District%20Wise%20Crop%20data%202021-22%20(1).pdf,6-10,Rice Crop (Final Estimate),Verified,Directly Reported,District-wise Basmati rice area/production/yield as printed in the CRS Kharif Estimates 2021-22 data book (rice section).
Dera Ghazi Khan,2020-21,Non-Basmati,60700,143200,2359,hectares,tonnes,kg/hectare,"Punjab Agriculture Department, Crop Reporting Service (CRS) - Kharif Crops Estimates 2021-22",http://www.amis.pk/Agristatistics/DistrictWise/District%20Wise%20Crop%20data%202021-22%20(1).pdf,6-10,Rice Crop (Final Estimate),Verified,Directly Reported,District-wise Non-Basmati rice area/production/yield as printed in the CRS Kharif Estimates 2021-22 data book (rice section).
Dera Ghazi Khan,2020-21,Total Rice,74860,172800,2308,hectares,tonnes,kg/hectare,"Punjab Agriculture Department, Crop Reporting Service (CRS) - Kharif Crops Estimates 2021-22",http://www.amis.pk/Agristatistics/DistrictWise/District%20Wise%20Crop%20data%202021-22%20(1).pdf,6-10,Rice Crop (Final Estimate),Verified,Calculated,"Total = Basmati + Non-Basmati as printed for this district-season; yield = production*1000/area (kg/ha), calculated here rather than copying the book's own printed TOTAL yield line, so the arithmetic is independently checkable."
Dera Ghazi Khan,2021-22,Basmati,1210,2850,2349,hectares,tonnes,kg/hectare,"Punjab Agriculture Department, Crop Reporting Service (CRS) - Kharif Crops Estimates 2021-22",http://www.amis.pk/Agristatistics/DistrictWise/District%20Wise%20Crop%20data%202021-22%20(1).pdf,6-10,Rice Crop (Final Estimate),Verified,Directly Reported,District-wise Basmati rice area/production/yield as printed in the CRS Kharif Estimates 2021-22 data book (rice section).
Dera Ghazi Khan,2021-22,Non-Basmati,86600,270460,3123,hectares,tonnes,kg/hectare,"Punjab Agriculture Department, Crop Reporting Service (CRS) - Kharif Crops Estimates 2021-22",http://www.amis.pk/Agristatistics/DistrictWise/District%20Wise%20Crop%20data%202021-22%20(1).pdf,6-10,Rice Crop (Final Estimate),Verified,Directly Reported,District-wise Non-Basmati rice area/production/yield as printed in the CRS Kharif Estimates 2021-22 data book (rice section).
Dera Ghazi Khan,2021-22,Total Rice,87810,273310,3113,hectares,tonnes,kg/hectare,"Punjab Agriculture Department, Crop Reporting Service (CRS) - Kharif Crops Estimates 2021-22",http://www.amis.pk/Agristatistics/DistrictWise/District%20Wise%20Crop%20data%202021-22%20(1).pdf,6-10,Rice Crop (Final Estimate),Verified,Calculated,"Total = Basmati + Non-Basmati as printed for this district-season; yield = production*1000/area (kg/ha), calculated here rather than copying the book's own printed TOTAL yield line, so the arithmetic is independently checkable."
Dera Ghazi Khan,2022-23,Total Rice,59080,168420,2851,hectares,tonnes,kg/hectare,"Govt. of Pakistan, Ministry of National Food Security & Research (Economic Wing) - Crops Area & Production (District Wise) 2022-23",https://mnfsr.gov.pk/SiteImage/Downloads/Crops%20Area%20AND%20Production%20by%202022-23.pdf,4-6,Table No. 2 - Rice,Verified,Calculated,District-wise Total Rice area & production as printed in the federal MNFSR District-Wise publication (source line in that document: data supplied by the provincial Crop Reporting Services). Yield calculated as production*1000/area (kg/ha); not printed in this source.
Faisalabad,2020-21,Basmati,38040,86500,2274,hectares,tonnes,kg/hectare,"Punjab Agriculture Department, Crop Reporting Service (CRS) - Kharif Crops Estimates 2021-22",http://www.amis.pk/Agristatistics/DistrictWise/District%20Wise%20Crop%20data%202021-22%20(1).pdf,6-10,Rice Crop (Final Estimate),Verified,Directly Reported,District-wise Basmati rice area/production/yield as printed in the CRS Kharif Estimates 2021-22 data book (rice section).
Faisalabad,2020-21,Non-Basmati,4050,10700,2644,hectares,tonnes,kg/hectare,"Punjab Agriculture Department, Crop Reporting Service (CRS) - Kharif Crops Estimates 2021-22",http://www.amis.pk/Agristatistics/DistrictWise/District%20Wise%20Crop%20data%202021-22%20(1).pdf,6-10,Rice Crop (Final Estimate),Verified,Directly Reported,District-wise Non-Basmati rice area/production/yield as printed in the CRS Kharif Estimates 2021-22 data book (rice section).
Faisalabad,2020-21,Total Rice,42090,97200,2309,hectares,tonnes,kg/hectare,"Punjab Agriculture Department, Crop Reporting Service (CRS) - Kharif Crops Estimates 2021-22",http://www.amis.pk/Agristatistics/DistrictWise/District%20Wise%20Crop%20data%202021-22%20(1).pdf,6-10,Rice Crop (Final Estimate),Verified,Calculated,"Total = Basmati + Non-Basmati as printed for this district-season; yield = production*1000/area (kg/ha), calculated here rather than copying the book's own printed TOTAL yield line, so the arithmetic is independently checkable."
Faisalabad,2021-22,Basmati,38040,80160,2107,hectares,tonnes,kg/hectare,"Punjab Agriculture Department, Crop Reporting Service (CRS) - Kharif Crops Estimates 2021-22",http://www.amis.pk/Agristatistics/DistrictWise/District%20Wise%20Crop%20data%202021-22%20(1).pdf,6-10,Rice Crop (Final Estimate),Verified,Directly Reported,District-wise Basmati rice area/production/yield as printed in the CRS Kharif Estimates 2021-22 data book (rice section).
Faisalabad,2021-22,Non-Basmati,6880,16810,2443,hectares,tonnes,kg/hectare,"Punjab Agriculture Department, Crop Reporting Service (CRS) - Kharif Crops Estimates 2021-22",http://www.amis.pk/Agristatistics/DistrictWise/District%20Wise%20Crop%20data%202021-22%20(1).pdf,6-10,Rice Crop (Final Estimate),Verified,Directly Reported,District-wise Non-Basmati rice area/production/yield as printed in the CRS Kharif Estimates 2021-22 data book (rice section).
Faisalabad,2021-22,Total Rice,44920,96970,2159,hectares,tonnes,kg/hectare,"Punjab Agriculture Department, Crop Reporting Service (CRS) - Kharif Crops Estimates 2021-22",http://www.amis.pk/Agristatistics/DistrictWise/District%20Wise%20Crop%20data%202021-22%20(1).pdf,6-10,Rice Crop (Final Estimate),Verified,Calculated,"Total = Basmati + Non-Basmati as printed for this district-season; yield = production*1000/area (kg/ha), calculated here rather than copying the book's own printed TOTAL yield line, so the arithmetic is independently checkable."
Faisalabad,2022-23,Total Rice,32370,72600,2243,hectares,tonnes,kg/hectare,"Govt. of Pakistan, Ministry of National Food Security & Research (Economic Wing) - Crops Area & Production (District Wise) 2022-23",https://mnfsr.gov.pk/SiteImage/Downloads/Crops%20Area%20AND%20Production%20by%202022-23.pdf,4-6,Table No. 2 - Rice,Verified,Calculated,District-wise Total Rice area & production as printed in the federal MNFSR District-Wise publication (source line in that document: data supplied by the provincial Crop Reporting Services). Yield calculated as production*1000/area (kg/ha); not printed in this source.
Gujranwala,2020-21,Basmati,72840,136600,1875,hectares,tonnes,kg/hectare,"Punjab Agriculture Department, Crop Reporting Service (CRS) - Kharif Crops Estimates 2021-22",http://www.amis.pk/Agristatistics/DistrictWise/District%20Wise%20Crop%20data%202021-22%20(1).pdf,6-10,Rice Crop (Final Estimate),Verified,Directly Reported,District-wise Basmati rice area/production/yield as printed in the CRS Kharif Estimates 2021-22 data book (rice section).
Gujranwala,2020-21,Non-Basmati,189790,453600,2390,hectares,tonnes,kg/hectare,"Punjab Agriculture Department, Crop Reporting Service (CRS) - Kharif Crops Estimates 2021-22",http://www.amis.pk/Agristatistics/DistrictWise/District%20Wise%20Crop%20data%202021-22%20(1).pdf,6-10,Rice Crop (Final Estimate),Verified,Directly Reported,District-wise Non-Basmati rice area/production/yield as printed in the CRS Kharif Estimates 2021-22 data book (rice section).
Gujranwala,2020-21,Total Rice,262630,590200,2247,hectares,tonnes,kg/hectare,"Punjab Agriculture Department, Crop Reporting Service (CRS) - Kharif Crops Estimates 2021-22",http://www.amis.pk/Agristatistics/DistrictWise/District%20Wise%20Crop%20data%202021-22%20(1).pdf,6-10,Rice Crop (Final Estimate),Verified,Calculated,"Total = Basmati + Non-Basmati as printed for this district-season; yield = production*1000/area (kg/ha), calculated here rather than copying the book's own printed TOTAL yield line, so the arithmetic is independently checkable."
Gujranwala,2021-22,Basmati,69610,119560,1718,hectares,tonnes,kg/hectare,"Punjab Agriculture Department, Crop Reporting Service (CRS) - Kharif Crops Estimates 2021-22",http://www.amis.pk/Agristatistics/DistrictWise/District%20Wise%20Crop%20data%202021-22%20(1).pdf,6-10,Rice Crop (Final Estimate),Verified,Directly Reported,District-wise Basmati rice area/production/yield as printed in the CRS Kharif Estimates 2021-22 data book (rice section).
Gujranwala,2021-22,Non-Basmati,190600,444610,2333,hectares,tonnes,kg/hectare,"Punjab Agriculture Department, Crop Reporting Service (CRS) - Kharif Crops Estimates 2021-22",http://www.amis.pk/Agristatistics/DistrictWise/District%20Wise%20Crop%20data%202021-22%20(1).pdf,6-10,Rice Crop (Final Estimate),Verified,Directly Reported,District-wise Non-Basmati rice area/production/yield as printed in the CRS Kharif Estimates 2021-22 data book (rice section).
Gujranwala,2021-22,Total Rice,260210,564170,2168,hectares,tonnes,kg/hectare,"Punjab Agriculture Department, Crop Reporting Service (CRS) - Kharif Crops Estimates 2021-22",http://www.amis.pk/Agristatistics/DistrictWise/District%20Wise%20Crop%20data%202021-22%20(1).pdf,6-10,Rice Crop (Final Estimate),Verified,Calculated,"Total = Basmati + Non-Basmati as printed for this district-season; yield = production*1000/area (kg/ha), calculated here rather than copying the book's own printed TOTAL yield line, so the arithmetic is independently checkable."
Gujranwala,2022-23,Total Rice,258000,377040,1461,hectares,tonnes,kg/hectare,"Govt. of Pakistan, Ministry of National Food Security & Research (Economic Wing) - Crops Area & Production (District Wise) 2022-23",https://mnfsr.gov.pk/SiteImage/Downloads/Crops%20Area%20AND%20Production%20by%202022-23.pdf,4-6,Table No. 2 - Rice,Verified,Calculated,District-wise Total Rice area & production as printed in the federal MNFSR District-Wise publication (source line in that document: data supplied by the provincial Crop Reporting Services). Yield calculated as production*1000/area (kg/ha); not printed in this source.
Gujrat,2020-21,Basmati,42490,76900,1810,hectares,tonnes,kg/hectare,"Punjab Agriculture Department, Crop Reporting Service (CRS) - Kharif Crops Estimates 2021-22",http://www.amis.pk/Agristatistics/DistrictWise/District%20Wise%20Crop%20data%202021-22%20(1).pdf,6-10,Rice Crop (Final Estimate),Verified,Directly Reported,District-wise Basmati rice area/production/yield as printed in the CRS Kharif Estimates 2021-22 data book (rice section).
Gujrat,2020-21,Non-Basmati,2020,4600,2273,hectares,tonnes,kg/hectare,"Punjab Agriculture Department, Crop Reporting Service (CRS) - Kharif Crops Estimates 2021-22",http://www.amis.pk/Agristatistics/DistrictWise/District%20Wise%20Crop%20data%202021-22%20(1).pdf,6-10,Rice Crop (Final Estimate),Verified,Directly Reported,District-wise Non-Basmati rice area/production/yield as printed in the CRS Kharif Estimates 2021-22 data book (rice section).
Gujrat,2020-21,Total Rice,44510,81500,1831,hectares,tonnes,kg/hectare,"Punjab Agriculture Department, Crop Reporting Service (CRS) - Kharif Crops Estimates 2021-22",http://www.amis.pk/Agristatistics/DistrictWise/District%20Wise%20Crop%20data%202021-22%20(1).pdf,6-10,Rice Crop (Final Estimate),Verified,Calculated,"Total = Basmati + Non-Basmati as printed for this district-season; yield = production*1000/area (kg/ha), calculated here rather than copying the book's own printed TOTAL yield line, so the arithmetic is independently checkable."
Gujrat,2021-22,Basmati,33180,57720,1740,hectares,tonnes,kg/hectare,"Punjab Agriculture Department, Crop Reporting Service (CRS) - Kharif Crops Estimates 2021-22",http://www.amis.pk/Agristatistics/DistrictWise/District%20Wise%20Crop%20data%202021-22%20(1).pdf,6-10,Rice Crop (Final Estimate),Verified,Directly Reported,District-wise Basmati rice area/production/yield as printed in the CRS Kharif Estimates 2021-22 data book (rice section).
Gujrat,2021-22,Non-Basmati,5260,12770,2428,hectares,tonnes,kg/hectare,"Punjab Agriculture Department, Crop Reporting Service (CRS) - Kharif Crops Estimates 2021-22",http://www.amis.pk/Agristatistics/DistrictWise/District%20Wise%20Crop%20data%202021-22%20(1).pdf,6-10,Rice Crop (Final Estimate),Verified,Directly Reported,District-wise Non-Basmati rice area/production/yield as printed in the CRS Kharif Estimates 2021-22 data book (rice section).
Gujrat,2021-22,Total Rice,38440,70490,1834,hectares,tonnes,kg/hectare,"Punjab Agriculture Department, Crop Reporting Service (CRS) - Kharif Crops Estimates 2021-22",http://www.amis.pk/Agristatistics/DistrictWise/District%20Wise%20Crop%20data%202021-22%20(1).pdf,6-10,Rice Crop (Final Estimate),Verified,Calculated,"Total = Basmati + Non-Basmati as printed for this district-season; yield = production*1000/area (kg/ha), calculated here rather than copying the book's own printed TOTAL yield line, so the arithmetic is independently checkable."
Gujrat,2022-23,Total Rice,34810,64800,1862,hectares,tonnes,kg/hectare,"Govt. of Pakistan, Ministry of National Food Security & Research (Economic Wing) - Crops Area & Production (District Wise) 2022-23",https://mnfsr.gov.pk/SiteImage/Downloads/Crops%20Area%20AND%20Production%20by%202022-23.pdf,4-6,Table No. 2 - Rice,Verified,Calculated,District-wise Total Rice area & production as printed in the federal MNFSR District-Wise publication (source line in that document: data supplied by the provincial Crop Reporting Services). Yield calculated as production*1000/area (kg/ha); not printed in this source.
Hafizabad,2020-21,Basmati,123430,279300,2263,hectares,tonnes,kg/hectare,"Punjab Agriculture Department, Crop Reporting Service (CRS) - Kharif Crops Estimates 2021-22",http://www.amis.pk/Agristatistics/DistrictWise/District%20Wise%20Crop%20data%202021-22%20(1).pdf,6-10,Rice Crop (Final Estimate),Verified,Directly Reported,District-wise Basmati rice area/production/yield as printed in the CRS Kharif Estimates 2021-22 data book (rice section).
Hafizabad,2020-21,Non-Basmati,25900,62600,2417,hectares,tonnes,kg/hectare,"Punjab Agriculture Department, Crop Reporting Service (CRS) - Kharif Crops Estimates 2021-22",http://www.amis.pk/Agristatistics/DistrictWise/District%20Wise%20Crop%20data%202021-22%20(1).pdf,6-10,Rice Crop (Final Estimate),Verified,Directly Reported,District-wise Non-Basmati rice area/production/yield as printed in the CRS Kharif Estimates 2021-22 data book (rice section).
Hafizabad,2020-21,Total Rice,149330,341900,2290,hectares,tonnes,kg/hectare,"Punjab Agriculture Department, Crop Reporting Service (CRS) - Kharif Crops Estimates 2021-22",http://www.amis.pk/Agristatistics/DistrictWise/District%20Wise%20Crop%20data%202021-22%20(1).pdf,6-10,Rice Crop (Final Estimate),Verified,Calculated,"Total = Basmati + Non-Basmati as printed for this district-season; yield = production*1000/area (kg/ha), calculated here rather than copying the book's own printed TOTAL yield line, so the arithmetic is independently checkable."
Hafizabad,2021-22,Basmati,120590,282960,2347,hectares,tonnes,kg/hectare,"Punjab Agriculture Department, Crop Reporting Service (CRS) - Kharif Crops Estimates 2021-22",http://www.amis.pk/Agristatistics/DistrictWise/District%20Wise%20Crop%20data%202021-22%20(1).pdf,6-10,Rice Crop (Final Estimate),Verified,Directly Reported,District-wise Basmati rice area/production/yield as printed in the CRS Kharif Estimates 2021-22 data book (rice section).
Hafizabad,2021-22,Non-Basmati,30350,79170,2608,hectares,tonnes,kg/hectare,"Punjab Agriculture Department, Crop Reporting Service (CRS) - Kharif Crops Estimates 2021-22",http://www.amis.pk/Agristatistics/DistrictWise/District%20Wise%20Crop%20data%202021-22%20(1).pdf,6-10,Rice Crop (Final Estimate),Verified,Directly Reported,District-wise Non-Basmati rice area/production/yield as printed in the CRS Kharif Estimates 2021-22 data book (rice section).
Hafizabad,2021-22,Total Rice,150940,362130,2399,hectares,tonnes,kg/hectare,"Punjab Agriculture Department, Crop Reporting Service (CRS) - Kharif Crops Estimates 2021-22",http://www.amis.pk/Agristatistics/DistrictWise/District%20Wise%20Crop%20data%202021-22%20(1).pdf,6-10,Rice Crop (Final Estimate),Verified,Calculated,"Total = Basmati + Non-Basmati as printed for this district-season; yield = production*1000/area (kg/ha), calculated here rather than copying the book's own printed TOTAL yield line, so the arithmetic is independently checkable."
Hafizabad,2022-23,Total Rice,149000,138430,929,hectares,tonnes,kg/hectare,"Govt. of Pakistan, Ministry of National Food Security & Research (Economic Wing) - Crops Area & Production (District Wise) 2022-23",https://mnfsr.gov.pk/SiteImage/Downloads/Crops%20Area%20AND%20Production%20by%202022-23.pdf,4-6,Table No. 2 - Rice,Verified,Calculated,District-wise Total Rice area & production as printed in the federal MNFSR District-Wise publication (source line in that document: data supplied by the provincial Crop Reporting Services). Yield calculated as production*1000/area (kg/ha); not printed in this source.
Jhang,2020-21,Basmati,144870,322300,2225,hectares,tonnes,kg/hectare,"Punjab Agriculture Department, Crop Reporting Service (CRS) - Kharif Crops Estimates 2021-22",http://www.amis.pk/Agristatistics/DistrictWise/District%20Wise%20Crop%20data%202021-22%20(1).pdf,6-10,Rice Crop (Final Estimate),Verified,Directly Reported,District-wise Basmati rice area/production/yield as printed in the CRS Kharif Estimates 2021-22 data book (rice section).
Jhang,2020-21,Non-Basmati,5660,15100,2665,hectares,tonnes,kg/hectare,"Punjab Agriculture Department, Crop Reporting Service (CRS) - Kharif Crops Estimates 2021-22",http://www.amis.pk/Agristatistics/DistrictWise/District%20Wise%20Crop%20data%202021-22%20(1).pdf,6-10,Rice Crop (Final Estimate),Verified,Directly Reported,District-wise Non-Basmati rice area/production/yield as printed in the CRS Kharif Estimates 2021-22 data book (rice section).
Jhang,2020-21,Total Rice,150530,337400,2241,hectares,tonnes,kg/hectare,"Punjab Agriculture Department, Crop Reporting Service (CRS) - Kharif Crops Estimates 2021-22",http://www.amis.pk/Agristatistics/DistrictWise/District%20Wise%20Crop%20data%202021-22%20(1).pdf,6-10,Rice Crop (Final Estimate),Verified,Calculated,"Total = Basmati + Non-Basmati as printed for this district-season; yield = production*1000/area (kg/ha), calculated here rather than copying the book's own printed TOTAL yield line, so the arithmetic is independently checkable."
Jhang,2021-22,Basmati,154590,366600,2371,hectares,tonnes,kg/hectare,"Punjab Agriculture Department, Crop Reporting Service (CRS) - Kharif Crops Estimates 2021-22",http://www.amis.pk/Agristatistics/DistrictWise/District%20Wise%20Crop%20data%202021-22%20(1).pdf,6-10,Rice Crop (Final Estimate),Verified,Directly Reported,District-wise Basmati rice area/production/yield as printed in the CRS Kharif Estimates 2021-22 data book (rice section).
Jhang,2021-22,Non-Basmati,6480,18970,2930,hectares,tonnes,kg/hectare,"Punjab Agriculture Department, Crop Reporting Service (CRS) - Kharif Crops Estimates 2021-22",http://www.amis.pk/Agristatistics/DistrictWise/District%20Wise%20Crop%20data%202021-22%20(1).pdf,6-10,Rice Crop (Final Estimate),Verified,Directly Reported,District-wise Non-Basmati rice area/production/yield as printed in the CRS Kharif Estimates 2021-22 data book (rice section).
Jhang,2021-22,Total Rice,161070,385570,2394,hectares,tonnes,kg/hectare,"Punjab Agriculture Department, Crop Reporting Service (CRS) - Kharif Crops Estimates 2021-22",http://www.amis.pk/Agristatistics/DistrictWise/District%20Wise%20Crop%20data%202021-22%20(1).pdf,6-10,Rice Crop (Final Estimate),Verified,Calculated,"Total = Basmati + Non-Basmati as printed for this district-season; yield = production*1000/area (kg/ha), calculated here rather than copying the book's own printed TOTAL yield line, so the arithmetic is independently checkable."
Jhang,2022-23,Total Rice,146500,340170,2322,hectares,tonnes,kg/hectare,"Govt. of Pakistan, Ministry of National Food Security & Research (Economic Wing) - Crops Area & Production (District Wise) 2022-23",https://mnfsr.gov.pk/SiteImage/Downloads/Crops%20Area%20AND%20Production%20by%202022-23.pdf,4-6,Table No. 2 - Rice,Verified,Calculated,District-wise Total Rice area & production as printed in the federal MNFSR District-Wise publication (source line in that document: data supplied by the provincial Crop Reporting Services). Yield calculated as production*1000/area (kg/ha); not printed in this source.
Jhelum,2020-21,Basmati,2020,4700,2323,hectares,tonnes,kg/hectare,"Punjab Agriculture Department, Crop Reporting Service (CRS) - Kharif Crops Estimates 2021-22",http://www.amis.pk/Agristatistics/DistrictWise/District%20Wise%20Crop%20data%202021-22%20(1).pdf,6-10,Rice Crop (Final Estimate),Verified,Directly Reported,District-wise Basmati rice area/production/yield as printed in the CRS Kharif Estimates 2021-22 data book (rice section).
Jhelum,2020-21,Total Rice,2020,4700,2327,hectares,tonnes,kg/hectare,"Punjab Agriculture Department, Crop Reporting Service (CRS) - Kharif Crops Estimates 2021-22",http://www.amis.pk/Agristatistics/DistrictWise/District%20Wise%20Crop%20data%202021-22%20(1).pdf,6-10,Rice Crop (Final Estimate),Verified,Calculated,"Total = Basmati + Non-Basmati as printed for this district-season; yield = production*1000/area (kg/ha), calculated here rather than copying the book's own printed TOTAL yield line, so the arithmetic is independently checkable."
Jhelum,2021-22,Basmati,400,970,2397,hectares,tonnes,kg/hectare,"Punjab Agriculture Department, Crop Reporting Service (CRS) - Kharif Crops Estimates 2021-22",http://www.amis.pk/Agristatistics/DistrictWise/District%20Wise%20Crop%20data%202021-22%20(1).pdf,6-10,Rice Crop (Final Estimate),Verified,Directly Reported,District-wise Basmati rice area/production/yield as printed in the CRS Kharif Estimates 2021-22 data book (rice section).
Jhelum,2021-22,Total Rice,400,970,2425,hectares,tonnes,kg/hectare,"Punjab Agriculture Department, Crop Reporting Service (CRS) - Kharif Crops Estimates 2021-22",http://www.amis.pk/Agristatistics/DistrictWise/District%20Wise%20Crop%20data%202021-22%20(1).pdf,6-10,Rice Crop (Final Estimate),Verified,Calculated,"Total = Basmati + Non-Basmati as printed for this district-season; yield = production*1000/area (kg/ha), calculated here rather than copying the book's own printed TOTAL yield line, so the arithmetic is independently checkable."
Jhelum,2022-23,Total Rice,2430,4830,1988,hectares,tonnes,kg/hectare,"Govt. of Pakistan, Ministry of National Food Security & Research (Economic Wing) - Crops Area & Production (District Wise) 2022-23",https://mnfsr.gov.pk/SiteImage/Downloads/Crops%20Area%20AND%20Production%20by%202022-23.pdf,4-6,Table No. 2 - Rice,Verified,Calculated,District-wise Total Rice area & production as printed in the federal MNFSR District-Wise publication (source line in that document: data supplied by the provincial Crop Reporting Services). Yield calculated as production*1000/area (kg/ha); not printed in this source.
Kasur,2020-21,Basmati,34400,63900,1857,hectares,tonnes,kg/hectare,"Punjab Agriculture Department, Crop Reporting Service (CRS) - Kharif Crops Estimates 2021-22",http://www.amis.pk/Agristatistics/DistrictWise/District%20Wise%20Crop%20data%202021-22%20(1).pdf,6-10,Rice Crop (Final Estimate),Verified,Directly Reported,District-wise Basmati rice area/production/yield as printed in the CRS Kharif Estimates 2021-22 data book (rice section).
Kasur,2020-21,Non-Basmati,48560,119700,2465,hectares,tonnes,kg/hectare,"Punjab Agriculture Department, Crop Reporting Service (CRS) - Kharif Crops Estimates 2021-22",http://www.amis.pk/Agristatistics/DistrictWise/District%20Wise%20Crop%20data%202021-22%20(1).pdf,6-10,Rice Crop (Final Estimate),Verified,Directly Reported,District-wise Non-Basmati rice area/production/yield as printed in the CRS Kharif Estimates 2021-22 data book (rice section).
Kasur,2020-21,Total Rice,82960,183600,2213,hectares,tonnes,kg/hectare,"Punjab Agriculture Department, Crop Reporting Service (CRS) - Kharif Crops Estimates 2021-22",http://www.amis.pk/Agristatistics/DistrictWise/District%20Wise%20Crop%20data%202021-22%20(1).pdf,6-10,Rice Crop (Final Estimate),Verified,Calculated,"Total = Basmati + Non-Basmati as printed for this district-season; yield = production*1000/area (kg/ha), calculated here rather than copying the book's own printed TOTAL yield line, so the arithmetic is independently checkable."
Kasur,2021-22,Basmati,22660,41870,1847,hectares,tonnes,kg/hectare,"Punjab Agriculture Department, Crop Reporting Service (CRS) - Kharif Crops Estimates 2021-22",http://www.amis.pk/Agristatistics/DistrictWise/District%20Wise%20Crop%20data%202021-22%20(1).pdf,6-10,Rice Crop (Final Estimate),Verified,Directly Reported,District-wise Basmati rice area/production/yield as printed in the CRS Kharif Estimates 2021-22 data book (rice section).
Kasur,2021-22,Non-Basmati,77290,183590,2375,hectares,tonnes,kg/hectare,"Punjab Agriculture Department, Crop Reporting Service (CRS) - Kharif Crops Estimates 2021-22",http://www.amis.pk/Agristatistics/DistrictWise/District%20Wise%20Crop%20data%202021-22%20(1).pdf,6-10,Rice Crop (Final Estimate),Verified,Directly Reported,District-wise Non-Basmati rice area/production/yield as printed in the CRS Kharif Estimates 2021-22 data book (rice section).
Kasur,2021-22,Total Rice,99950,225460,2256,hectares,tonnes,kg/hectare,"Punjab Agriculture Department, Crop Reporting Service (CRS) - Kharif Crops Estimates 2021-22",http://www.amis.pk/Agristatistics/DistrictWise/District%20Wise%20Crop%20data%202021-22%20(1).pdf,6-10,Rice Crop (Final Estimate),Verified,Calculated,"Total = Basmati + Non-Basmati as printed for this district-season; yield = production*1000/area (kg/ha), calculated here rather than copying the book's own printed TOTAL yield line, so the arithmetic is independently checkable."
Kasur,2022-23,Total Rice,79000,190010,2405,hectares,tonnes,kg/hectare,"Govt. of Pakistan, Ministry of National Food Security & Research (Economic Wing) - Crops Area & Production (District Wise) 2022-23",https://mnfsr.gov.pk/SiteImage/Downloads/Crops%20Area%20AND%20Production%20by%202022-23.pdf,4-6,Table No. 2 - Rice,Verified,Calculated,District-wise Total Rice area & production as printed in the federal MNFSR District-Wise publication (source line in that document: data supplied by the provincial Crop Reporting Services). Yield calculated as production*1000/area (kg/ha); not printed in this source.
Khanewal,2020-21,Basmati,52610,108100,2055,hectares,tonnes,kg/hectare,"Punjab Agriculture Department, Crop Reporting Service (CRS) - Kharif Crops Estimates 2021-22",http://www.amis.pk/Agristatistics/DistrictWise/District%20Wise%20Crop%20data%202021-22%20(1).pdf,6-10,Rice Crop (Final Estimate),Verified,Directly Reported,District-wise Basmati rice area/production/yield as printed in the CRS Kharif Estimates 2021-22 data book (rice section).
Khanewal,2020-21,Total Rice,52610,108100,2055,hectares,tonnes,kg/hectare,"Punjab Agriculture Department, Crop Reporting Service (CRS) - Kharif Crops Estimates 2021-22",http://www.amis.pk/Agristatistics/DistrictWise/District%20Wise%20Crop%20data%202021-22%20(1).pdf,6-10,Rice Crop (Final Estimate),Verified,Calculated,"Total = Basmati + Non-Basmati as printed for this district-season; yield = production*1000/area (kg/ha), calculated here rather than copying the book's own printed TOTAL yield line, so the arithmetic is independently checkable."
Khanewal,2021-22,Basmati,66770,138620,2076,hectares,tonnes,kg/hectare,"Punjab Agriculture Department, Crop Reporting Service (CRS) - Kharif Crops Estimates 2021-22",http://www.amis.pk/Agristatistics/DistrictWise/District%20Wise%20Crop%20data%202021-22%20(1).pdf,6-10,Rice Crop (Final Estimate),Verified,Directly Reported,District-wise Basmati rice area/production/yield as printed in the CRS Kharif Estimates 2021-22 data book (rice section).
Khanewal,2021-22,Non-Basmati,12550,49320,3931,hectares,tonnes,kg/hectare,"Punjab Agriculture Department, Crop Reporting Service (CRS) - Kharif Crops Estimates 2021-22",http://www.amis.pk/Agristatistics/DistrictWise/District%20Wise%20Crop%20data%202021-22%20(1).pdf,6-10,Rice Crop (Final Estimate),Verified,Directly Reported,District-wise Non-Basmati rice area/production/yield as printed in the CRS Kharif Estimates 2021-22 data book (rice section).
Khanewal,2021-22,Total Rice,79320,187940,2369,hectares,tonnes,kg/hectare,"Punjab Agriculture Department, Crop Reporting Service (CRS) - Kharif Crops Estimates 2021-22",http://www.amis.pk/Agristatistics/DistrictWise/District%20Wise%20Crop%20data%202021-22%20(1).pdf,6-10,Rice Crop (Final Estimate),Verified,Calculated,"Total = Basmati + Non-Basmati as printed for this district-season; yield = production*1000/area (kg/ha), calculated here rather than copying the book's own printed TOTAL yield line, so the arithmetic is independently checkable."
Khanewal,2022-23,Total Rice,45730,112580,2462,hectares,tonnes,kg/hectare,"Govt. of Pakistan, Ministry of National Food Security & Research (Economic Wing) - Crops Area & Production (District Wise) 2022-23",https://mnfsr.gov.pk/SiteImage/Downloads/Crops%20Area%20AND%20Production%20by%202022-23.pdf,4-6,Table No. 2 - Rice,Verified,Calculated,District-wise Total Rice area & production as printed in the federal MNFSR District-Wise publication (source line in that document: data supplied by the provincial Crop Reporting Services). Yield calculated as production*1000/area (kg/ha); not printed in this source.
Khushab,2020-21,Basmati,25900,47900,1849,hectares,tonnes,kg/hectare,"Punjab Agriculture Department, Crop Reporting Service (CRS) - Kharif Crops Estimates 2021-22",http://www.amis.pk/Agristatistics/DistrictWise/District%20Wise%20Crop%20data%202021-22%20(1).pdf,6-10,Rice Crop (Final Estimate),Verified,Directly Reported,District-wise Basmati rice area/production/yield as printed in the CRS Kharif Estimates 2021-22 data book (rice section).
Khushab,2020-21,Total Rice,25900,47900,1849,hectares,tonnes,kg/hectare,"Punjab Agriculture Department, Crop Reporting Service (CRS) - Kharif Crops Estimates 2021-22",http://www.amis.pk/Agristatistics/DistrictWise/District%20Wise%20Crop%20data%202021-22%20(1).pdf,6-10,Rice Crop (Final Estimate),Verified,Calculated,"Total = Basmati + Non-Basmati as printed for this district-season; yield = production*1000/area (kg/ha), calculated here rather than copying the book's own printed TOTAL yield line, so the arithmetic is independently checkable."
Khushab,2021-22,Basmati,25500,50860,1995,hectares,tonnes,kg/hectare,"Punjab Agriculture Department, Crop Reporting Service (CRS) - Kharif Crops Estimates 2021-22",http://www.amis.pk/Agristatistics/DistrictWise/District%20Wise%20Crop%20data%202021-22%20(1).pdf,6-10,Rice Crop (Final Estimate),Verified,Directly Reported,District-wise Basmati rice area/production/yield as printed in the CRS Kharif Estimates 2021-22 data book (rice section).
Khushab,2021-22,Total Rice,25500,50860,1995,hectares,tonnes,kg/hectare,"Punjab Agriculture Department, Crop Reporting Service (CRS) - Kharif Crops Estimates 2021-22",http://www.amis.pk/Agristatistics/DistrictWise/District%20Wise%20Crop%20data%202021-22%20(1).pdf,6-10,Rice Crop (Final Estimate),Verified,Calculated,"Total = Basmati + Non-Basmati as printed for this district-season; yield = production*1000/area (kg/ha), calculated here rather than copying the book's own printed TOTAL yield line, so the arithmetic is independently checkable."
Khushab,2022-23,Total Rice,24680,44410,1799,hectares,tonnes,kg/hectare,"Govt. of Pakistan, Ministry of National Food Security & Research (Economic Wing) - Crops Area & Production (District Wise) 2022-23",https://mnfsr.gov.pk/SiteImage/Downloads/Crops%20Area%20AND%20Production%20by%202022-23.pdf,4-6,Table No. 2 - Rice,Verified,Calculated,District-wise Total Rice area & production as printed in the federal MNFSR District-Wise publication (source line in that document: data supplied by the provincial Crop Reporting Services). Yield calculated as production*1000/area (kg/ha); not printed in this source.
Lahore,2020-21,Basmati,21040,47100,2238,hectares,tonnes,kg/hectare,"Punjab Agriculture Department, Crop Reporting Service (CRS) - Kharif Crops Estimates 2021-22",http://www.amis.pk/Agristatistics/DistrictWise/District%20Wise%20Crop%20data%202021-22%20(1).pdf,6-10,Rice Crop (Final Estimate),Verified,Directly Reported,District-wise Basmati rice area/production/yield as printed in the CRS Kharif Estimates 2021-22 data book (rice section).
Lahore,2020-21,Non-Basmati,8100,21600,2669,hectares,tonnes,kg/hectare,"Punjab Agriculture Department, Crop Reporting Service (CRS) - Kharif Crops Estimates 2021-22",http://www.amis.pk/Agristatistics/DistrictWise/District%20Wise%20Crop%20data%202021-22%20(1).pdf,6-10,Rice Crop (Final Estimate),Verified,Directly Reported,District-wise Non-Basmati rice area/production/yield as printed in the CRS Kharif Estimates 2021-22 data book (rice section).
Lahore,2020-21,Total Rice,29140,68700,2358,hectares,tonnes,kg/hectare,"Punjab Agriculture Department, Crop Reporting Service (CRS) - Kharif Crops Estimates 2021-22",http://www.amis.pk/Agristatistics/DistrictWise/District%20Wise%20Crop%20data%202021-22%20(1).pdf,6-10,Rice Crop (Final Estimate),Verified,Calculated,"Total = Basmati + Non-Basmati as printed for this district-season; yield = production*1000/area (kg/ha), calculated here rather than copying the book's own printed TOTAL yield line, so the arithmetic is independently checkable."
Lahore,2021-22,Basmati,20640,38210,1851,hectares,tonnes,kg/hectare,"Punjab Agriculture Department, Crop Reporting Service (CRS) - Kharif Crops Estimates 2021-22",http://www.amis.pk/Agristatistics/DistrictWise/District%20Wise%20Crop%20data%202021-22%20(1).pdf,6-10,Rice Crop (Final Estimate),Verified,Directly Reported,District-wise Basmati rice area/production/yield as printed in the CRS Kharif Estimates 2021-22 data book (rice section).
Lahore,2021-22,Non-Basmati,11740,30000,2556,hectares,tonnes,kg/hectare,"Punjab Agriculture Department, Crop Reporting Service (CRS) - Kharif Crops Estimates 2021-22",http://www.amis.pk/Agristatistics/DistrictWise/District%20Wise%20Crop%20data%202021-22%20(1).pdf,6-10,Rice Crop (Final Estimate),Verified,Directly Reported,District-wise Non-Basmati rice area/production/yield as printed in the CRS Kharif Estimates 2021-22 data book (rice section).
Lahore,2021-22,Total Rice,32380,68210,2107,hectares,tonnes,kg/hectare,"Punjab Agriculture Department, Crop Reporting Service (CRS) - Kharif Crops Estimates 2021-22",http://www.amis.pk/Agristatistics/DistrictWise/District%20Wise%20Crop%20data%202021-22%20(1).pdf,6-10,Rice Crop (Final Estimate),Verified,Calculated,"Total = Basmati + Non-Basmati as printed for this district-season; yield = production*1000/area (kg/ha), calculated here rather than copying the book's own printed TOTAL yield line, so the arithmetic is independently checkable."
Lahore,2022-23,Total Rice,24680,52760,2138,hectares,tonnes,kg/hectare,"Govt. of Pakistan, Ministry of National Food Security & Research (Economic Wing) - Crops Area & Production (District Wise) 2022-23",https://mnfsr.gov.pk/SiteImage/Downloads/Crops%20Area%20AND%20Production%20by%202022-23.pdf,4-6,Table No. 2 - Rice,Verified,Calculated,District-wise Total Rice area & production as printed in the federal MNFSR District-Wise publication (source line in that document: data supplied by the provincial Crop Reporting Services). Yield calculated as production*1000/area (kg/ha); not printed in this source.
Layyah,2020-21,Basmati,14160,28700,2026,hectares,tonnes,kg/hectare,"Punjab Agriculture Department, Crop Reporting Service (CRS) - Kharif Crops Estimates 2021-22",http://www.amis.pk/Agristatistics/DistrictWise/District%20Wise%20Crop%20data%202021-22%20(1).pdf,6-10,Rice Crop (Final Estimate),Verified,Directly Reported,District-wise Basmati rice area/production/yield as printed in the CRS Kharif Estimates 2021-22 data book (rice section).
Layyah,2020-21,Total Rice,14160,28700,2027,hectares,tonnes,kg/hectare,"Punjab Agriculture Department, Crop Reporting Service (CRS) - Kharif Crops Estimates 2021-22",http://www.amis.pk/Agristatistics/DistrictWise/District%20Wise%20Crop%20data%202021-22%20(1).pdf,6-10,Rice Crop (Final Estimate),Verified,Calculated,"Total = Basmati + Non-Basmati as printed for this district-season; yield = production*1000/area (kg/ha), calculated here rather than copying the book's own printed TOTAL yield line, so the arithmetic is independently checkable."
Layyah,2021-22,Basmati,5670,12620,2228,hectares,tonnes,kg/hectare,"Punjab Agriculture Department, Crop Reporting Service (CRS) - Kharif Crops Estimates 2021-22",http://www.amis.pk/Agristatistics/DistrictWise/District%20Wise%20Crop%20data%202021-22%20(1).pdf,6-10,Rice Crop (Final Estimate),Verified,Directly Reported,District-wise Basmati rice area/production/yield as printed in the CRS Kharif Estimates 2021-22 data book (rice section).
Layyah,2021-22,Total Rice,5670,12620,2226,hectares,tonnes,kg/hectare,"Punjab Agriculture Department, Crop Reporting Service (CRS) - Kharif Crops Estimates 2021-22",http://www.amis.pk/Agristatistics/DistrictWise/District%20Wise%20Crop%20data%202021-22%20(1).pdf,6-10,Rice Crop (Final Estimate),Verified,Calculated,"Total = Basmati + Non-Basmati as printed for this district-season; yield = production*1000/area (kg/ha), calculated here rather than copying the book's own printed TOTAL yield line, so the arithmetic is independently checkable."
Layyah,2022-23,Total Rice,810,1600,1975,hectares,tonnes,kg/hectare,"Govt. of Pakistan, Ministry of National Food Security & Research (Economic Wing) - Crops Area & Production (District Wise) 2022-23",https://mnfsr.gov.pk/SiteImage/Downloads/Crops%20Area%20AND%20Production%20by%202022-23.pdf,4-6,Table No. 2 - Rice,Verified,Calculated,District-wise Total Rice area & production as printed in the federal MNFSR District-Wise publication (source line in that document: data supplied by the provincial Crop Reporting Services). Yield calculated as production*1000/area (kg/ha); not printed in this source.
Lodhran,2020-21,Basmati,23470,54000,2301,hectares,tonnes,kg/hectare,"Punjab Agriculture Department, Crop Reporting Service (CRS) - Kharif Crops Estimates 2021-22",http://www.amis.pk/Agristatistics/DistrictWise/District%20Wise%20Crop%20data%202021-22%20(1).pdf,6-10,Rice Crop (Final Estimate),Verified,Directly Reported,District-wise Basmati rice area/production/yield as printed in the CRS Kharif Estimates 2021-22 data book (rice section).
Lodhran,2020-21,Total Rice,23470,54000,2301,hectares,tonnes,kg/hectare,"Punjab Agriculture Department, Crop Reporting Service (CRS) - Kharif Crops Estimates 2021-22",http://www.amis.pk/Agristatistics/DistrictWise/District%20Wise%20Crop%20data%202021-22%20(1).pdf,6-10,Rice Crop (Final Estimate),Verified,Calculated,"Total = Basmati + Non-Basmati as printed for this district-season; yield = production*1000/area (kg/ha), calculated here rather than copying the book's own printed TOTAL yield line, so the arithmetic is independently checkable."
Lodhran,2021-22,Basmati,21850,36690,1679,hectares,tonnes,kg/hectare,"Punjab Agriculture Department, Crop Reporting Service (CRS) - Kharif Crops Estimates 2021-22",http://www.amis.pk/Agristatistics/DistrictWise/District%20Wise%20Crop%20data%202021-22%20(1).pdf,6-10,Rice Crop (Final Estimate),Verified,Directly Reported,District-wise Basmati rice area/production/yield as printed in the CRS Kharif Estimates 2021-22 data book (rice section).
Lodhran,2021-22,Non-Basmati,7280,20280,2784,hectares,tonnes,kg/hectare,"Punjab Agriculture Department, Crop Reporting Service (CRS) - Kharif Crops Estimates 2021-22",http://www.amis.pk/Agristatistics/DistrictWise/District%20Wise%20Crop%20data%202021-22%20(1).pdf,6-10,Rice Crop (Final Estimate),Verified,Directly Reported,District-wise Non-Basmati rice area/production/yield as printed in the CRS Kharif Estimates 2021-22 data book (rice section).
Lodhran,2021-22,Total Rice,29130,56970,1956,hectares,tonnes,kg/hectare,"Punjab Agriculture Department, Crop Reporting Service (CRS) - Kharif Crops Estimates 2021-22",http://www.amis.pk/Agristatistics/DistrictWise/District%20Wise%20Crop%20data%202021-22%20(1).pdf,6-10,Rice Crop (Final Estimate),Verified,Calculated,"Total = Basmati + Non-Basmati as printed for this district-season; yield = production*1000/area (kg/ha), calculated here rather than copying the book's own printed TOTAL yield line, so the arithmetic is independently checkable."
Lodhran,2022-23,Total Rice,10920,24340,2229,hectares,tonnes,kg/hectare,"Govt. of Pakistan, Ministry of National Food Security & Research (Economic Wing) - Crops Area & Production (District Wise) 2022-23",https://mnfsr.gov.pk/SiteImage/Downloads/Crops%20Area%20AND%20Production%20by%202022-23.pdf,4-6,Table No. 2 - Rice,Verified,Calculated,District-wise Total Rice area & production as printed in the federal MNFSR District-Wise publication (source line in that document: data supplied by the provincial Crop Reporting Services). Yield calculated as production*1000/area (kg/ha); not printed in this source.
Mandi Bahauddin,2020-21,Basmati,80940,166100,2052,hectares,tonnes,kg/hectare,"Punjab Agriculture Department, Crop Reporting Service (CRS) - Kharif Crops Estimates 2021-22",http://www.amis.pk/Agristatistics/DistrictWise/District%20Wise%20Crop%20data%202021-22%20(1).pdf,6-10,Rice Crop (Final Estimate),Verified,Directly Reported,District-wise Basmati rice area/production/yield as printed in the CRS Kharif Estimates 2021-22 data book (rice section).
Mandi Bahauddin,2020-21,Non-Basmati,16190,39500,2440,hectares,tonnes,kg/hectare,"Punjab Agriculture Department, Crop Reporting Service (CRS) - Kharif Crops Estimates 2021-22",http://www.amis.pk/Agristatistics/DistrictWise/District%20Wise%20Crop%20data%202021-22%20(1).pdf,6-10,Rice Crop (Final Estimate),Verified,Directly Reported,District-wise Non-Basmati rice area/production/yield as printed in the CRS Kharif Estimates 2021-22 data book (rice section).
Mandi Bahauddin,2020-21,Total Rice,97130,205600,2117,hectares,tonnes,kg/hectare,"Punjab Agriculture Department, Crop Reporting Service (CRS) - Kharif Crops Estimates 2021-22",http://www.amis.pk/Agristatistics/DistrictWise/District%20Wise%20Crop%20data%202021-22%20(1).pdf,6-10,Rice Crop (Final Estimate),Verified,Calculated,"Total = Basmati + Non-Basmati as printed for this district-season; yield = production*1000/area (kg/ha), calculated here rather than copying the book's own printed TOTAL yield line, so the arithmetic is independently checkable."
Mandi Bahauddin,2021-22,Basmati,69610,140940,2025,hectares,tonnes,kg/hectare,"Punjab Agriculture Department, Crop Reporting Service (CRS) - Kharif Crops Estimates 2021-22",http://www.amis.pk/Agristatistics/DistrictWise/District%20Wise%20Crop%20data%202021-22%20(1).pdf,6-10,Rice Crop (Final Estimate),Verified,Directly Reported,District-wise Basmati rice area/production/yield as printed in the CRS Kharif Estimates 2021-22 data book (rice section).
Mandi Bahauddin,2021-22,Non-Basmati,24690,65060,2635,hectares,tonnes,kg/hectare,"Punjab Agriculture Department, Crop Reporting Service (CRS) - Kharif Crops Estimates 2021-22",http://www.amis.pk/Agristatistics/DistrictWise/District%20Wise%20Crop%20data%202021-22%20(1).pdf,6-10,Rice Crop (Final Estimate),Verified,Directly Reported,District-wise Non-Basmati rice area/production/yield as printed in the CRS Kharif Estimates 2021-22 data book (rice section).
Mandi Bahauddin,2021-22,Total Rice,94300,206000,2185,hectares,tonnes,kg/hectare,"Punjab Agriculture Department, Crop Reporting Service (CRS) - Kharif Crops Estimates 2021-22",http://www.amis.pk/Agristatistics/DistrictWise/District%20Wise%20Crop%20data%202021-22%20(1).pdf,6-10,Rice Crop (Final Estimate),Verified,Calculated,"Total = Basmati + Non-Basmati as printed for this district-season; yield = production*1000/area (kg/ha), calculated here rather than copying the book's own printed TOTAL yield line, so the arithmetic is independently checkable."
Mandi Bahauddin,2022-23,Total Rice,83770,178690,2133,hectares,tonnes,kg/hectare,"Govt. of Pakistan, Ministry of National Food Security & Research (Economic Wing) - Crops Area & Production (District Wise) 2022-23",https://mnfsr.gov.pk/SiteImage/Downloads/Crops%20Area%20AND%20Production%20by%202022-23.pdf,4-6,Table No. 2 - Rice,Verified,Calculated,District-wise Total Rice area & production as printed in the federal MNFSR District-Wise publication (source line in that document: data supplied by the provincial Crop Reporting Services). Yield calculated as production*1000/area (kg/ha); not printed in this source.
Mianwali,2020-21,Basmati,5260,12700,2414,hectares,tonnes,kg/hectare,"Punjab Agriculture Department, Crop Reporting Service (CRS) - Kharif Crops Estimates 2021-22",http://www.amis.pk/Agristatistics/DistrictWise/District%20Wise%20Crop%20data%202021-22%20(1).pdf,6-10,Rice Crop (Final Estimate),Verified,Directly Reported,District-wise Basmati rice area/production/yield as printed in the CRS Kharif Estimates 2021-22 data book (rice section).
Mianwali,2020-21,Total Rice,5260,12700,2414,hectares,tonnes,kg/hectare,"Punjab Agriculture Department, Crop Reporting Service (CRS) - Kharif Crops Estimates 2021-22",http://www.amis.pk/Agristatistics/DistrictWise/District%20Wise%20Crop%20data%202021-22%20(1).pdf,6-10,Rice Crop (Final Estimate),Verified,Calculated,"Total = Basmati + Non-Basmati as printed for this district-season; yield = production*1000/area (kg/ha), calculated here rather than copying the book's own printed TOTAL yield line, so the arithmetic is independently checkable."
Mianwali,2021-22,Basmati,5260,13140,2498,hectares,tonnes,kg/hectare,"Punjab Agriculture Department, Crop Reporting Service (CRS) - Kharif Crops Estimates 2021-22",http://www.amis.pk/Agristatistics/DistrictWise/District%20Wise%20Crop%20data%202021-22%20(1).pdf,6-10,Rice Crop (Final Estimate),Verified,Directly Reported,District-wise Basmati rice area/production/yield as printed in the CRS Kharif Estimates 2021-22 data book (rice section).
Mianwali,2021-22,Total Rice,5260,13140,2498,hectares,tonnes,kg/hectare,"Punjab Agriculture Department, Crop Reporting Service (CRS) - Kharif Crops Estimates 2021-22",http://www.amis.pk/Agristatistics/DistrictWise/District%20Wise%20Crop%20data%202021-22%20(1).pdf,6-10,Rice Crop (Final Estimate),Verified,Calculated,"Total = Basmati + Non-Basmati as printed for this district-season; yield = production*1000/area (kg/ha), calculated here rather than copying the book's own printed TOTAL yield line, so the arithmetic is independently checkable."
Mianwali,2022-23,Total Rice,3240,8470,2614,hectares,tonnes,kg/hectare,"Govt. of Pakistan, Ministry of National Food Security & Research (Economic Wing) - Crops Area & Production (District Wise) 2022-23",https://mnfsr.gov.pk/SiteImage/Downloads/Crops%20Area%20AND%20Production%20by%202022-23.pdf,4-6,Table No. 2 - Rice,Verified,Calculated,District-wise Total Rice area & production as printed in the federal MNFSR District-Wise publication (source line in that document: data supplied by the provincial Crop Reporting Services). Yield calculated as production*1000/area (kg/ha); not printed in this source.
Multan,2020-21,Basmati,26300,54500,2072,hectares,tonnes,kg/hectare,"Punjab Agriculture Department, Crop Reporting Service (CRS) - Kharif Crops Estimates 2021-22",http://www.amis.pk/Agristatistics/DistrictWise/District%20Wise%20Crop%20data%202021-22%20(1).pdf,6-10,Rice Crop (Final Estimate),Verified,Directly Reported,District-wise Basmati rice area/production/yield as printed in the CRS Kharif Estimates 2021-22 data book (rice section).
Multan,2020-21,Non-Basmati,2020,5400,2669,hectares,tonnes,kg/hectare,"Punjab Agriculture Department, Crop Reporting Service (CRS) - Kharif Crops Estimates 2021-22",http://www.amis.pk/Agristatistics/DistrictWise/District%20Wise%20Crop%20data%202021-22%20(1).pdf,6-10,Rice Crop (Final Estimate),Verified,Directly Reported,District-wise Non-Basmati rice area/production/yield as printed in the CRS Kharif Estimates 2021-22 data book (rice section).
Multan,2020-21,Total Rice,28320,59900,2115,hectares,tonnes,kg/hectare,"Punjab Agriculture Department, Crop Reporting Service (CRS) - Kharif Crops Estimates 2021-22",http://www.amis.pk/Agristatistics/DistrictWise/District%20Wise%20Crop%20data%202021-22%20(1).pdf,6-10,Rice Crop (Final Estimate),Verified,Calculated,"Total = Basmati + Non-Basmati as printed for this district-season; yield = production*1000/area (kg/ha), calculated here rather than copying the book's own printed TOTAL yield line, so the arithmetic is independently checkable."
Multan,2021-22,Basmati,24690,47040,1906,hectares,tonnes,kg/hectare,"Punjab Agriculture Department, Crop Reporting Service (CRS) - Kharif Crops Estimates 2021-22",http://www.amis.pk/Agristatistics/DistrictWise/District%20Wise%20Crop%20data%202021-22%20(1).pdf,6-10,Rice Crop (Final Estimate),Verified,Directly Reported,District-wise Basmati rice area/production/yield as printed in the CRS Kharif Estimates 2021-22 data book (rice section).
Multan,2021-22,Non-Basmati,9710,26640,2743,hectares,tonnes,kg/hectare,"Punjab Agriculture Department, Crop Reporting Service (CRS) - Kharif Crops Estimates 2021-22",http://www.amis.pk/Agristatistics/DistrictWise/District%20Wise%20Crop%20data%202021-22%20(1).pdf,6-10,Rice Crop (Final Estimate),Verified,Directly Reported,District-wise Non-Basmati rice area/production/yield as printed in the CRS Kharif Estimates 2021-22 data book (rice section).
Multan,2021-22,Total Rice,34400,73680,2142,hectares,tonnes,kg/hectare,"Punjab Agriculture Department, Crop Reporting Service (CRS) - Kharif Crops Estimates 2021-22",http://www.amis.pk/Agristatistics/DistrictWise/District%20Wise%20Crop%20data%202021-22%20(1).pdf,6-10,Rice Crop (Final Estimate),Verified,Calculated,"Total = Basmati + Non-Basmati as printed for this district-season; yield = production*1000/area (kg/ha), calculated here rather than copying the book's own printed TOTAL yield line, so the arithmetic is independently checkable."
Multan,2022-23,Total Rice,29950,68740,2295,hectares,tonnes,kg/hectare,"Govt. of Pakistan, Ministry of National Food Security & Research (Economic Wing) - Crops Area & Production (District Wise) 2022-23",https://mnfsr.gov.pk/SiteImage/Downloads/Crops%20Area%20AND%20Production%20by%202022-23.pdf,4-6,Table No. 2 - Rice,Verified,Calculated,District-wise Total Rice area & production as printed in the federal MNFSR District-Wise publication (source line in that document: data supplied by the provincial Crop Reporting Services). Yield calculated as production*1000/area (kg/ha); not printed in this source.
Muzaffargarh,2020-21,Basmati,34400,64400,1872,hectares,tonnes,kg/hectare,"Punjab Agriculture Department, Crop Reporting Service (CRS) - Kharif Crops Estimates 2021-22",http://www.amis.pk/Agristatistics/DistrictWise/District%20Wise%20Crop%20data%202021-22%20(1).pdf,6-10,Rice Crop (Final Estimate),Verified,Directly Reported,District-wise Basmati rice area/production/yield as printed in the CRS Kharif Estimates 2021-22 data book (rice section).
Muzaffargarh,2020-21,Non-Basmati,12140,25900,2133,hectares,tonnes,kg/hectare,"Punjab Agriculture Department, Crop Reporting Service (CRS) - Kharif Crops Estimates 2021-22",http://www.amis.pk/Agristatistics/DistrictWise/District%20Wise%20Crop%20data%202021-22%20(1).pdf,6-10,Rice Crop (Final Estimate),Verified,Directly Reported,District-wise Non-Basmati rice area/production/yield as printed in the CRS Kharif Estimates 2021-22 data book (rice section).
Muzaffargarh,2020-21,Total Rice,46540,90300,1940,hectares,tonnes,kg/hectare,"Punjab Agriculture Department, Crop Reporting Service (CRS) - Kharif Crops Estimates 2021-22",http://www.amis.pk/Agristatistics/DistrictWise/District%20Wise%20Crop%20data%202021-22%20(1).pdf,6-10,Rice Crop (Final Estimate),Verified,Calculated,"Total = Basmati + Non-Basmati as printed for this district-season; yield = production*1000/area (kg/ha), calculated here rather than copying the book's own printed TOTAL yield line, so the arithmetic is independently checkable."
Muzaffargarh,2021-22,Basmati,26710,48830,1829,hectares,tonnes,kg/hectare,"Punjab Agriculture Department, Crop Reporting Service (CRS) - Kharif Crops Estimates 2021-22",http://www.amis.pk/Agristatistics/DistrictWise/District%20Wise%20Crop%20data%202021-22%20(1).pdf,6-10,Rice Crop (Final Estimate),Verified,Directly Reported,District-wise Basmati rice area/production/yield as printed in the CRS Kharif Estimates 2021-22 data book (rice section).
Muzaffargarh,2021-22,Non-Basmati,14570,36210,2486,hectares,tonnes,kg/hectare,"Punjab Agriculture Department, Crop Reporting Service (CRS) - Kharif Crops Estimates 2021-22",http://www.amis.pk/Agristatistics/DistrictWise/District%20Wise%20Crop%20data%202021-22%20(1).pdf,6-10,Rice Crop (Final Estimate),Verified,Directly Reported,District-wise Non-Basmati rice area/production/yield as printed in the CRS Kharif Estimates 2021-22 data book (rice section).
Muzaffargarh,2021-22,Total Rice,41280,85040,2060,hectares,tonnes,kg/hectare,"Punjab Agriculture Department, Crop Reporting Service (CRS) - Kharif Crops Estimates 2021-22",http://www.amis.pk/Agristatistics/DistrictWise/District%20Wise%20Crop%20data%202021-22%20(1).pdf,6-10,Rice Crop (Final Estimate),Verified,Calculated,"Total = Basmati + Non-Basmati as printed for this district-season; yield = production*1000/area (kg/ha), calculated here rather than copying the book's own printed TOTAL yield line, so the arithmetic is independently checkable."
Muzaffargarh,2022-23,Total Rice,28330,60780,2145,hectares,tonnes,kg/hectare,"Govt. of Pakistan, Ministry of National Food Security & Research (Economic Wing) - Crops Area & Production (District Wise) 2022-23",https://mnfsr.gov.pk/SiteImage/Downloads/Crops%20Area%20AND%20Production%20by%202022-23.pdf,4-6,Table No. 2 - Rice,Verified,Calculated,District-wise Total Rice area & production as printed in the federal MNFSR District-Wise publication (source line in that document: data supplied by the provincial Crop Reporting Services). Yield calculated as production*1000/area (kg/ha); not printed in this source.
Nankana Sahib,2020-21,Basmati,93890,218300,2325,hectares,tonnes,kg/hectare,"Punjab Agriculture Department, Crop Reporting Service (CRS) - Kharif Crops Estimates 2021-22",http://www.amis.pk/Agristatistics/DistrictWise/District%20Wise%20Crop%20data%202021-22%20(1).pdf,6-10,Rice Crop (Final Estimate),Verified,Directly Reported,District-wise Basmati rice area/production/yield as printed in the CRS Kharif Estimates 2021-22 data book (rice section).
Nankana Sahib,2020-21,Non-Basmati,15380,36500,2373,hectares,tonnes,kg/hectare,"Punjab Agriculture Department, Crop Reporting Service (CRS) - Kharif Crops Estimates 2021-22",http://www.amis.pk/Agristatistics/DistrictWise/District%20Wise%20Crop%20data%202021-22%20(1).pdf,6-10,Rice Crop (Final Estimate),Verified,Directly Reported,District-wise Non-Basmati rice area/production/yield as printed in the CRS Kharif Estimates 2021-22 data book (rice section).
Nankana Sahib,2020-21,Total Rice,109270,254800,2332,hectares,tonnes,kg/hectare,"Punjab Agriculture Department, Crop Reporting Service (CRS) - Kharif Crops Estimates 2021-22",http://www.amis.pk/Agristatistics/DistrictWise/District%20Wise%20Crop%20data%202021-22%20(1).pdf,6-10,Rice Crop (Final Estimate),Verified,Calculated,"Total = Basmati + Non-Basmati as printed for this district-season; yield = production*1000/area (kg/ha), calculated here rather than copying the book's own printed TOTAL yield line, so the arithmetic is independently checkable."
Nankana Sahib,2021-22,Basmati,90240,214890,2381,hectares,tonnes,kg/hectare,"Punjab Agriculture Department, Crop Reporting Service (CRS) - Kharif Crops Estimates 2021-22",http://www.amis.pk/Agristatistics/DistrictWise/District%20Wise%20Crop%20data%202021-22%20(1).pdf,6-10,Rice Crop (Final Estimate),Verified,Directly Reported,District-wise Basmati rice area/production/yield as printed in the CRS Kharif Estimates 2021-22 data book (rice section).
Nankana Sahib,2021-22,Non-Basmati,23470,58600,2497,hectares,tonnes,kg/hectare,"Punjab Agriculture Department, Crop Reporting Service (CRS) - Kharif Crops Estimates 2021-22",http://www.amis.pk/Agristatistics/DistrictWise/District%20Wise%20Crop%20data%202021-22%20(1).pdf,6-10,Rice Crop (Final Estimate),Verified,Directly Reported,District-wise Non-Basmati rice area/production/yield as printed in the CRS Kharif Estimates 2021-22 data book (rice section).
Nankana Sahib,2021-22,Total Rice,113710,273490,2405,hectares,tonnes,kg/hectare,"Punjab Agriculture Department, Crop Reporting Service (CRS) - Kharif Crops Estimates 2021-22",http://www.amis.pk/Agristatistics/DistrictWise/District%20Wise%20Crop%20data%202021-22%20(1).pdf,6-10,Rice Crop (Final Estimate),Verified,Calculated,"Total = Basmati + Non-Basmati as printed for this district-season; yield = production*1000/area (kg/ha), calculated here rather than copying the book's own printed TOTAL yield line, so the arithmetic is independently checkable."
Nankana Sahib,2022-23,Total Rice,108050,267280,2474,hectares,tonnes,kg/hectare,"Govt. of Pakistan, Ministry of National Food Security & Research (Economic Wing) - Crops Area & Production (District Wise) 2022-23",https://mnfsr.gov.pk/SiteImage/Downloads/Crops%20Area%20AND%20Production%20by%202022-23.pdf,4-6,Table No. 2 - Rice,Verified,Calculated,District-wise Total Rice area & production as printed in the federal MNFSR District-Wise publication (source line in that document: data supplied by the provincial Crop Reporting Services). Yield calculated as production*1000/area (kg/ha); not printed in this source.
Narowal,2020-21,Basmati,72840,140100,1924,hectares,tonnes,kg/hectare,"Punjab Agriculture Department, Crop Reporting Service (CRS) - Kharif Crops Estimates 2021-22",http://www.amis.pk/Agristatistics/DistrictWise/District%20Wise%20Crop%20data%202021-22%20(1).pdf,6-10,Rice Crop (Final Estimate),Verified,Directly Reported,District-wise Basmati rice area/production/yield as printed in the CRS Kharif Estimates 2021-22 data book (rice section).
Narowal,2020-21,Non-Basmati,1220,2800,2306,hectares,tonnes,kg/hectare,"Punjab Agriculture Department, Crop Reporting Service (CRS) - Kharif Crops Estimates 2021-22",http://www.amis.pk/Agristatistics/DistrictWise/District%20Wise%20Crop%20data%202021-22%20(1).pdf,6-10,Rice Crop (Final Estimate),Verified,Directly Reported,District-wise Non-Basmati rice area/production/yield as printed in the CRS Kharif Estimates 2021-22 data book (rice section).
Narowal,2020-21,Total Rice,74060,142900,1930,hectares,tonnes,kg/hectare,"Punjab Agriculture Department, Crop Reporting Service (CRS) - Kharif Crops Estimates 2021-22",http://www.amis.pk/Agristatistics/DistrictWise/District%20Wise%20Crop%20data%202021-22%20(1).pdf,6-10,Rice Crop (Final Estimate),Verified,Calculated,"Total = Basmati + Non-Basmati as printed for this district-season; yield = production*1000/area (kg/ha), calculated here rather than copying the book's own printed TOTAL yield line, so the arithmetic is independently checkable."
Narowal,2021-22,Basmati,71220,113620,1595,hectares,tonnes,kg/hectare,"Punjab Agriculture Department, Crop Reporting Service (CRS) - Kharif Crops Estimates 2021-22",http://www.amis.pk/Agristatistics/DistrictWise/District%20Wise%20Crop%20data%202021-22%20(1).pdf,6-10,Rice Crop (Final Estimate),Verified,Directly Reported,District-wise Basmati rice area/production/yield as printed in the CRS Kharif Estimates 2021-22 data book (rice section).
Narowal,2021-22,Non-Basmati,810,1930,2385,hectares,tonnes,kg/hectare,"Punjab Agriculture Department, Crop Reporting Service (CRS) - Kharif Crops Estimates 2021-22",http://www.amis.pk/Agristatistics/DistrictWise/District%20Wise%20Crop%20data%202021-22%20(1).pdf,6-10,Rice Crop (Final Estimate),Verified,Directly Reported,District-wise Non-Basmati rice area/production/yield as printed in the CRS Kharif Estimates 2021-22 data book (rice section).
Narowal,2021-22,Total Rice,72030,115550,1604,hectares,tonnes,kg/hectare,"Punjab Agriculture Department, Crop Reporting Service (CRS) - Kharif Crops Estimates 2021-22",http://www.amis.pk/Agristatistics/DistrictWise/District%20Wise%20Crop%20data%202021-22%20(1).pdf,6-10,Rice Crop (Final Estimate),Verified,Calculated,"Total = Basmati + Non-Basmati as printed for this district-season; yield = production*1000/area (kg/ha), calculated here rather than copying the book's own printed TOTAL yield line, so the arithmetic is independently checkable."
Narowal,2022-23,Total Rice,76000,584890,7696,hectares,tonnes,kg/hectare,"Govt. of Pakistan, Ministry of National Food Security & Research (Economic Wing) - Crops Area & Production (District Wise) 2022-23",https://mnfsr.gov.pk/SiteImage/Downloads/Crops%20Area%20AND%20Production%20by%202022-23.pdf,4-6,Table No. 2 - Rice,Verified,Calculated,District-wise Total Rice area & production as printed in the federal MNFSR District-Wise publication (source line in that document: data supplied by the provincial Crop Reporting Services). Yield calculated as production*1000/area (kg/ha); not printed in this source.
Okara,2020-21,Basmati,120600,282500,2343,hectares,tonnes,kg/hectare,"Punjab Agriculture Department, Crop Reporting Service (CRS) - Kharif Crops Estimates 2021-22",http://www.amis.pk/Agristatistics/DistrictWise/District%20Wise%20Crop%20data%202021-22%20(1).pdf,6-10,Rice Crop (Final Estimate),Verified,Directly Reported,District-wise Basmati rice area/production/yield as printed in the CRS Kharif Estimates 2021-22 data book (rice section).
Okara,2020-21,Non-Basmati,34400,113500,3299,hectares,tonnes,kg/hectare,"Punjab Agriculture Department, Crop Reporting Service (CRS) - Kharif Crops Estimates 2021-22",http://www.amis.pk/Agristatistics/DistrictWise/District%20Wise%20Crop%20data%202021-22%20(1).pdf,6-10,Rice Crop (Final Estimate),Verified,Directly Reported,District-wise Non-Basmati rice area/production/yield as printed in the CRS Kharif Estimates 2021-22 data book (rice section).
Okara,2020-21,Total Rice,155000,396000,2555,hectares,tonnes,kg/hectare,"Punjab Agriculture Department, Crop Reporting Service (CRS) - Kharif Crops Estimates 2021-22",http://www.amis.pk/Agristatistics/DistrictWise/District%20Wise%20Crop%20data%202021-22%20(1).pdf,6-10,Rice Crop (Final Estimate),Verified,Calculated,"Total = Basmati + Non-Basmati as printed for this district-season; yield = production*1000/area (kg/ha), calculated here rather than copying the book's own printed TOTAL yield line, so the arithmetic is independently checkable."
Okara,2021-22,Basmati,92670,216920,2341,hectares,tonnes,kg/hectare,"Punjab Agriculture Department, Crop Reporting Service (CRS) - Kharif Crops Estimates 2021-22",http://www.amis.pk/Agristatistics/DistrictWise/District%20Wise%20Crop%20data%202021-22%20(1).pdf,6-10,Rice Crop (Final Estimate),Verified,Directly Reported,District-wise Basmati rice area/production/yield as printed in the CRS Kharif Estimates 2021-22 data book (rice section).
Okara,2021-22,Non-Basmati,63940,244440,3823,hectares,tonnes,kg/hectare,"Punjab Agriculture Department, Crop Reporting Service (CRS) - Kharif Crops Estimates 2021-22",http://www.amis.pk/Agristatistics/DistrictWise/District%20Wise%20Crop%20data%202021-22%20(1).pdf,6-10,Rice Crop (Final Estimate),Verified,Directly Reported,District-wise Non-Basmati rice area/production/yield as printed in the CRS Kharif Estimates 2021-22 data book (rice section).
Okara,2021-22,Total Rice,156610,461360,2946,hectares,tonnes,kg/hectare,"Punjab Agriculture Department, Crop Reporting Service (CRS) - Kharif Crops Estimates 2021-22",http://www.amis.pk/Agristatistics/DistrictWise/District%20Wise%20Crop%20data%202021-22%20(1).pdf,6-10,Rice Crop (Final Estimate),Verified,Calculated,"Total = Basmati + Non-Basmati as printed for this district-season; yield = production*1000/area (kg/ha), calculated here rather than copying the book's own printed TOTAL yield line, so the arithmetic is independently checkable."
Okara,2022-23,Total Rice,126260,349420,2767,hectares,tonnes,kg/hectare,"Govt. of Pakistan, Ministry of National Food Security & Research (Economic Wing) - Crops Area & Production (District Wise) 2022-23",https://mnfsr.gov.pk/SiteImage/Downloads/Crops%20Area%20AND%20Production%20by%202022-23.pdf,4-6,Table No. 2 - Rice,Verified,Calculated,District-wise Total Rice area & production as printed in the federal MNFSR District-Wise publication (source line in that document: data supplied by the provincial Crop Reporting Services). Yield calculated as production*1000/area (kg/ha); not printed in this source.
Pakpattan,2020-21,Basmati,85790,201000,2343,hectares,tonnes,kg/hectare,"Punjab Agriculture Department, Crop Reporting Service (CRS) - Kharif Crops Estimates 2021-22",http://www.amis.pk/Agristatistics/DistrictWise/District%20Wise%20Crop%20data%202021-22%20(1).pdf,6-10,Rice Crop (Final Estimate),Verified,Directly Reported,District-wise Basmati rice area/production/yield as printed in the CRS Kharif Estimates 2021-22 data book (rice section).
Pakpattan,2020-21,Non-Basmati,2430,7800,3212,hectares,tonnes,kg/hectare,"Punjab Agriculture Department, Crop Reporting Service (CRS) - Kharif Crops Estimates 2021-22",http://www.amis.pk/Agristatistics/DistrictWise/District%20Wise%20Crop%20data%202021-22%20(1).pdf,6-10,Rice Crop (Final Estimate),Verified,Directly Reported,District-wise Non-Basmati rice area/production/yield as printed in the CRS Kharif Estimates 2021-22 data book (rice section).
Pakpattan,2020-21,Total Rice,88220,208800,2367,hectares,tonnes,kg/hectare,"Punjab Agriculture Department, Crop Reporting Service (CRS) - Kharif Crops Estimates 2021-22",http://www.amis.pk/Agristatistics/DistrictWise/District%20Wise%20Crop%20data%202021-22%20(1).pdf,6-10,Rice Crop (Final Estimate),Verified,Calculated,"Total = Basmati + Non-Basmati as printed for this district-season; yield = production*1000/area (kg/ha), calculated here rather than copying the book's own printed TOTAL yield line, so the arithmetic is independently checkable."
Pakpattan,2021-22,Basmati,73650,169330,2299,hectares,tonnes,kg/hectare,"Punjab Agriculture Department, Crop Reporting Service (CRS) - Kharif Crops Estimates 2021-22",http://www.amis.pk/Agristatistics/DistrictWise/District%20Wise%20Crop%20data%202021-22%20(1).pdf,6-10,Rice Crop (Final Estimate),Verified,Directly Reported,District-wise Basmati rice area/production/yield as printed in the CRS Kharif Estimates 2021-22 data book (rice section).
Pakpattan,2021-22,Non-Basmati,31560,87300,2766,hectares,tonnes,kg/hectare,"Punjab Agriculture Department, Crop Reporting Service (CRS) - Kharif Crops Estimates 2021-22",http://www.amis.pk/Agristatistics/DistrictWise/District%20Wise%20Crop%20data%202021-22%20(1).pdf,6-10,Rice Crop (Final Estimate),Verified,Directly Reported,District-wise Non-Basmati rice area/production/yield as printed in the CRS Kharif Estimates 2021-22 data book (rice section).
Pakpattan,2021-22,Total Rice,105210,256630,2439,hectares,tonnes,kg/hectare,"Punjab Agriculture Department, Crop Reporting Service (CRS) - Kharif Crops Estimates 2021-22",http://www.amis.pk/Agristatistics/DistrictWise/District%20Wise%20Crop%20data%202021-22%20(1).pdf,6-10,Rice Crop (Final Estimate),Verified,Calculated,"Total = Basmati + Non-Basmati as printed for this district-season; yield = production*1000/area (kg/ha), calculated here rather than copying the book's own printed TOTAL yield line, so the arithmetic is independently checkable."
Pakpattan,2022-23,Total Rice,82000,218060,2659,hectares,tonnes,kg/hectare,"Govt. of Pakistan, Ministry of National Food Security & Research (Economic Wing) - Crops Area & Production (District Wise) 2022-23",https://mnfsr.gov.pk/SiteImage/Downloads/Crops%20Area%20AND%20Production%20by%202022-23.pdf,4-6,Table No. 2 - Rice,Verified,Calculated,District-wise Total Rice area & production as printed in the federal MNFSR District-Wise publication (source line in that document: data supplied by the provincial Crop Reporting Services). Yield calculated as production*1000/area (kg/ha); not printed in this source.
Rahim Yar Khan,2020-21,Basmati,32380,62600,1933,hectares,tonnes,kg/hectare,"Punjab Agriculture Department, Crop Reporting Service (CRS) - Kharif Crops Estimates 2021-22",http://www.amis.pk/Agristatistics/DistrictWise/District%20Wise%20Crop%20data%202021-22%20(1).pdf,6-10,Rice Crop (Final Estimate),Verified,Directly Reported,District-wise Basmati rice area/production/yield as printed in the CRS Kharif Estimates 2021-22 data book (rice section).
Rahim Yar Khan,2020-21,Total Rice,32380,62600,1933,hectares,tonnes,kg/hectare,"Punjab Agriculture Department, Crop Reporting Service (CRS) - Kharif Crops Estimates 2021-22",http://www.amis.pk/Agristatistics/DistrictWise/District%20Wise%20Crop%20data%202021-22%20(1).pdf,6-10,Rice Crop (Final Estimate),Verified,Calculated,"Total = Basmati + Non-Basmati as printed for this district-season; yield = production*1000/area (kg/ha), calculated here rather than copying the book's own printed TOTAL yield line, so the arithmetic is independently checkable."
Rahim Yar Khan,2021-22,Basmati,43710,86080,1970,hectares,tonnes,kg/hectare,"Punjab Agriculture Department, Crop Reporting Service (CRS) - Kharif Crops Estimates 2021-22",http://www.amis.pk/Agristatistics/DistrictWise/District%20Wise%20Crop%20data%202021-22%20(1).pdf,6-10,Rice Crop (Final Estimate),Verified,Directly Reported,District-wise Basmati rice area/production/yield as printed in the CRS Kharif Estimates 2021-22 data book (rice section).
Rahim Yar Khan,2021-22,Non-Basmati,410,1100,2718,hectares,tonnes,kg/hectare,"Punjab Agriculture Department, Crop Reporting Service (CRS) - Kharif Crops Estimates 2021-22",http://www.amis.pk/Agristatistics/DistrictWise/District%20Wise%20Crop%20data%202021-22%20(1).pdf,6-10,Rice Crop (Final Estimate),Verified,Directly Reported,District-wise Non-Basmati rice area/production/yield as printed in the CRS Kharif Estimates 2021-22 data book (rice section).
Rahim Yar Khan,2021-22,Total Rice,44120,87180,1976,hectares,tonnes,kg/hectare,"Punjab Agriculture Department, Crop Reporting Service (CRS) - Kharif Crops Estimates 2021-22",http://www.amis.pk/Agristatistics/DistrictWise/District%20Wise%20Crop%20data%202021-22%20(1).pdf,6-10,Rice Crop (Final Estimate),Verified,Calculated,"Total = Basmati + Non-Basmati as printed for this district-season; yield = production*1000/area (kg/ha), calculated here rather than copying the book's own printed TOTAL yield line, so the arithmetic is independently checkable."
Rahim Yar Khan,2022-23,Total Rice,28320,56100,1981,hectares,tonnes,kg/hectare,"Govt. of Pakistan, Ministry of National Food Security & Research (Economic Wing) - Crops Area & Production (District Wise) 2022-23",https://mnfsr.gov.pk/SiteImage/Downloads/Crops%20Area%20AND%20Production%20by%202022-23.pdf,4-6,Table No. 2 - Rice,Verified,Calculated,District-wise Total Rice area & production as printed in the federal MNFSR District-Wise publication (source line in that document: data supplied by the provincial Crop Reporting Services). Yield calculated as production*1000/area (kg/ha); not printed in this source.
Rajanpur,2020-21,Basmati,8100,21500,2657,hectares,tonnes,kg/hectare,"Punjab Agriculture Department, Crop Reporting Service (CRS) - Kharif Crops Estimates 2021-22",http://www.amis.pk/Agristatistics/DistrictWise/District%20Wise%20Crop%20data%202021-22%20(1).pdf,6-10,Rice Crop (Final Estimate),Verified,Directly Reported,District-wise Basmati rice area/production/yield as printed in the CRS Kharif Estimates 2021-22 data book (rice section).
Rajanpur,2020-21,Non-Basmati,16590,37100,2236,hectares,tonnes,kg/hectare,"Punjab Agriculture Department, Crop Reporting Service (CRS) - Kharif Crops Estimates 2021-22",http://www.amis.pk/Agristatistics/DistrictWise/District%20Wise%20Crop%20data%202021-22%20(1).pdf,6-10,Rice Crop (Final Estimate),Verified,Directly Reported,District-wise Non-Basmati rice area/production/yield as printed in the CRS Kharif Estimates 2021-22 data book (rice section).
Rajanpur,2020-21,Total Rice,24690,58600,2373,hectares,tonnes,kg/hectare,"Punjab Agriculture Department, Crop Reporting Service (CRS) - Kharif Crops Estimates 2021-22",http://www.amis.pk/Agristatistics/DistrictWise/District%20Wise%20Crop%20data%202021-22%20(1).pdf,6-10,Rice Crop (Final Estimate),Verified,Calculated,"Total = Basmati + Non-Basmati as printed for this district-season; yield = production*1000/area (kg/ha), calculated here rather than copying the book's own printed TOTAL yield line, so the arithmetic is independently checkable."
Rajanpur,2021-22,Basmati,1210,2410,1985,hectares,tonnes,kg/hectare,"Punjab Agriculture Department, Crop Reporting Service (CRS) - Kharif Crops Estimates 2021-22",http://www.amis.pk/Agristatistics/DistrictWise/District%20Wise%20Crop%20data%202021-22%20(1).pdf,6-10,Rice Crop (Final Estimate),Verified,Directly Reported,District-wise Basmati rice area/production/yield as printed in the CRS Kharif Estimates 2021-22 data book (rice section).
Rajanpur,2021-22,Non-Basmati,40060,115280,2877,hectares,tonnes,kg/hectare,"Punjab Agriculture Department, Crop Reporting Service (CRS) - Kharif Crops Estimates 2021-22",http://www.amis.pk/Agristatistics/DistrictWise/District%20Wise%20Crop%20data%202021-22%20(1).pdf,6-10,Rice Crop (Final Estimate),Verified,Directly Reported,District-wise Non-Basmati rice area/production/yield as printed in the CRS Kharif Estimates 2021-22 data book (rice section).
Rajanpur,2021-22,Total Rice,41270,117690,2852,hectares,tonnes,kg/hectare,"Punjab Agriculture Department, Crop Reporting Service (CRS) - Kharif Crops Estimates 2021-22",http://www.amis.pk/Agristatistics/DistrictWise/District%20Wise%20Crop%20data%202021-22%20(1).pdf,6-10,Rice Crop (Final Estimate),Verified,Calculated,"Total = Basmati + Non-Basmati as printed for this district-season; yield = production*1000/area (kg/ha), calculated here rather than copying the book's own printed TOTAL yield line, so the arithmetic is independently checkable."
Rajanpur,2022-23,Total Rice,16190,31410,1940,hectares,tonnes,kg/hectare,"Govt. of Pakistan, Ministry of National Food Security & Research (Economic Wing) - Crops Area & Production (District Wise) 2022-23",https://mnfsr.gov.pk/SiteImage/Downloads/Crops%20Area%20AND%20Production%20by%202022-23.pdf,4-6,Table No. 2 - Rice,Verified,Calculated,District-wise Total Rice area & production as printed in the federal MNFSR District-Wise publication (source line in that document: data supplied by the provincial Crop Reporting Services). Yield calculated as production*1000/area (kg/ha); not printed in this source.
Sahiwal,2020-21,Basmati,43300,95200,2198,hectares,tonnes,kg/hectare,"Punjab Agriculture Department, Crop Reporting Service (CRS) - Kharif Crops Estimates 2021-22",http://www.amis.pk/Agristatistics/DistrictWise/District%20Wise%20Crop%20data%202021-22%20(1).pdf,6-10,Rice Crop (Final Estimate),Verified,Directly Reported,District-wise Basmati rice area/production/yield as printed in the CRS Kharif Estimates 2021-22 data book (rice section).
Sahiwal,2020-21,Total Rice,43300,95200,2199,hectares,tonnes,kg/hectare,"Punjab Agriculture Department, Crop Reporting Service (CRS) - Kharif Crops Estimates 2021-22",http://www.amis.pk/Agristatistics/DistrictWise/District%20Wise%20Crop%20data%202021-22%20(1).pdf,6-10,Rice Crop (Final Estimate),Verified,Calculated,"Total = Basmati + Non-Basmati as printed for this district-season; yield = production*1000/area (kg/ha), calculated here rather than copying the book's own printed TOTAL yield line, so the arithmetic is independently checkable."
Sahiwal,2021-22,Basmati,42900,101450,2365,hectares,tonnes,kg/hectare,"Punjab Agriculture Department, Crop Reporting Service (CRS) - Kharif Crops Estimates 2021-22",http://www.amis.pk/Agristatistics/DistrictWise/District%20Wise%20Crop%20data%202021-22%20(1).pdf,6-10,Rice Crop (Final Estimate),Verified,Directly Reported,District-wise Basmati rice area/production/yield as printed in the CRS Kharif Estimates 2021-22 data book (rice section).
Sahiwal,2021-22,Non-Basmati,1620,5590,3454,hectares,tonnes,kg/hectare,"Punjab Agriculture Department, Crop Reporting Service (CRS) - Kharif Crops Estimates 2021-22",http://www.amis.pk/Agristatistics/DistrictWise/District%20Wise%20Crop%20data%202021-22%20(1).pdf,6-10,Rice Crop (Final Estimate),Verified,Directly Reported,District-wise Non-Basmati rice area/production/yield as printed in the CRS Kharif Estimates 2021-22 data book (rice section).
Sahiwal,2021-22,Total Rice,44520,107040,2404,hectares,tonnes,kg/hectare,"Punjab Agriculture Department, Crop Reporting Service (CRS) - Kharif Crops Estimates 2021-22",http://www.amis.pk/Agristatistics/DistrictWise/District%20Wise%20Crop%20data%202021-22%20(1).pdf,6-10,Rice Crop (Final Estimate),Verified,Calculated,"Total = Basmati + Non-Basmati as printed for this district-season; yield = production*1000/area (kg/ha), calculated here rather than copying the book's own printed TOTAL yield line, so the arithmetic is independently checkable."
Sahiwal,2022-23,Total Rice,34800,95270,2738,hectares,tonnes,kg/hectare,"Govt. of Pakistan, Ministry of National Food Security & Research (Economic Wing) - Crops Area & Production (District Wise) 2022-23",https://mnfsr.gov.pk/SiteImage/Downloads/Crops%20Area%20AND%20Production%20by%202022-23.pdf,4-6,Table No. 2 - Rice,Verified,Calculated,District-wise Total Rice area & production as printed in the federal MNFSR District-Wise publication (source line in that document: data supplied by the provincial Crop Reporting Services). Yield calculated as production*1000/area (kg/ha); not printed in this source.
Sargodha,2020-21,Basmati,42490,74500,1753,hectares,tonnes,kg/hectare,"Punjab Agriculture Department, Crop Reporting Service (CRS) - Kharif Crops Estimates 2021-22",http://www.amis.pk/Agristatistics/DistrictWise/District%20Wise%20Crop%20data%202021-22%20(1).pdf,6-10,Rice Crop (Final Estimate),Verified,Directly Reported,District-wise Basmati rice area/production/yield as printed in the CRS Kharif Estimates 2021-22 data book (rice section).
Sargodha,2020-21,Non-Basmati,8090,16800,2076,hectares,tonnes,kg/hectare,"Punjab Agriculture Department, Crop Reporting Service (CRS) - Kharif Crops Estimates 2021-22",http://www.amis.pk/Agristatistics/DistrictWise/District%20Wise%20Crop%20data%202021-22%20(1).pdf,6-10,Rice Crop (Final Estimate),Verified,Directly Reported,District-wise Non-Basmati rice area/production/yield as printed in the CRS Kharif Estimates 2021-22 data book (rice section).
Sargodha,2020-21,Total Rice,50580,91300,1805,hectares,tonnes,kg/hectare,"Punjab Agriculture Department, Crop Reporting Service (CRS) - Kharif Crops Estimates 2021-22",http://www.amis.pk/Agristatistics/DistrictWise/District%20Wise%20Crop%20data%202021-22%20(1).pdf,6-10,Rice Crop (Final Estimate),Verified,Calculated,"Total = Basmati + Non-Basmati as printed for this district-season; yield = production*1000/area (kg/ha), calculated here rather than copying the book's own printed TOTAL yield line, so the arithmetic is independently checkable."
Sargodha,2021-22,Basmati,42490,79780,1878,hectares,tonnes,kg/hectare,"Punjab Agriculture Department, Crop Reporting Service (CRS) - Kharif Crops Estimates 2021-22",http://www.amis.pk/Agristatistics/DistrictWise/District%20Wise%20Crop%20data%202021-22%20(1).pdf,6-10,Rice Crop (Final Estimate),Verified,Directly Reported,District-wise Basmati rice area/production/yield as printed in the CRS Kharif Estimates 2021-22 data book (rice section).
Sargodha,2021-22,Non-Basmati,13360,33700,2523,hectares,tonnes,kg/hectare,"Punjab Agriculture Department, Crop Reporting Service (CRS) - Kharif Crops Estimates 2021-22",http://www.amis.pk/Agristatistics/DistrictWise/District%20Wise%20Crop%20data%202021-22%20(1).pdf,6-10,Rice Crop (Final Estimate),Verified,Directly Reported,District-wise Non-Basmati rice area/production/yield as printed in the CRS Kharif Estimates 2021-22 data book (rice section).
Sargodha,2021-22,Total Rice,55850,113480,2032,hectares,tonnes,kg/hectare,"Punjab Agriculture Department, Crop Reporting Service (CRS) - Kharif Crops Estimates 2021-22",http://www.amis.pk/Agristatistics/DistrictWise/District%20Wise%20Crop%20data%202021-22%20(1).pdf,6-10,Rice Crop (Final Estimate),Verified,Calculated,"Total = Basmati + Non-Basmati as printed for this district-season; yield = production*1000/area (kg/ha), calculated here rather than copying the book's own printed TOTAL yield line, so the arithmetic is independently checkable."
Sargodha,2022-23,Total Rice,43710,83250,1905,hectares,tonnes,kg/hectare,"Govt. of Pakistan, Ministry of National Food Security & Research (Economic Wing) - Crops Area & Production (District Wise) 2022-23",https://mnfsr.gov.pk/SiteImage/Downloads/Crops%20Area%20AND%20Production%20by%202022-23.pdf,4-6,Table No. 2 - Rice,Verified,Calculated,District-wise Total Rice area & production as printed in the federal MNFSR District-Wise publication (source line in that document: data supplied by the provincial Crop Reporting Services). Yield calculated as production*1000/area (kg/ha); not printed in this source.
Sheikhupura,2020-21,Basmati,207190,435800,2103,hectares,tonnes,kg/hectare,"Punjab Agriculture Department, Crop Reporting Service (CRS) - Kharif Crops Estimates 2021-22",http://www.amis.pk/Agristatistics/DistrictWise/District%20Wise%20Crop%20data%202021-22%20(1).pdf,6-10,Rice Crop (Final Estimate),Verified,Directly Reported,District-wise Basmati rice area/production/yield as printed in the CRS Kharif Estimates 2021-22 data book (rice section).
Sheikhupura,2020-21,Non-Basmati,32370,71600,2212,hectares,tonnes,kg/hectare,"Punjab Agriculture Department, Crop Reporting Service (CRS) - Kharif Crops Estimates 2021-22",http://www.amis.pk/Agristatistics/DistrictWise/District%20Wise%20Crop%20data%202021-22%20(1).pdf,6-10,Rice Crop (Final Estimate),Verified,Directly Reported,District-wise Non-Basmati rice area/production/yield as printed in the CRS Kharif Estimates 2021-22 data book (rice section).
Sheikhupura,2020-21,Total Rice,239560,507400,2118,hectares,tonnes,kg/hectare,"Punjab Agriculture Department, Crop Reporting Service (CRS) - Kharif Crops Estimates 2021-22",http://www.amis.pk/Agristatistics/DistrictWise/District%20Wise%20Crop%20data%202021-22%20(1).pdf,6-10,Rice Crop (Final Estimate),Verified,Calculated,"Total = Basmati + Non-Basmati as printed for this district-season; yield = production*1000/area (kg/ha), calculated here rather than copying the book's own printed TOTAL yield line, so the arithmetic is independently checkable."
Sheikhupura,2021-22,Basmati,195460,376720,1927,hectares,tonnes,kg/hectare,"Punjab Agriculture Department, Crop Reporting Service (CRS) - Kharif Crops Estimates 2021-22",http://www.amis.pk/Agristatistics/DistrictWise/District%20Wise%20Crop%20data%202021-22%20(1).pdf,6-10,Rice Crop (Final Estimate),Verified,Directly Reported,District-wise Basmati rice area/production/yield as printed in the CRS Kharif Estimates 2021-22 data book (rice section).
Sheikhupura,2021-22,Non-Basmati,47750,106320,2227,hectares,tonnes,kg/hectare,"Punjab Agriculture Department, Crop Reporting Service (CRS) - Kharif Crops Estimates 2021-22",http://www.amis.pk/Agristatistics/DistrictWise/District%20Wise%20Crop%20data%202021-22%20(1).pdf,6-10,Rice Crop (Final Estimate),Verified,Directly Reported,District-wise Non-Basmati rice area/production/yield as printed in the CRS Kharif Estimates 2021-22 data book (rice section).
Sheikhupura,2021-22,Total Rice,243210,483040,1986,hectares,tonnes,kg/hectare,"Punjab Agriculture Department, Crop Reporting Service (CRS) - Kharif Crops Estimates 2021-22",http://www.amis.pk/Agristatistics/DistrictWise/District%20Wise%20Crop%20data%202021-22%20(1).pdf,6-10,Rice Crop (Final Estimate),Verified,Calculated,"Total = Basmati + Non-Basmati as printed for this district-season; yield = production*1000/area (kg/ha), calculated here rather than copying the book's own printed TOTAL yield line, so the arithmetic is independently checkable."
Sheikhupura,2022-23,Total Rice,235920,538250,2281,hectares,tonnes,kg/hectare,"Govt. of Pakistan, Ministry of National Food Security & Research (Economic Wing) - Crops Area & Production (District Wise) 2022-23",https://mnfsr.gov.pk/SiteImage/Downloads/Crops%20Area%20AND%20Production%20by%202022-23.pdf,4-6,Table No. 2 - Rice,Verified,Calculated,District-wise Total Rice area & production as printed in the federal MNFSR District-Wise publication (source line in that document: data supplied by the provincial Crop Reporting Services). Yield calculated as production*1000/area (kg/ha); not printed in this source.
Sialkot,2020-21,Basmati,155800,293600,1884,hectares,tonnes,kg/hectare,"Punjab Agriculture Department, Crop Reporting Service (CRS) - Kharif Crops Estimates 2021-22",http://www.amis.pk/Agristatistics/DistrictWise/District%20Wise%20Crop%20data%202021-22%20(1).pdf,6-10,Rice Crop (Final Estimate),Verified,Directly Reported,District-wise Basmati rice area/production/yield as printed in the CRS Kharif Estimates 2021-22 data book (rice section).
Sialkot,2020-21,Non-Basmati,16190,40900,2526,hectares,tonnes,kg/hectare,"Punjab Agriculture Department, Crop Reporting Service (CRS) - Kharif Crops Estimates 2021-22",http://www.amis.pk/Agristatistics/DistrictWise/District%20Wise%20Crop%20data%202021-22%20(1).pdf,6-10,Rice Crop (Final Estimate),Verified,Directly Reported,District-wise Non-Basmati rice area/production/yield as printed in the CRS Kharif Estimates 2021-22 data book (rice section).
Sialkot,2020-21,Total Rice,171990,334500,1945,hectares,tonnes,kg/hectare,"Punjab Agriculture Department, Crop Reporting Service (CRS) - Kharif Crops Estimates 2021-22",http://www.amis.pk/Agristatistics/DistrictWise/District%20Wise%20Crop%20data%202021-22%20(1).pdf,6-10,Rice Crop (Final Estimate),Verified,Calculated,"Total = Basmati + Non-Basmati as printed for this district-season; yield = production*1000/area (kg/ha), calculated here rather than copying the book's own printed TOTAL yield line, so the arithmetic is independently checkable."
Sialkot,2021-22,Basmati,159850,233760,1462,hectares,tonnes,kg/hectare,"Punjab Agriculture Department, Crop Reporting Service (CRS) - Kharif Crops Estimates 2021-22",http://www.amis.pk/Agristatistics/DistrictWise/District%20Wise%20Crop%20data%202021-22%20(1).pdf,6-10,Rice Crop (Final Estimate),Verified,Directly Reported,District-wise Basmati rice area/production/yield as printed in the CRS Kharif Estimates 2021-22 data book (rice section).
Sialkot,2021-22,Non-Basmati,8090,18000,2224,hectares,tonnes,kg/hectare,"Punjab Agriculture Department, Crop Reporting Service (CRS) - Kharif Crops Estimates 2021-22",http://www.amis.pk/Agristatistics/DistrictWise/District%20Wise%20Crop%20data%202021-22%20(1).pdf,6-10,Rice Crop (Final Estimate),Verified,Directly Reported,District-wise Non-Basmati rice area/production/yield as printed in the CRS Kharif Estimates 2021-22 data book (rice section).
Sialkot,2021-22,Total Rice,167940,251760,1499,hectares,tonnes,kg/hectare,"Punjab Agriculture Department, Crop Reporting Service (CRS) - Kharif Crops Estimates 2021-22",http://www.amis.pk/Agristatistics/DistrictWise/District%20Wise%20Crop%20data%202021-22%20(1).pdf,6-10,Rice Crop (Final Estimate),Verified,Calculated,"Total = Basmati + Non-Basmati as printed for this district-season; yield = production*1000/area (kg/ha), calculated here rather than copying the book's own printed TOTAL yield line, so the arithmetic is independently checkable."
Sialkot,2022-23,Total Rice,187000,364350,1948,hectares,tonnes,kg/hectare,"Govt. of Pakistan, Ministry of National Food Security & Research (Economic Wing) - Crops Area & Production (District Wise) 2022-23",https://mnfsr.gov.pk/SiteImage/Downloads/Crops%20Area%20AND%20Production%20by%202022-23.pdf,4-6,Table No. 2 - Rice,Verified,Calculated,District-wise Total Rice area & production as printed in the federal MNFSR District-Wise publication (source line in that document: data supplied by the provincial Crop Reporting Services). Yield calculated as production*1000/area (kg/ha); not printed in this source.
Toba Tek Singh,2020-21,Basmati,48970,139100,2841,hectares,tonnes,kg/hectare,"Punjab Agriculture Department, Crop Reporting Service (CRS) - Kharif Crops Estimates 2021-22",http://www.amis.pk/Agristatistics/DistrictWise/District%20Wise%20Crop%20data%202021-22%20(1).pdf,6-10,Rice Crop (Final Estimate),Verified,Directly Reported,District-wise Basmati rice area/production/yield as printed in the CRS Kharif Estimates 2021-22 data book (rice section).
Toba Tek Singh,2020-21,Total Rice,48970,139100,2841,hectares,tonnes,kg/hectare,"Punjab Agriculture Department, Crop Reporting Service (CRS) - Kharif Crops Estimates 2021-22",http://www.amis.pk/Agristatistics/DistrictWise/District%20Wise%20Crop%20data%202021-22%20(1).pdf,6-10,Rice Crop (Final Estimate),Verified,Calculated,"Total = Basmati + Non-Basmati as printed for this district-season; yield = production*1000/area (kg/ha), calculated here rather than copying the book's own printed TOTAL yield line, so the arithmetic is independently checkable."
Toba Tek Singh,2021-22,Basmati,47750,116510,2439,hectares,tonnes,kg/hectare,"Punjab Agriculture Department, Crop Reporting Service (CRS) - Kharif Crops Estimates 2021-22",http://www.amis.pk/Agristatistics/DistrictWise/District%20Wise%20Crop%20data%202021-22%20(1).pdf,6-10,Rice Crop (Final Estimate),Verified,Directly Reported,District-wise Basmati rice area/production/yield as printed in the CRS Kharif Estimates 2021-22 data book (rice section).
Toba Tek Singh,2021-22,Non-Basmati,1210,5050,4159,hectares,tonnes,kg/hectare,"Punjab Agriculture Department, Crop Reporting Service (CRS) - Kharif Crops Estimates 2021-22",http://www.amis.pk/Agristatistics/DistrictWise/District%20Wise%20Crop%20data%202021-22%20(1).pdf,6-10,Rice Crop (Final Estimate),Verified,Directly Reported,District-wise Non-Basmati rice area/production/yield as printed in the CRS Kharif Estimates 2021-22 data book (rice section).
Toba Tek Singh,2021-22,Total Rice,48960,121560,2483,hectares,tonnes,kg/hectare,"Punjab Agriculture Department, Crop Reporting Service (CRS) - Kharif Crops Estimates 2021-22",http://www.amis.pk/Agristatistics/DistrictWise/District%20Wise%20Crop%20data%202021-22%20(1).pdf,6-10,Rice Crop (Final Estimate),Verified,Calculated,"Total = Basmati + Non-Basmati as printed for this district-season; yield = production*1000/area (kg/ha), calculated here rather than copying the book's own printed TOTAL yield line, so the arithmetic is independently checkable."
Toba Tek Singh,2022-23,Total Rice,46130,119580,2592,hectares,tonnes,kg/hectare,"Govt. of Pakistan, Ministry of National Food Security & Research (Economic Wing) - Crops Area & Production (District Wise) 2022-23",https://mnfsr.gov.pk/SiteImage/Downloads/Crops%20Area%20AND%20Production%20by%202022-23.pdf,4-6,Table No. 2 - Rice,Verified,Calculated,District-wise Total Rice area & production as printed in the federal MNFSR District-Wise publication (source line in that document: data supplied by the provincial Crop Reporting Services). Yield calculated as production*1000/area (kg/ha); not printed in this source.
Vehari,2020-21,Basmati,50590,111000,2199,hectares,tonnes,kg/hectare,"Punjab Agriculture Department, Crop Reporting Service (CRS) - Kharif Crops Estimates 2021-22",http://www.amis.pk/Agristatistics/DistrictWise/District%20Wise%20Crop%20data%202021-22%20(1).pdf,6-10,Rice Crop (Final Estimate),Verified,Directly Reported,District-wise Basmati rice area/production/yield as printed in the CRS Kharif Estimates 2021-22 data book (rice section).
Vehari,2020-21,Non-Basmati,1620,5100,3151,hectares,tonnes,kg/hectare,"Punjab Agriculture Department, Crop Reporting Service (CRS) - Kharif Crops Estimates 2021-22",http://www.amis.pk/Agristatistics/DistrictWise/District%20Wise%20Crop%20data%202021-22%20(1).pdf,6-10,Rice Crop (Final Estimate),Verified,Directly Reported,District-wise Non-Basmati rice area/production/yield as printed in the CRS Kharif Estimates 2021-22 data book (rice section).
Vehari,2020-21,Total Rice,52210,116100,2224,hectares,tonnes,kg/hectare,"Punjab Agriculture Department, Crop Reporting Service (CRS) - Kharif Crops Estimates 2021-22",http://www.amis.pk/Agristatistics/DistrictWise/District%20Wise%20Crop%20data%202021-22%20(1).pdf,6-10,Rice Crop (Final Estimate),Verified,Calculated,"Total = Basmati + Non-Basmati as printed for this district-season; yield = production*1000/area (kg/ha), calculated here rather than copying the book's own printed TOTAL yield line, so the arithmetic is independently checkable."
Vehari,2021-22,Basmati,40060,86320,2155,hectares,tonnes,kg/hectare,"Punjab Agriculture Department, Crop Reporting Service (CRS) - Kharif Crops Estimates 2021-22",http://www.amis.pk/Agristatistics/DistrictWise/District%20Wise%20Crop%20data%202021-22%20(1).pdf,6-10,Rice Crop (Final Estimate),Verified,Directly Reported,District-wise Basmati rice area/production/yield as printed in the CRS Kharif Estimates 2021-22 data book (rice section).
Vehari,2021-22,Non-Basmati,17000,55690,3277,hectares,tonnes,kg/hectare,"Punjab Agriculture Department, Crop Reporting Service (CRS) - Kharif Crops Estimates 2021-22",http://www.amis.pk/Agristatistics/DistrictWise/District%20Wise%20Crop%20data%202021-22%20(1).pdf,6-10,Rice Crop (Final Estimate),Verified,Directly Reported,District-wise Non-Basmati rice area/production/yield as printed in the CRS Kharif Estimates 2021-22 data book (rice section).
Vehari,2021-22,Total Rice,57060,142010,2489,hectares,tonnes,kg/hectare,"Punjab Agriculture Department, Crop Reporting Service (CRS) - Kharif Crops Estimates 2021-22",http://www.amis.pk/Agristatistics/DistrictWise/District%20Wise%20Crop%20data%202021-22%20(1).pdf,6-10,Rice Crop (Final Estimate),Verified,Calculated,"Total = Basmati + Non-Basmati as printed for this district-season; yield = production*1000/area (kg/ha), calculated here rather than copying the book's own printed TOTAL yield line, so the arithmetic is independently checkable."
Vehari,2022-23,Total Rice,33000,84300,2555,hectares,tonnes,kg/hectare,"Govt. of Pakistan, Ministry of National Food Security & Research (Economic Wing) - Crops Area & Production (District Wise) 2022-23",https://mnfsr.gov.pk/SiteImage/Downloads/Crops%20Area%20AND%20Production%20by%202022-23.pdf,4-6,Table No. 2 - Rice,Verified,Calculated,District-wise Total Rice area & production as printed in the federal MNFSR District-Wise publication (source line in that document: data supplied by the provincial Crop Reporting Services). Yield calculated as production*1000/area (kg/ha); not printed in this source.
