District,Season,Wheat Area (ha),Wheat Production (tonnes),Wheat Yield (kg/ha),Source,Source URL,Verification Status
Attock,2010-11,155800,252650,1621,CRS Punjab - Rabi Crops Estimates 2011-12 (prior-year column),https://agripunjab.punjab.gov.pk/system/files/Rabi%20Book%20All%20estimates%202011-12_0.pdf,Verified: directly reported (CRS prior-year column of the following season report)
Attock,2011-12,155390,167110,1075,CRS Punjab - Rabi Crops Estimates 2011-12,https://agripunjab.punjab.gov.pk/system/files/Rabi%20Book%20All%20estimates%202011-12_0.pdf,Verified: directly reported (CRS final estimate)
Attock,2012-13,155800,164470,1056,CRS Punjab - Rabi Crop Estimates Data Book 2013-14 (prior-year column),https://agripunjab.punjab.gov.pk/system/files/Final%20Rabi%20Estimates%202013-14.pdf,Verified: directly reported (CRS prior-year column of the following season report)
Attock,2013-14,159040,218330,1372,CRS Punjab - Rabi Crop Estimates Data Book 2013-14,https://agripunjab.punjab.gov.pk/system/files/Final%20Rabi%20Estimates%202013-14.pdf,Verified: directly reported (CRS final estimate)
Attock,2014-15,173610,300940,1733,CRS Punjab - Rabi Book 2015-16 (prior-year column),https://agripunjab.punjab.gov.pk/system/files/RABI%20BOOK%202015-16_0.pdf,Verified: directly reported (CRS prior-year column of the following season report)
Attock,2015-16,187770,335230,1785.32246897801,CRS Punjab - Rabi Book 2015-16,https://agripunjab.punjab.gov.pk/system/files/RABI%20BOOK%202015-16_0.pdf,"Verified: yield calculated from official area & production (printed total yield differs, see notes)"
Attock,2016-17,151350,205030,1355,CRS Punjab - Final Rabi Estimates 2017-18 (prior-year column),https://agripunjab.punjab.gov.pk/system/files/Final%20%20Rabi%20Estimates%202017-18.pdf,Verified: directly reported (CRS prior-year column of the following season report)
Attock,2017-18,151350,223130,1474,CRS Punjab - Final Rabi Estimates 2017-18,https://agripunjab.punjab.gov.pk/system/files/Final%20%20Rabi%20Estimates%202017-18.pdf,Verified: directly reported (CRS final estimate)
Attock,2018-19,151350,286930,1895,CRS Punjab - Final Rabi Estimates 2018-19,https://agripunjab.punjab.gov.pk/system/files/Final%20Rabi%20Estimates%202018-19.pdf,Verified: directly reported (CRS final estimate)
Attock,2020-21,203150,359000,1767,CRS Punjab - Rabi Crops Estimates 2021-22 (prior-year column),https://agripunjab.punjab.gov.pk/system/files/Final%20Rabi%20Estimates%202021-22.pdf,Verified: directly reported (CRS prior-year column of the following season report); printed area total corrected from printed components (see notes)
Attock,2021-22,182920,310340,1697,CRS Punjab - Rabi Crops Estimates 2021-22,https://agripunjab.punjab.gov.pk/system/files/Final%20Rabi%20Estimates%202021-22.pdf,Verified: directly reported (CRS final estimate)
Attock,2022-23,190200,348200,1831,CRS Punjab - Final Rabi Estimates 2022-23,https://agripunjab.punjab.gov.pk/system/files/Final%20Rabi%20Estimates%202022-23.pdf,Verified: directly reported (CRS final estimate)
Bahawalnagar,2010-11,344780,1076710,3123,CRS Punjab - Rabi Crops Estimates 2011-12 (prior-year column),https://agripunjab.punjab.gov.pk/system/files/Rabi%20Book%20All%20estimates%202011-12_0.pdf,Verified: directly reported (CRS prior-year column of the following season report)
Bahawalnagar,2011-12,336290,989160,2941,CRS Punjab - Rabi Crops Estimates 2011-12,https://agripunjab.punjab.gov.pk/system/files/Rabi%20Book%20All%20estimates%202011-12_0.pdf,Verified: directly reported (CRS final estimate)
Bahawalnagar,2012-13,335890,1002070,2984,CRS Punjab - Rabi Crop Estimates Data Book 2013-14 (prior-year column),https://agripunjab.punjab.gov.pk/system/files/Final%20Rabi%20Estimates%202013-14.pdf,Verified: directly reported (CRS prior-year column of the following season report)
Bahawalnagar,2013-14,358950,1089550,3035,CRS Punjab - Rabi Crop Estimates Data Book 2013-14,https://agripunjab.punjab.gov.pk/system/files/Final%20Rabi%20Estimates%202013-14.pdf,Verified: directly reported (CRS final estimate)
Bahawalnagar,2014-15,369060,1161200,3146,CRS Punjab - Rabi Book 2015-16 (prior-year column),https://agripunjab.punjab.gov.pk/system/files/RABI%20BOOK%202015-16_0.pdf,Verified: directly reported (CRS prior-year column of the following season report)
Bahawalnagar,2015-16,371090,1132480,3051.76641785012,CRS Punjab - Rabi Book 2015-16,https://agripunjab.punjab.gov.pk/system/files/RABI%20BOOK%202015-16_0.pdf,"Verified: yield calculated from official area & production (printed total yield differs, see notes)"
Bahawalnagar,2016-17,372710,1218430,3269,CRS Punjab - Final Rabi Estimates 2017-18 (prior-year column),https://agripunjab.punjab.gov.pk/system/files/Final%20%20Rabi%20Estimates%202017-18.pdf,Verified: directly reported (CRS prior-year column of the following season report)
Bahawalnagar,2017-18,369070,1132710,3069,CRS Punjab - Final Rabi Estimates 2017-18,https://agripunjab.punjab.gov.pk/system/files/Final%20%20Rabi%20Estimates%202017-18.pdf,Verified: directly reported (CRS final estimate)
Bahawalnagar,2018-19,356920,1158390,3246,CRS Punjab - Final Rabi Estimates 2018-19,https://agripunjab.punjab.gov.pk/system/files/Final%20Rabi%20Estimates%202018-19.pdf,Verified: directly reported (CRS final estimate)
Bahawalnagar,2020-21,426930,1587150,3718,CRS Punjab - Rabi Crops Estimates 2021-22 (prior-year column),https://agripunjab.punjab.gov.pk/system/files/Final%20Rabi%20Estimates%202021-22.pdf,Verified: directly reported (CRS prior-year column of the following season report)
Bahawalnagar,2021-22,424910,1513890,3562,CRS Punjab - Rabi Crops Estimates 2021-22,https://agripunjab.punjab.gov.pk/system/files/Final%20Rabi%20Estimates%202021-22.pdf,Verified: directly reported (CRS final estimate)
Bahawalnagar,2022-23,423300,1563000,3693,CRS Punjab - Final Rabi Estimates 2022-23,https://agripunjab.punjab.gov.pk/system/files/Final%20Rabi%20Estimates%202022-23.pdf,Verified: directly reported (CRS final estimate)
Bahawalpur,2010-11,280440,881900,3145,CRS Punjab - Rabi Crops Estimates 2011-12 (prior-year column),https://agripunjab.punjab.gov.pk/system/files/Rabi%20Book%20All%20estimates%202011-12_0.pdf,Verified: directly reported (CRS prior-year column of the following season report)
Bahawalpur,2011-12,262230,836770,3191,CRS Punjab - Rabi Crops Estimates 2011-12,https://agripunjab.punjab.gov.pk/system/files/Rabi%20Book%20All%20estimates%202011-12_0.pdf,Verified: directly reported (CRS final estimate)
Bahawalpur,2012-13,265460,796160,2999,CRS Punjab - Rabi Crop Estimates Data Book 2013-14 (prior-year column),https://agripunjab.punjab.gov.pk/system/files/Final%20Rabi%20Estimates%202013-14.pdf,Verified: directly reported (CRS prior-year column of the following season report)
Bahawalpur,2013-14,291370,881300,3024,CRS Punjab - Rabi Crop Estimates Data Book 2013-14,https://agripunjab.punjab.gov.pk/system/files/Final%20Rabi%20Estimates%202013-14.pdf,Verified: directly reported (CRS final estimate)
Bahawalpur,2014-15,297040,905110,3047,CRS Punjab - Rabi Book 2015-16 (prior-year column),https://agripunjab.punjab.gov.pk/system/files/RABI%20BOOK%202015-16_0.pdf,Verified: directly reported (CRS prior-year column of the following season report)
Bahawalpur,2015-16,300270,969030,3227.19552402837,CRS Punjab - Rabi Book 2015-16,https://agripunjab.punjab.gov.pk/system/files/RABI%20BOOK%202015-16_0.pdf,"Verified: yield calculated from official area & production (printed total yield differs, see notes)"
Bahawalpur,2016-17,289350,984490,3402,CRS Punjab - Final Rabi Estimates 2017-18 (prior-year column),https://agripunjab.punjab.gov.pk/system/files/Final%20%20Rabi%20Estimates%202017-18.pdf,Verified: directly reported (CRS prior-year column of the following season report)
Bahawalpur,2017-18,286110,921880,3222,CRS Punjab - Final Rabi Estimates 2017-18,https://agripunjab.punjab.gov.pk/system/files/Final%20%20Rabi%20Estimates%202017-18.pdf,Verified: directly reported (CRS final estimate)
Bahawalpur,2018-19,285300,860460,3016,CRS Punjab - Final Rabi Estimates 2018-19,https://agripunjab.punjab.gov.pk/system/files/Final%20Rabi%20Estimates%202018-19.pdf,Verified: directly reported (CRS final estimate)
Bahawalpur,2020-21,301080,1002910,3331,CRS Punjab - Rabi Crops Estimates 2021-22 (prior-year column),https://agripunjab.punjab.gov.pk/system/files/Final%20Rabi%20Estimates%202021-22.pdf,Verified: directly reported (CRS prior-year column of the following season report)
Bahawalpur,2021-22,295820,1052060,3556,CRS Punjab - Rabi Crops Estimates 2021-22,https://agripunjab.punjab.gov.pk/system/files/Final%20Rabi%20Estimates%202021-22.pdf,Verified: directly reported (CRS final estimate)
Bahawalpur,2022-23,287700,1073600,3731,CRS Punjab - Final Rabi Estimates 2022-23,https://agripunjab.punjab.gov.pk/system/files/Final%20Rabi%20Estimates%202022-23.pdf,Verified: directly reported (CRS final estimate)
Bhakkar,2010-11,181700,444420,2446,CRS Punjab - Rabi Crops Estimates 2011-12 (prior-year column),https://agripunjab.punjab.gov.pk/system/files/Rabi%20Book%20All%20estimates%202011-12_0.pdf,Verified: directly reported (CRS prior-year column of the following season report)
Bhakkar,2011-12,173610,387760,2234,CRS Punjab - Rabi Crops Estimates 2011-12,https://agripunjab.punjab.gov.pk/system/files/Rabi%20Book%20All%20estimates%202011-12_0.pdf,Verified: directly reported (CRS final estimate)
Bhakkar,2012-13,167940,409350,2438,CRS Punjab - Rabi Crop Estimates Data Book 2013-14 (prior-year column),https://agripunjab.punjab.gov.pk/system/files/Final%20Rabi%20Estimates%202013-14.pdf,Verified: directly reported (CRS prior-year column of the following season report)
Bhakkar,2013-14,173210,436120,2518,CRS Punjab - Rabi Crop Estimates Data Book 2013-14,https://agripunjab.punjab.gov.pk/system/files/Final%20Rabi%20Estimates%202013-14.pdf,Verified: directly reported (CRS final estimate)
Bhakkar,2014-15,184940,411700,2226,CRS Punjab - Rabi Book 2015-16 (prior-year column),https://agripunjab.punjab.gov.pk/system/files/RABI%20BOOK%202015-16_0.pdf,Verified: directly reported (CRS prior-year column of the following season report)
Bhakkar,2015-16,180490,411680,2280.90198902986,CRS Punjab - Rabi Book 2015-16,https://agripunjab.punjab.gov.pk/system/files/RABI%20BOOK%202015-16_0.pdf,"Verified: yield calculated from official area & production (printed total yield differs, see notes)"
Bhakkar,2016-17,169150,519390,3070,CRS Punjab - Final Rabi Estimates 2017-18 (prior-year column),https://agripunjab.punjab.gov.pk/system/files/Final%20%20Rabi%20Estimates%202017-18.pdf,Verified: directly reported (CRS prior-year column of the following season report)
Bhakkar,2017-18,162280,378200,2331,CRS Punjab - Final Rabi Estimates 2017-18,https://agripunjab.punjab.gov.pk/system/files/Final%20%20Rabi%20Estimates%202017-18.pdf,Verified: directly reported (CRS final estimate)
Bhakkar,2018-19,150540,331380,2202,CRS Punjab - Final Rabi Estimates 2018-19,https://agripunjab.punjab.gov.pk/system/files/Final%20Rabi%20Estimates%202018-19.pdf,Verified: directly reported (CRS final estimate)
Bhakkar,2020-21,188580,525740,2787,CRS Punjab - Rabi Crops Estimates 2021-22 (prior-year column),https://agripunjab.punjab.gov.pk/system/files/Final%20Rabi%20Estimates%202021-22.pdf,Verified: directly reported (CRS prior-year column of the following season report)
Bhakkar,2021-22,180080,475430,2640,CRS Punjab - Rabi Crops Estimates 2021-22,https://agripunjab.punjab.gov.pk/system/files/Final%20Rabi%20Estimates%202021-22.pdf,Verified: directly reported (CRS final estimate)
Bhakkar,2022-23,163100,471700,2892,CRS Punjab - Final Rabi Estimates 2022-23,https://agripunjab.punjab.gov.pk/system/files/Final%20Rabi%20Estimates%202022-23.pdf,Verified: directly reported (CRS final estimate)
Chakwal,2010-11,126260,165930,1314,CRS Punjab - Rabi Crops Estimates 2011-12 (prior-year column),https://agripunjab.punjab.gov.pk/system/files/Rabi%20Book%20All%20estimates%202011-12_0.pdf,Verified: directly reported (CRS prior-year column of the following season report)
Chakwal,2011-12,121810,112910,927,CRS Punjab - Rabi Crops Estimates 2011-12,https://agripunjab.punjab.gov.pk/system/files/Rabi%20Book%20All%20estimates%202011-12_0.pdf,Verified: directly reported (CRS final estimate)
Chakwal,2012-13,117760,191450,1626,CRS Punjab - Rabi Crop Estimates Data Book 2013-14 (prior-year column),https://agripunjab.punjab.gov.pk/system/files/Final%20Rabi%20Estimates%202013-14.pdf,Verified: directly reported (CRS prior-year column of the following season report)
Chakwal,2013-14,120190,157630,1312,CRS Punjab - Rabi Crop Estimates Data Book 2013-14,https://agripunjab.punjab.gov.pk/system/files/Final%20Rabi%20Estimates%202013-14.pdf,Verified: directly reported (CRS final estimate)
Chakwal,2014-15,119380,197740,1656,CRS Punjab - Rabi Book 2015-16 (prior-year column),https://agripunjab.punjab.gov.pk/system/files/RABI%20BOOK%202015-16_0.pdf,Verified: directly reported (CRS prior-year column of the following season report)
Chakwal,2015-16,129900,233880,1800.46189376443,CRS Punjab - Rabi Book 2015-16,https://agripunjab.punjab.gov.pk/system/files/RABI%20BOOK%202015-16_0.pdf,"Verified: yield calculated from official area & production (printed total yield differs, see notes)"
Chakwal,2016-17,115330,143290,1242,CRS Punjab - Final Rabi Estimates 2017-18 (prior-year column),https://agripunjab.punjab.gov.pk/system/files/Final%20%20Rabi%20Estimates%202017-18.pdf,Verified: directly reported (CRS prior-year column of the following season report)
Chakwal,2017-18,116140,129230,1112,CRS Punjab - Final Rabi Estimates 2017-18,https://agripunjab.punjab.gov.pk/system/files/Final%20%20Rabi%20Estimates%202017-18.pdf,Verified: directly reported (CRS final estimate)
Chakwal,2018-19,119790,160100,1336,CRS Punjab - Final Rabi Estimates 2018-19,https://agripunjab.punjab.gov.pk/system/files/Final%20Rabi%20Estimates%202018-19.pdf,Verified: directly reported (CRS final estimate)
Chakwal,2020-21,154990,260750,1682,CRS Punjab - Rabi Crops Estimates 2021-22 (prior-year column),https://agripunjab.punjab.gov.pk/system/files/Final%20Rabi%20Estimates%202021-22.pdf,Verified: directly reported (CRS prior-year column of the following season report)
Chakwal,2021-22,150530,252020,1673,CRS Punjab - Rabi Crops Estimates 2021-22,https://agripunjab.punjab.gov.pk/system/files/Final%20Rabi%20Estimates%202021-22.pdf,Verified: directly reported (CRS final estimate)
Chakwal,2022-23,100800,178500,1771,CRS Punjab - Final Rabi Estimates 2022-23,https://agripunjab.punjab.gov.pk/system/files/Final%20Rabi%20Estimates%202022-23.pdf,Verified: directly reported (CRS final estimate); BOUNDARY CHANGE: area reduced when Talagang District was carved out - not comparable with earlier seasons
Chiniot,2010-11,107650,334880,3111,CRS Punjab - Rabi Crops Estimates 2011-12 (prior-year column),https://agripunjab.punjab.gov.pk/system/files/Rabi%20Book%20All%20estimates%202011-12_0.pdf,Verified: directly reported (CRS prior-year column of the following season report)
Chiniot,2011-12,97930,301330,3077,CRS Punjab - Rabi Crops Estimates 2011-12,https://agripunjab.punjab.gov.pk/system/files/Rabi%20Book%20All%20estimates%202011-12_0.pdf,Verified: directly reported (CRS final estimate)
Chiniot,2012-13,95910,298900,3117,CRS Punjab - Rabi Crop Estimates Data Book 2013-14 (prior-year column),https://agripunjab.punjab.gov.pk/system/files/Final%20Rabi%20Estimates%202013-14.pdf,Verified: directly reported (CRS prior-year column of the following season report)
Chiniot,2013-14,119790,376740,3145,CRS Punjab - Rabi Crop Estimates Data Book 2013-14,https://agripunjab.punjab.gov.pk/system/files/Final%20Rabi%20Estimates%202013-14.pdf,Verified: directly reported (CRS final estimate)
Chiniot,2014-15,119790,347900,2904,CRS Punjab - Rabi Book 2015-16 (prior-year column),https://agripunjab.punjab.gov.pk/system/files/RABI%20BOOK%202015-16_0.pdf,Verified: directly reported (CRS prior-year column of the following season report)
Chiniot,2015-16,108050,316610,2930,CRS Punjab - Rabi Book 2015-16,https://agripunjab.punjab.gov.pk/system/files/RABI%20BOOK%202015-16_0.pdf,Verified: directly reported (CRS final estimate)
Chiniot,2016-17,104810,320950,3062,CRS Punjab - Final Rabi Estimates 2017-18 (prior-year column),https://agripunjab.punjab.gov.pk/system/files/Final%20%20Rabi%20Estimates%202017-18.pdf,Verified: directly reported (CRS prior-year column of the following season report)
Chiniot,2017-18,114520,340860,2976,CRS Punjab - Final Rabi Estimates 2017-18,https://agripunjab.punjab.gov.pk/system/files/Final%20%20Rabi%20Estimates%202017-18.pdf,Verified: directly reported (CRS final estimate)
Chiniot,2018-19,111290,322300,2896,CRS Punjab - Final Rabi Estimates 2018-19,https://agripunjab.punjab.gov.pk/system/files/Final%20Rabi%20Estimates%202018-19.pdf,Verified: directly reported (CRS final estimate)
Chiniot,2020-21,102380,341250,3333,CRS Punjab - Rabi Crops Estimates 2021-22 (prior-year column),https://agripunjab.punjab.gov.pk/system/files/Final%20Rabi%20Estimates%202021-22.pdf,Verified: directly reported (CRS prior-year column of the following season report)
Chiniot,2021-22,96720,331920,3432,CRS Punjab - Rabi Crops Estimates 2021-22,https://agripunjab.punjab.gov.pk/system/files/Final%20Rabi%20Estimates%202021-22.pdf,Verified: directly reported (CRS final estimate)
Chiniot,2022-23,98300,368000,3742,CRS Punjab - Final Rabi Estimates 2022-23,https://agripunjab.punjab.gov.pk/system/files/Final%20Rabi%20Estimates%202022-23.pdf,Verified: directly reported (CRS final estimate)
D.G. Khan,2010-11,175220,463560,2645,CRS Punjab - Rabi Crops Estimates 2011-12 (prior-year column),https://agripunjab.punjab.gov.pk/system/files/Rabi%20Book%20All%20estimates%202011-12_0.pdf,Verified: directly reported (CRS prior-year column of the following season report)
D.G. Khan,2011-12,168350,447850,2660,CRS Punjab - Rabi Crops Estimates 2011-12,https://agripunjab.punjab.gov.pk/system/files/Rabi%20Book%20All%20estimates%202011-12_0.pdf,Verified: directly reported (CRS final estimate)
D.G. Khan,2012-13,165510,471740,2850,CRS Punjab - Rabi Crop Estimates Data Book 2013-14 (prior-year column),https://agripunjab.punjab.gov.pk/system/files/Final%20Rabi%20Estimates%202013-14.pdf,Verified: directly reported (CRS prior-year column of the following season report)
D.G. Khan,2013-14,176850,515480,2915,CRS Punjab - Rabi Crop Estimates Data Book 2013-14,https://agripunjab.punjab.gov.pk/system/files/Final%20Rabi%20Estimates%202013-14.pdf,Verified: directly reported (CRS final estimate)
D.G. Khan,2014-15,186970,558030,2985,CRS Punjab - Rabi Book 2015-16 (prior-year column),https://agripunjab.punjab.gov.pk/system/files/RABI%20BOOK%202015-16_0.pdf,Verified: directly reported (CRS prior-year column of the following season report)
D.G. Khan,2015-16,191000,527690,2762.77486910995,CRS Punjab - Rabi Book 2015-16,https://agripunjab.punjab.gov.pk/system/files/RABI%20BOOK%202015-16_0.pdf,"Verified: yield calculated from official area & production (printed total yield differs, see notes)"
D.G. Khan,2016-17,183720,590890,3216,CRS Punjab - Final Rabi Estimates 2017-18 (prior-year column),https://agripunjab.punjab.gov.pk/system/files/Final%20%20Rabi%20Estimates%202017-18.pdf,Verified: directly reported (CRS prior-year column of the following season report)
D.G. Khan,2017-18,180480,547750,3034,CRS Punjab - Final Rabi Estimates 2017-18,https://agripunjab.punjab.gov.pk/system/files/Final%20%20Rabi%20Estimates%202017-18.pdf,Verified: directly reported (CRS final estimate)
D.G. Khan,2018-19,183320,524920,2864,CRS Punjab - Final Rabi Estimates 2018-19,https://agripunjab.punjab.gov.pk/system/files/Final%20Rabi%20Estimates%202018-19.pdf,Verified: directly reported (CRS final estimate)
D.G. Khan,2020-21,233500,760260,3256,CRS Punjab - Rabi Crops Estimates 2021-22 (prior-year column),https://agripunjab.punjab.gov.pk/system/files/Final%20Rabi%20Estimates%202021-22.pdf,Verified: directly reported (CRS prior-year column of the following season report)
D.G. Khan,2021-22,237950,755460,3175,CRS Punjab - Rabi Crops Estimates 2021-22,https://agripunjab.punjab.gov.pk/system/files/Final%20Rabi%20Estimates%202021-22.pdf,Verified: directly reported (CRS final estimate)
D.G. Khan,2022-23,220600,739500,3353,CRS Punjab - Final Rabi Estimates 2022-23,https://agripunjab.punjab.gov.pk/system/files/Final%20Rabi%20Estimates%202022-23.pdf,Verified: directly reported (CRS final estimate)
Faisalabad,2010-11,283680,897440,3164,CRS Punjab - Rabi Crops Estimates 2011-12 (prior-year column),https://agripunjab.punjab.gov.pk/system/files/Rabi%20Book%20All%20estimates%202011-12_0.pdf,Verified: directly reported (CRS prior-year column of the following season report)
Faisalabad,2011-12,281250,855780,3043,CRS Punjab - Rabi Crops Estimates 2011-12,https://agripunjab.punjab.gov.pk/system/files/Rabi%20Book%20All%20estimates%202011-12_0.pdf,Verified: directly reported (CRS final estimate)
Faisalabad,2012-13,277200,864940,3120,CRS Punjab - Rabi Crop Estimates Data Book 2013-14 (prior-year column),https://agripunjab.punjab.gov.pk/system/files/Final%20Rabi%20Estimates%202013-14.pdf,Verified: directly reported (CRS prior-year column of the following season report)
Faisalabad,2013-14,301490,949880,3151,CRS Punjab - Rabi Crop Estimates Data Book 2013-14,https://agripunjab.punjab.gov.pk/system/files/Final%20Rabi%20Estimates%202013-14.pdf,Verified: directly reported (CRS final estimate)
Faisalabad,2014-15,305530,977570,3200,CRS Punjab - Rabi Book 2015-16 (prior-year column),https://agripunjab.punjab.gov.pk/system/files/RABI%20BOOK%202015-16_0.pdf,Verified: directly reported (CRS prior-year column of the following season report)
Faisalabad,2015-16,300670,944830,3142,CRS Punjab - Rabi Book 2015-16,https://agripunjab.punjab.gov.pk/system/files/RABI%20BOOK%202015-16_0.pdf,Verified: directly reported (CRS final estimate)
Faisalabad,2016-17,288940,947130,3278,CRS Punjab - Final Rabi Estimates 2017-18 (prior-year column),https://agripunjab.punjab.gov.pk/system/files/Final%20%20Rabi%20Estimates%202017-18.pdf,Verified: directly reported (CRS prior-year column of the following season report)
Faisalabad,2017-18,268710,861480,3206,CRS Punjab - Final Rabi Estimates 2017-18,https://agripunjab.punjab.gov.pk/system/files/Final%20%20Rabi%20Estimates%202017-18.pdf,Verified: directly reported (CRS final estimate)
Faisalabad,2018-19,269920,844950,3130,CRS Punjab - Final Rabi Estimates 2018-19,https://agripunjab.punjab.gov.pk/system/files/Final%20Rabi%20Estimates%202018-19.pdf,Verified: directly reported (CRS final estimate)
Faisalabad,2020-21,254540,844620,3318,CRS Punjab - Rabi Crops Estimates 2021-22 (prior-year column),https://agripunjab.punjab.gov.pk/system/files/Final%20Rabi%20Estimates%202021-22.pdf,Verified: directly reported (CRS prior-year column of the following season report)
Faisalabad,2021-22,240780,788730,3276,CRS Punjab - Rabi Crops Estimates 2021-22,https://agripunjab.punjab.gov.pk/system/files/Final%20Rabi%20Estimates%202021-22.pdf,Verified: directly reported (CRS final estimate)
Faisalabad,2022-23,233100,852900,3659,CRS Punjab - Final Rabi Estimates 2022-23,https://agripunjab.punjab.gov.pk/system/files/Final%20Rabi%20Estimates%202022-23.pdf,Verified: directly reported (CRS final estimate)
Gujranwala,2010-11,233100,732830,3144,CRS Punjab - Rabi Crops Estimates 2011-12 (prior-year column),https://agripunjab.punjab.gov.pk/system/files/Rabi%20Book%20All%20estimates%202011-12_0.pdf,Verified: directly reported (CRS prior-year column of the following season report)
Gujranwala,2011-12,236330,823290,3484,CRS Punjab - Rabi Crops Estimates 2011-12,https://agripunjab.punjab.gov.pk/system/files/Rabi%20Book%20All%20estimates%202011-12_0.pdf,Verified: directly reported (CRS final estimate)
Gujranwala,2012-13,232690,736130,3164,CRS Punjab - Rabi Crop Estimates Data Book 2013-14 (prior-year column),https://agripunjab.punjab.gov.pk/system/files/Final%20Rabi%20Estimates%202013-14.pdf,Verified: directly reported (CRS prior-year column of the following season report)
Gujranwala,2013-14,238360,755990,3172,CRS Punjab - Rabi Crop Estimates Data Book 2013-14,https://agripunjab.punjab.gov.pk/system/files/Final%20Rabi%20Estimates%202013-14.pdf,Verified: directly reported (CRS final estimate)
Gujranwala,2014-15,233100,633450,2717,CRS Punjab - Rabi Book 2015-16 (prior-year column),https://agripunjab.punjab.gov.pk/system/files/RABI%20BOOK%202015-16_0.pdf,Verified: directly reported (CRS prior-year column of the following season report)
Gujranwala,2015-16,225410,666550,2957.05603123198,CRS Punjab - Rabi Book 2015-16,https://agripunjab.punjab.gov.pk/system/files/RABI%20BOOK%202015-16_0.pdf,"Verified: yield calculated from official area & production (printed total yield differs, see notes)"
Gujranwala,2016-17,222980,669190,3001,CRS Punjab - Final Rabi Estimates 2017-18 (prior-year column),https://agripunjab.punjab.gov.pk/system/files/Final%20%20Rabi%20Estimates%202017-18.pdf,Verified: directly reported (CRS prior-year column of the following season report)
Gujranwala,2017-18,219340,693480,3162,CRS Punjab - Final Rabi Estimates 2017-18,https://agripunjab.punjab.gov.pk/system/files/Final%20%20Rabi%20Estimates%202017-18.pdf,Verified: directly reported (CRS final estimate)
Gujranwala,2018-19,220950,584880,2647,CRS Punjab - Final Rabi Estimates 2018-19,https://agripunjab.punjab.gov.pk/system/files/Final%20Rabi%20Estimates%202018-19.pdf,Verified: directly reported (CRS final estimate)
Gujranwala,2020-21,226620,719710,3176,CRS Punjab - Rabi Crops Estimates 2021-22 (prior-year column),https://agripunjab.punjab.gov.pk/system/files/Final%20Rabi%20Estimates%202021-22.pdf,Verified: directly reported (CRS prior-year column of the following season report)
Gujranwala,2021-22,230670,685140,2970,CRS Punjab - Rabi Crops Estimates 2021-22,https://agripunjab.punjab.gov.pk/system/files/Final%20Rabi%20Estimates%202021-22.pdf,Verified: directly reported (CRS final estimate)
Gujranwala,2022-23,162300,544600,3356,CRS Punjab - Final Rabi Estimates 2022-23,https://agripunjab.punjab.gov.pk/system/files/Final%20Rabi%20Estimates%202022-23.pdf,Verified: directly reported (CRS final estimate); BOUNDARY CHANGE: area reduced when Wazirabad District was carved out - not comparable with earlier seasons
Gujrat,2010-11,151350,288500,1906,CRS Punjab - Rabi Crops Estimates 2011-12 (prior-year column),https://agripunjab.punjab.gov.pk/system/files/Rabi%20Book%20All%20estimates%202011-12_0.pdf,Verified: directly reported (CRS prior-year column of the following season report)
Gujrat,2011-12,150940,266460,1765,CRS Punjab - Rabi Crops Estimates 2011-12,https://agripunjab.punjab.gov.pk/system/files/Rabi%20Book%20All%20estimates%202011-12_0.pdf,Verified: directly reported (CRS final estimate)
Gujrat,2012-13,150940,290850,1927,CRS Punjab - Rabi Crop Estimates Data Book 2013-14 (prior-year column),https://agripunjab.punjab.gov.pk/system/files/Final%20Rabi%20Estimates%202013-14.pdf,Verified: directly reported (CRS prior-year column of the following season report)
Gujrat,2013-14,154180,275380,1786,CRS Punjab - Rabi Crop Estimates Data Book 2013-14,https://agripunjab.punjab.gov.pk/system/files/Final%20Rabi%20Estimates%202013-14.pdf,Verified: directly reported (CRS final estimate)
Gujrat,2014-15,158630,243720,1537,CRS Punjab - Rabi Book 2015-16 (prior-year column),https://agripunjab.punjab.gov.pk/system/files/RABI%20BOOK%202015-16_0.pdf,Verified: directly reported (CRS prior-year column of the following season report)
Gujrat,2015-16,151760,257230,1694.97891407486,CRS Punjab - Rabi Book 2015-16,https://agripunjab.punjab.gov.pk/system/files/RABI%20BOOK%202015-16_0.pdf,"Verified: yield calculated from official area & production (printed total yield differs, see notes)"
Gujrat,2016-17,152560,281960,1848,CRS Punjab - Final Rabi Estimates 2017-18 (prior-year column),https://agripunjab.punjab.gov.pk/system/files/Final%20%20Rabi%20Estimates%202017-18.pdf,Verified: directly reported (CRS prior-year column of the following season report)
Gujrat,2017-18,152560,307660,2016,CRS Punjab - Final Rabi Estimates 2017-18,https://agripunjab.punjab.gov.pk/system/files/Final%20%20Rabi%20Estimates%202017-18.pdf,Verified: directly reported (CRS final estimate)
Gujrat,2018-19,151350,240180,1587,CRS Punjab - Final Rabi Estimates 2018-19,https://agripunjab.punjab.gov.pk/system/files/Final%20Rabi%20Estimates%202018-19.pdf,Verified: directly reported (CRS final estimate)
Gujrat,2020-21,151760,341930,2253,CRS Punjab - Rabi Crops Estimates 2021-22 (prior-year column),https://agripunjab.punjab.gov.pk/system/files/Final%20Rabi%20Estimates%202021-22.pdf,Verified: directly reported (CRS prior-year column of the following season report)
Gujrat,2021-22,157020,321880,2050,CRS Punjab - Rabi Crops Estimates 2021-22,https://agripunjab.punjab.gov.pk/system/files/Final%20Rabi%20Estimates%202021-22.pdf,Verified: directly reported (CRS final estimate)
Gujrat,2022-23,159400,363400,2279,CRS Punjab - Final Rabi Estimates 2022-23,https://agripunjab.punjab.gov.pk/system/files/Final%20Rabi%20Estimates%202022-23.pdf,Verified: directly reported (CRS final estimate)
Hafizabad,2010-11,152970,486750,3182,CRS Punjab - Rabi Crops Estimates 2011-12 (prior-year column),https://agripunjab.punjab.gov.pk/system/files/Rabi%20Book%20All%20estimates%202011-12_0.pdf,Verified: directly reported (CRS prior-year column of the following season report)
Hafizabad,2011-12,153780,475000,3089,CRS Punjab - Rabi Crops Estimates 2011-12,https://agripunjab.punjab.gov.pk/system/files/Rabi%20Book%20All%20estimates%202011-12_0.pdf,Verified: directly reported (CRS final estimate)
Hafizabad,2012-13,155400,472830,3043,CRS Punjab - Rabi Crop Estimates Data Book 2013-14 (prior-year column),https://agripunjab.punjab.gov.pk/system/files/Final%20Rabi%20Estimates%202013-14.pdf,Verified: directly reported (CRS prior-year column of the following season report)
Hafizabad,2013-14,157820,486920,3085,CRS Punjab - Rabi Crop Estimates Data Book 2013-14,https://agripunjab.punjab.gov.pk/system/files/Final%20Rabi%20Estimates%202013-14.pdf,Verified: directly reported (CRS final estimate)
Hafizabad,2014-15,163090,498940,3059,CRS Punjab - Rabi Book 2015-16 (prior-year column),https://agripunjab.punjab.gov.pk/system/files/RABI%20BOOK%202015-16_0.pdf,Verified: directly reported (CRS prior-year column of the following season report)
Hafizabad,2015-16,156210,479330,3069,CRS Punjab - Rabi Book 2015-16,https://agripunjab.punjab.gov.pk/system/files/RABI%20BOOK%202015-16_0.pdf,Verified: directly reported (CRS final estimate)
Hafizabad,2016-17,163490,554310,3390,CRS Punjab - Final Rabi Estimates 2017-18 (prior-year column),https://agripunjab.punjab.gov.pk/system/files/Final%20%20Rabi%20Estimates%202017-18.pdf,Verified: directly reported (CRS prior-year column of the following season report)
Hafizabad,2017-18,159850,555520,3475,CRS Punjab - Final Rabi Estimates 2017-18,https://agripunjab.punjab.gov.pk/system/files/Final%20%20Rabi%20Estimates%202017-18.pdf,Verified: directly reported (CRS final estimate)
Hafizabad,2018-19,165510,494920,2990,CRS Punjab - Final Rabi Estimates 2018-19,https://agripunjab.punjab.gov.pk/system/files/Final%20Rabi%20Estimates%202018-19.pdf,Verified: directly reported (CRS final estimate)
Hafizabad,2020-21,145680,524590,3601,CRS Punjab - Rabi Crops Estimates 2021-22 (prior-year column),https://agripunjab.punjab.gov.pk/system/files/Final%20Rabi%20Estimates%202021-22.pdf,Verified: directly reported (CRS prior-year column of the following season report)
Hafizabad,2021-22,146900,483810,3293,CRS Punjab - Rabi Crops Estimates 2021-22,https://agripunjab.punjab.gov.pk/system/files/Final%20Rabi%20Estimates%202021-22.pdf,Verified: directly reported (CRS final estimate)
Hafizabad,2022-23,150900,595500,3945,CRS Punjab - Final Rabi Estimates 2022-23,https://agripunjab.punjab.gov.pk/system/files/Final%20Rabi%20Estimates%202022-23.pdf,Verified: directly reported (CRS final estimate)
Jhang,2010-11,271940,797340,2932,CRS Punjab - Rabi Crops Estimates 2011-12 (prior-year column),https://agripunjab.punjab.gov.pk/system/files/Rabi%20Book%20All%20estimates%202011-12_0.pdf,Verified: directly reported (CRS prior-year column of the following season report)
Jhang,2011-12,261420,740700,2833,CRS Punjab - Rabi Crops Estimates 2011-12,https://agripunjab.punjab.gov.pk/system/files/Rabi%20Book%20All%20estimates%202011-12_0.pdf,Verified: directly reported (CRS final estimate)
Jhang,2012-13,259800,771530,2970,CRS Punjab - Rabi Crop Estimates Data Book 2013-14 (prior-year column),https://agripunjab.punjab.gov.pk/system/files/Final%20Rabi%20Estimates%202013-14.pdf,Verified: directly reported (CRS prior-year column of the following season report)
Jhang,2013-14,292980,893810,3051,CRS Punjab - Rabi Crop Estimates Data Book 2013-14,https://agripunjab.punjab.gov.pk/system/files/Final%20Rabi%20Estimates%202013-14.pdf,Verified: directly reported (CRS final estimate)
Jhang,2014-15,303100,931500,3073,CRS Punjab - Rabi Book 2015-16 (prior-year column),https://agripunjab.punjab.gov.pk/system/files/RABI%20BOOK%202015-16_0.pdf,Verified: directly reported (CRS prior-year column of the following season report)
Jhang,2015-16,300670,869670,2892.44021684904,CRS Punjab - Rabi Book 2015-16,https://agripunjab.punjab.gov.pk/system/files/RABI%20BOOK%202015-16_0.pdf,"Verified: yield calculated from official area & production (printed total yield differs, see notes)"
Jhang,2016-17,288530,917400,3179,CRS Punjab - Final Rabi Estimates 2017-18 (prior-year column),https://agripunjab.punjab.gov.pk/system/files/Final%20%20Rabi%20Estimates%202017-18.pdf,Verified: directly reported (CRS prior-year column of the following season report)
Jhang,2017-18,276800,872930,3153,CRS Punjab - Final Rabi Estimates 2017-18,https://agripunjab.punjab.gov.pk/system/files/Final%20%20Rabi%20Estimates%202017-18.pdf,Verified: directly reported (CRS final estimate)
Jhang,2018-19,276390,866750,3136,CRS Punjab - Final Rabi Estimates 2018-19,https://agripunjab.punjab.gov.pk/system/files/Final%20Rabi%20Estimates%202018-19.pdf,Verified: directly reported (CRS final estimate)
Jhang,2020-21,272750,902930,3310,CRS Punjab - Rabi Crops Estimates 2021-22 (prior-year column),https://agripunjab.punjab.gov.pk/system/files/Final%20Rabi%20Estimates%202021-22.pdf,Verified: directly reported (CRS prior-year column of the following season report)
Jhang,2021-22,255760,810730,3170,CRS Punjab - Rabi Crops Estimates 2021-22,https://agripunjab.punjab.gov.pk/system/files/Final%20Rabi%20Estimates%202021-22.pdf,Verified: directly reported (CRS final estimate)
Jhang,2022-23,263400,934300,3547,CRS Punjab - Final Rabi Estimates 2022-23,https://agripunjab.punjab.gov.pk/system/files/Final%20Rabi%20Estimates%202022-23.pdf,Verified: directly reported (CRS final estimate)
Jhelum,2010-11,48970,92640,1892,CRS Punjab - Rabi Crops Estimates 2011-12 (prior-year column),https://agripunjab.punjab.gov.pk/system/files/Rabi%20Book%20All%20estimates%202011-12_0.pdf,Verified: directly reported (CRS prior-year column of the following season report)
Jhelum,2011-12,49780,69100,1388,CRS Punjab - Rabi Crops Estimates 2011-12,https://agripunjab.punjab.gov.pk/system/files/Rabi%20Book%20All%20estimates%202011-12_0.pdf,Verified: directly reported (CRS final estimate)
Jhelum,2012-13,49370,88840,1799,CRS Punjab - Rabi Crop Estimates Data Book 2013-14 (prior-year column),https://agripunjab.punjab.gov.pk/system/files/Final%20Rabi%20Estimates%202013-14.pdf,Verified: directly reported (CRS prior-year column of the following season report)
Jhelum,2013-14,53820,87840,1632,CRS Punjab - Rabi Crop Estimates Data Book 2013-14,https://agripunjab.punjab.gov.pk/system/files/Final%20Rabi%20Estimates%202013-14.pdf,Verified: directly reported (CRS final estimate)
Jhelum,2014-15,53820,106840,1985,CRS Punjab - Rabi Book 2015-16 (prior-year column),https://agripunjab.punjab.gov.pk/system/files/RABI%20BOOK%202015-16_0.pdf,Verified: directly reported (CRS prior-year column of the following season report)
Jhelum,2015-16,56660,127370,2247.97034945288,CRS Punjab - Rabi Book 2015-16,https://agripunjab.punjab.gov.pk/system/files/RABI%20BOOK%202015-16_0.pdf,"Verified: yield calculated from official area & production (printed total yield differs, see notes)"
Jhelum,2016-17,53820,96210,1787,CRS Punjab - Final Rabi Estimates 2017-18 (prior-year column),https://agripunjab.punjab.gov.pk/system/files/Final%20%20Rabi%20Estimates%202017-18.pdf,Verified: directly reported (CRS prior-year column of the following season report)
Jhelum,2017-18,56250,85700,1524,CRS Punjab - Final Rabi Estimates 2017-18,https://agripunjab.punjab.gov.pk/system/files/Final%20%20Rabi%20Estimates%202017-18.pdf,Verified: directly reported (CRS final estimate)
Jhelum,2018-19,53420,85100,1593,CRS Punjab - Final Rabi Estimates 2018-19,https://agripunjab.punjab.gov.pk/system/files/Final%20Rabi%20Estimates%202018-19.pdf,Verified: directly reported (CRS final estimate)
Jhelum,2020-21,80930,115860,1431,CRS Punjab - Rabi Crops Estimates 2021-22 (prior-year column),https://agripunjab.punjab.gov.pk/system/files/Final%20Rabi%20Estimates%202021-22.pdf,Verified: directly reported (CRS prior-year column of the following season report)
Jhelum,2021-22,77290,152220,1970,CRS Punjab - Rabi Crops Estimates 2021-22,https://agripunjab.punjab.gov.pk/system/files/Final%20Rabi%20Estimates%202021-22.pdf,Verified: directly reported (CRS final estimate)
Jhelum,2022-23,85400,193900,2270,CRS Punjab - Final Rabi Estimates 2022-23,https://agripunjab.punjab.gov.pk/system/files/Final%20Rabi%20Estimates%202022-23.pdf,Verified: directly reported (CRS final estimate)
Kasur,2010-11,187360,578230,3086,CRS Punjab - Rabi Crops Estimates 2011-12 (prior-year column),https://agripunjab.punjab.gov.pk/system/files/Rabi%20Book%20All%20estimates%202011-12_0.pdf,Verified: directly reported (CRS prior-year column of the following season report)
Kasur,2011-12,184130,570620,3099,CRS Punjab - Rabi Crops Estimates 2011-12,https://agripunjab.punjab.gov.pk/system/files/Rabi%20Book%20All%20estimates%202011-12_0.pdf,Verified: directly reported (CRS final estimate)
Kasur,2012-13,178870,536330,2998,CRS Punjab - Rabi Crop Estimates Data Book 2013-14 (prior-year column),https://agripunjab.punjab.gov.pk/system/files/Final%20Rabi%20Estimates%202013-14.pdf,Verified: directly reported (CRS prior-year column of the following season report)
Kasur,2013-14,182100,548060,3010,CRS Punjab - Rabi Crop Estimates Data Book 2013-14,https://agripunjab.punjab.gov.pk/system/files/Final%20Rabi%20Estimates%202013-14.pdf,Verified: directly reported (CRS final estimate)
Kasur,2014-15,167530,514260,3069,CRS Punjab - Rabi Book 2015-16 (prior-year column),https://agripunjab.punjab.gov.pk/system/files/RABI%20BOOK%202015-16_0.pdf,Verified: directly reported (CRS prior-year column of the following season report)
Kasur,2015-16,165510,479490,2897.04549574044,CRS Punjab - Rabi Book 2015-16,https://agripunjab.punjab.gov.pk/system/files/RABI%20BOOK%202015-16_0.pdf,"Verified: yield calculated from official area & production (printed total yield differs, see notes)"
Kasur,2016-17,164300,526440,3204,CRS Punjab - Final Rabi Estimates 2017-18 (prior-year column),https://agripunjab.punjab.gov.pk/system/files/Final%20%20Rabi%20Estimates%202017-18.pdf,Verified: directly reported (CRS prior-year column of the following season report)
Kasur,2017-18,162680,514500,3163,CRS Punjab - Final Rabi Estimates 2017-18,https://agripunjab.punjab.gov.pk/system/files/Final%20%20Rabi%20Estimates%202017-18.pdf,Verified: directly reported (CRS final estimate)
Kasur,2018-19,161870,467300,2887,CRS Punjab - Final Rabi Estimates 2018-19,https://agripunjab.punjab.gov.pk/system/files/Final%20Rabi%20Estimates%202018-19.pdf,Verified: directly reported (CRS final estimate)
Kasur,2020-21,136780,478200,3496,CRS Punjab - Rabi Crops Estimates 2021-22 (prior-year column),https://agripunjab.punjab.gov.pk/system/files/Final%20Rabi%20Estimates%202021-22.pdf,Verified: directly reported (CRS prior-year column of the following season report)
Kasur,2021-22,129900,406260,3127,CRS Punjab - Rabi Crops Estimates 2021-22,https://agripunjab.punjab.gov.pk/system/files/Final%20Rabi%20Estimates%202021-22.pdf,Verified: directly reported (CRS final estimate)
Kasur,2022-23,127500,434300,3407,CRS Punjab - Final Rabi Estimates 2022-23,https://agripunjab.punjab.gov.pk/system/files/Final%20Rabi%20Estimates%202022-23.pdf,Verified: directly reported (CRS final estimate)
Khanewal,2010-11,203150,627460,3089,CRS Punjab - Rabi Crops Estimates 2011-12 (prior-year column),https://agripunjab.punjab.gov.pk/system/files/Rabi%20Book%20All%20estimates%202011-12_0.pdf,Verified: directly reported (CRS prior-year column of the following season report)
Khanewal,2011-12,195460,573960,2937,CRS Punjab - Rabi Crops Estimates 2011-12,https://agripunjab.punjab.gov.pk/system/files/Rabi%20Book%20All%20estimates%202011-12_0.pdf,Verified: directly reported (CRS final estimate)
Khanewal,2012-13,202740,629420,3105,CRS Punjab - Rabi Crop Estimates Data Book 2013-14 (prior-year column),https://agripunjab.punjab.gov.pk/system/files/Final%20Rabi%20Estimates%202013-14.pdf,Verified: directly reported (CRS prior-year column of the following season report)
Khanewal,2013-14,215290,682530,3170,CRS Punjab - Rabi Crop Estimates Data Book 2013-14,https://agripunjab.punjab.gov.pk/system/files/Final%20Rabi%20Estimates%202013-14.pdf,Verified: directly reported (CRS final estimate)
Khanewal,2014-15,203560,641900,3153,CRS Punjab - Rabi Book 2015-16 (prior-year column),https://agripunjab.punjab.gov.pk/system/files/RABI%20BOOK%202015-16_0.pdf,Verified: directly reported (CRS prior-year column of the following season report)
Khanewal,2015-16,204360,657340,3216.57858680759,CRS Punjab - Rabi Book 2015-16,https://agripunjab.punjab.gov.pk/system/files/RABI%20BOOK%202015-16_0.pdf,"Verified: yield calculated from official area & production (printed total yield differs, see notes)"
Khanewal,2016-17,200320,753540,3762,CRS Punjab - Final Rabi Estimates 2017-18 (prior-year column),https://agripunjab.punjab.gov.pk/system/files/Final%20%20Rabi%20Estimates%202017-18.pdf,Verified: directly reported (CRS prior-year column of the following season report)
Khanewal,2017-18,194650,675730,3472,CRS Punjab - Final Rabi Estimates 2017-18,https://agripunjab.punjab.gov.pk/system/files/Final%20%20Rabi%20Estimates%202017-18.pdf,Verified: directly reported (CRS final estimate)
Khanewal,2018-19,191410,597780,3123,CRS Punjab - Final Rabi Estimates 2018-19,https://agripunjab.punjab.gov.pk/system/files/Final%20Rabi%20Estimates%202018-19.pdf,Verified: directly reported (CRS final estimate)
Khanewal,2020-21,227430,759150,3338,CRS Punjab - Rabi Crops Estimates 2021-22 (prior-year column),https://agripunjab.punjab.gov.pk/system/files/Final%20Rabi%20Estimates%202021-22.pdf,Verified: directly reported (CRS prior-year column of the following season report)
Khanewal,2021-22,214880,792890,3690,CRS Punjab - Rabi Crops Estimates 2021-22,https://agripunjab.punjab.gov.pk/system/files/Final%20Rabi%20Estimates%202021-22.pdf,Verified: directly reported (CRS final estimate)
Khanewal,2022-23,194300,726900,3742,CRS Punjab - Final Rabi Estimates 2022-23,https://agripunjab.punjab.gov.pk/system/files/Final%20Rabi%20Estimates%202022-23.pdf,Verified: directly reported (CRS final estimate)
Khushab,2010-11,92270,185720,2012,CRS Punjab - Rabi Crops Estimates 2011-12 (prior-year column),https://agripunjab.punjab.gov.pk/system/files/Rabi%20Book%20All%20estimates%202011-12_0.pdf,Verified: directly reported (CRS prior-year column of the following season report)
Khushab,2011-12,85790,144800,1688,CRS Punjab - Rabi Crops Estimates 2011-12,https://agripunjab.punjab.gov.pk/system/files/Rabi%20Book%20All%20estimates%202011-12_0.pdf,Verified: directly reported (CRS final estimate)
Khushab,2012-13,87410,167450,1916,CRS Punjab - Rabi Crop Estimates Data Book 2013-14 (prior-year column),https://agripunjab.punjab.gov.pk/system/files/Final%20Rabi%20Estimates%202013-14.pdf,Verified: directly reported (CRS prior-year column of the following season report)
Khushab,2013-14,89840,148760,1656,CRS Punjab - Rabi Crop Estimates Data Book 2013-14,https://agripunjab.punjab.gov.pk/system/files/Final%20Rabi%20Estimates%202013-14.pdf,Verified: directly reported (CRS final estimate)
Khushab,2014-15,92670,171440,1850,CRS Punjab - Rabi Book 2015-16 (prior-year column),https://agripunjab.punjab.gov.pk/system/files/RABI%20BOOK%202015-16_0.pdf,Verified: directly reported (CRS prior-year column of the following season report)
Khushab,2015-16,95910,189010,1970.70169950996,CRS Punjab - Rabi Book 2015-16,https://agripunjab.punjab.gov.pk/system/files/RABI%20BOOK%202015-16_0.pdf,"Verified: yield calculated from official area & production (printed total yield differs, see notes)"
Khushab,2016-17,89840,192510,2143,CRS Punjab - Final Rabi Estimates 2017-18 (prior-year column),https://agripunjab.punjab.gov.pk/system/files/Final%20%20Rabi%20Estimates%202017-18.pdf,Verified: directly reported (CRS prior-year column of the following season report)
Khushab,2017-18,93070,191530,2058,CRS Punjab - Final Rabi Estimates 2017-18,https://agripunjab.punjab.gov.pk/system/files/Final%20%20Rabi%20Estimates%202017-18.pdf,Verified: directly reported (CRS final estimate)
Khushab,2018-19,94700,167450,1768,CRS Punjab - Final Rabi Estimates 2018-19,https://agripunjab.punjab.gov.pk/system/files/Final%20Rabi%20Estimates%202018-19.pdf,Verified: directly reported (CRS final estimate)
Khushab,2020-21,128280,288590,2250,CRS Punjab - Rabi Crops Estimates 2021-22 (prior-year column),https://agripunjab.punjab.gov.pk/system/files/Final%20Rabi%20Estimates%202021-22.pdf,Verified: directly reported (CRS prior-year column of the following season report)
Khushab,2021-22,139210,287970,2069,CRS Punjab - Rabi Crops Estimates 2021-22,https://agripunjab.punjab.gov.pk/system/files/Final%20Rabi%20Estimates%202021-22.pdf,Verified: directly reported (CRS final estimate)
Khushab,2022-23,123000,290800,2363,CRS Punjab - Final Rabi Estimates 2022-23,https://agripunjab.punjab.gov.pk/system/files/Final%20Rabi%20Estimates%202022-23.pdf,Verified: directly reported (CRS final estimate)
Kot Addu,2022-23,93100,269800,2899,CRS Punjab - Final Rabi Estimates 2022-23,https://agripunjab.punjab.gov.pk/system/files/Final%20Rabi%20Estimates%202022-23.pdf,Verified: directly reported (CRS final estimate); NEW DISTRICT (no earlier seasons)
Lahore,2010-11,64750,185850,2870,CRS Punjab - Rabi Crops Estimates 2011-12 (prior-year column),https://agripunjab.punjab.gov.pk/system/files/Rabi%20Book%20All%20estimates%202011-12_0.pdf,Verified: directly reported (CRS prior-year column of the following season report)
Lahore,2011-12,63930,191810,3000,CRS Punjab - Rabi Crops Estimates 2011-12,https://agripunjab.punjab.gov.pk/system/files/Rabi%20Book%20All%20estimates%202011-12_0.pdf,Verified: directly reported (CRS final estimate)
Lahore,2012-13,57470,177250,3084,CRS Punjab - Rabi Crop Estimates Data Book 2013-14 (prior-year column),https://agripunjab.punjab.gov.pk/system/files/Final%20Rabi%20Estimates%202013-14.pdf,Verified: directly reported (CRS prior-year column of the following season report)
Lahore,2013-14,59490,174000,2925,CRS Punjab - Rabi Crop Estimates Data Book 2013-14,https://agripunjab.punjab.gov.pk/system/files/Final%20Rabi%20Estimates%202013-14.pdf,Verified: directly reported (CRS final estimate)
Lahore,2014-15,59890,164060,2739,CRS Punjab - Rabi Book 2015-16 (prior-year column),https://agripunjab.punjab.gov.pk/system/files/RABI%20BOOK%202015-16_0.pdf,Verified: directly reported (CRS prior-year column of the following season report)
Lahore,2015-16,57060,170150,2982,CRS Punjab - Rabi Book 2015-16,https://agripunjab.punjab.gov.pk/system/files/RABI%20BOOK%202015-16_0.pdf,Verified: directly reported (CRS final estimate)
Lahore,2016-17,57460,181120,3152,CRS Punjab - Final Rabi Estimates 2017-18 (prior-year column),https://agripunjab.punjab.gov.pk/system/files/Final%20%20Rabi%20Estimates%202017-18.pdf,Verified: directly reported (CRS prior-year column of the following season report)
Lahore,2017-18,55040,171670,3119,CRS Punjab - Final Rabi Estimates 2017-18,https://agripunjab.punjab.gov.pk/system/files/Final%20%20Rabi%20Estimates%202017-18.pdf,Verified: directly reported (CRS final estimate)
Lahore,2018-19,53010,166980,3150,CRS Punjab - Final Rabi Estimates 2018-19,https://agripunjab.punjab.gov.pk/system/files/Final%20Rabi%20Estimates%202018-19.pdf,Verified: directly reported (CRS final estimate)
Lahore,2020-21,42090,135120,3210,CRS Punjab - Rabi Crops Estimates 2021-22 (prior-year column),https://agripunjab.punjab.gov.pk/system/files/Final%20Rabi%20Estimates%202021-22.pdf,Verified: directly reported (CRS prior-year column of the following season report)
Lahore,2021-22,43710,150120,3435,CRS Punjab - Rabi Crops Estimates 2021-22,https://agripunjab.punjab.gov.pk/system/files/Final%20Rabi%20Estimates%202021-22.pdf,Verified: directly reported (CRS final estimate)
Lahore,2022-23,45700,159600,3490,CRS Punjab - Final Rabi Estimates 2022-23,https://agripunjab.punjab.gov.pk/system/files/Final%20Rabi%20Estimates%202022-23.pdf,Verified: directly reported (CRS final estimate)
Layyah,2010-11,196680,554180,2818,CRS Punjab - Rabi Crops Estimates 2011-12 (prior-year column),https://agripunjab.punjab.gov.pk/system/files/Rabi%20Book%20All%20estimates%202011-12_0.pdf,Verified: directly reported (CRS prior-year column of the following season report)
Layyah,2011-12,191420,456020,2382,CRS Punjab - Rabi Crops Estimates 2011-12,https://agripunjab.punjab.gov.pk/system/files/Rabi%20Book%20All%20estimates%202011-12_0.pdf,Verified: directly reported (CRS final estimate)
Layyah,2012-13,190600,498330,2615,CRS Punjab - Rabi Crop Estimates Data Book 2013-14 (prior-year column),https://agripunjab.punjab.gov.pk/system/files/Final%20Rabi%20Estimates%202013-14.pdf,Verified: directly reported (CRS prior-year column of the following season report)
Layyah,2013-14,216500,586880,2711,CRS Punjab - Rabi Crop Estimates Data Book 2013-14,https://agripunjab.punjab.gov.pk/system/files/Final%20Rabi%20Estimates%202013-14.pdf,Verified: directly reported (CRS final estimate)
Layyah,2014-15,233500,593500,2542,CRS Punjab - Rabi Book 2015-16 (prior-year column),https://agripunjab.punjab.gov.pk/system/files/RABI%20BOOK%202015-16_0.pdf,Verified: directly reported (CRS prior-year column of the following season report)
Layyah,2015-16,234310,604360,2579.31799752465,CRS Punjab - Rabi Book 2015-16,https://agripunjab.punjab.gov.pk/system/files/RABI%20BOOK%202015-16_0.pdf,"Verified: yield calculated from official area & production (printed total yield differs, see notes)"
Layyah,2016-17,231060,702770,3041,CRS Punjab - Final Rabi Estimates 2017-18 (prior-year column),https://agripunjab.punjab.gov.pk/system/files/Final%20%20Rabi%20Estimates%202017-18.pdf,Verified: directly reported (CRS prior-year column of the following season report)
Layyah,2017-18,221360,540350,2441,CRS Punjab - Final Rabi Estimates 2017-18,https://agripunjab.punjab.gov.pk/system/files/Final%20%20Rabi%20Estimates%202017-18.pdf,Verified: directly reported (CRS final estimate)
Layyah,2018-19,216910,568970,2623,CRS Punjab - Final Rabi Estimates 2018-19,https://agripunjab.punjab.gov.pk/system/files/Final%20Rabi%20Estimates%202018-19.pdf,Verified: directly reported (CRS final estimate)
Layyah,2020-21,274780,777410,2829,CRS Punjab - Rabi Crops Estimates 2021-22 (prior-year column),https://agripunjab.punjab.gov.pk/system/files/Final%20Rabi%20Estimates%202021-22.pdf,Verified: directly reported (CRS prior-year column of the following season report)
Layyah,2021-22,273160,817830,2994,CRS Punjab - Rabi Crops Estimates 2021-22,https://agripunjab.punjab.gov.pk/system/files/Final%20Rabi%20Estimates%202021-22.pdf,Verified: directly reported (CRS final estimate)
Layyah,2022-23,271500,837900,3086,CRS Punjab - Final Rabi Estimates 2022-23,https://agripunjab.punjab.gov.pk/system/files/Final%20Rabi%20Estimates%202022-23.pdf,Verified: directly reported (CRS final estimate)
Lodhran,2010-11,185750,580430,3125,CRS Punjab - Rabi Crops Estimates 2011-12 (prior-year column),https://agripunjab.punjab.gov.pk/system/files/Rabi%20Book%20All%20estimates%202011-12_0.pdf,Verified: directly reported (CRS prior-year column of the following season report)
Lodhran,2011-12,166320,500400,3009,CRS Punjab - Rabi Crops Estimates 2011-12,https://agripunjab.punjab.gov.pk/system/files/Rabi%20Book%20All%20estimates%202011-12_0.pdf,Verified: directly reported (CRS final estimate)
Lodhran,2012-13,192220,609710,3172,CRS Punjab - Rabi Crop Estimates Data Book 2013-14 (prior-year column),https://agripunjab.punjab.gov.pk/system/files/Final%20Rabi%20Estimates%202013-14.pdf,Verified: directly reported (CRS prior-year column of the following season report)
Lodhran,2013-14,208000,681060,3274,CRS Punjab - Rabi Crop Estimates Data Book 2013-14,https://agripunjab.punjab.gov.pk/system/files/Final%20Rabi%20Estimates%202013-14.pdf,Verified: directly reported (CRS final estimate)
Lodhran,2014-15,203960,636770,3122,CRS Punjab - Rabi Book 2015-16 (prior-year column),https://agripunjab.punjab.gov.pk/system/files/RABI%20BOOK%202015-16_0.pdf,Verified: directly reported (CRS prior-year column of the following season report)
Lodhran,2015-16,203150,688020,3387,CRS Punjab - Rabi Book 2015-16,https://agripunjab.punjab.gov.pk/system/files/RABI%20BOOK%202015-16_0.pdf,Verified: directly reported (CRS final estimate)
Lodhran,2016-17,205170,796680,3883,CRS Punjab - Final Rabi Estimates 2017-18 (prior-year column),https://agripunjab.punjab.gov.pk/system/files/Final%20%20Rabi%20Estimates%202017-18.pdf,Verified: directly reported (CRS prior-year column of the following season report)
Lodhran,2017-18,204360,698160,3416,CRS Punjab - Final Rabi Estimates 2017-18,https://agripunjab.punjab.gov.pk/system/files/Final%20%20Rabi%20Estimates%202017-18.pdf,Verified: directly reported (CRS final estimate)
Lodhran,2018-19,195860,663530,3388,CRS Punjab - Final Rabi Estimates 2018-19,https://agripunjab.punjab.gov.pk/system/files/Final%20Rabi%20Estimates%202018-19.pdf,Verified: directly reported (CRS final estimate)
Lodhran,2020-21,170370,575930,3380,CRS Punjab - Rabi Crops Estimates 2021-22 (prior-year column),https://agripunjab.punjab.gov.pk/system/files/Final%20Rabi%20Estimates%202021-22.pdf,Verified: directly reported (CRS prior-year column of the following season report)
Lodhran,2021-22,165510,622830,3763,CRS Punjab - Rabi Crops Estimates 2021-22,https://agripunjab.punjab.gov.pk/system/files/Final%20Rabi%20Estimates%202021-22.pdf,Verified: directly reported (CRS final estimate)
Lodhran,2022-23,155400,594700,3827,CRS Punjab - Final Rabi Estimates 2022-23,https://agripunjab.punjab.gov.pk/system/files/Final%20Rabi%20Estimates%202022-23.pdf,Verified: directly reported (CRS final estimate)
M.B. Din,2010-11,137590,359050,2609,CRS Punjab - Rabi Crops Estimates 2011-12 (prior-year column),https://agripunjab.punjab.gov.pk/system/files/Rabi%20Book%20All%20estimates%202011-12_0.pdf,Verified: directly reported (CRS prior-year column of the following season report)
M.B. Din,2011-12,135970,370570,2725,CRS Punjab - Rabi Crops Estimates 2011-12,https://agripunjab.punjab.gov.pk/system/files/Rabi%20Book%20All%20estimates%202011-12_0.pdf,Verified: directly reported (CRS final estimate)
M.B. Din,2012-13,138400,393020,2840,CRS Punjab - Rabi Crop Estimates Data Book 2013-14 (prior-year column),https://agripunjab.punjab.gov.pk/system/files/Final%20Rabi%20Estimates%202013-14.pdf,Verified: directly reported (CRS prior-year column of the following season report)
M.B. Din,2013-14,142440,370300,2599,CRS Punjab - Rabi Crop Estimates Data Book 2013-14,https://agripunjab.punjab.gov.pk/system/files/Final%20Rabi%20Estimates%202013-14.pdf,Verified: directly reported (CRS final estimate)
M.B. Din,2014-15,144470,352440,2440,CRS Punjab - Rabi Book 2015-16 (prior-year column),https://agripunjab.punjab.gov.pk/system/files/RABI%20BOOK%202015-16_0.pdf,Verified: directly reported (CRS prior-year column of the following season report)
M.B. Din,2015-16,148520,382300,2573,CRS Punjab - Rabi Book 2015-16,https://agripunjab.punjab.gov.pk/system/files/RABI%20BOOK%202015-16_0.pdf,Verified: directly reported (CRS final estimate)
M.B. Din,2016-17,151750,474660,3128,CRS Punjab - Final Rabi Estimates 2017-18 (prior-year column),https://agripunjab.punjab.gov.pk/system/files/Final%20%20Rabi%20Estimates%202017-18.pdf,Verified: directly reported (CRS prior-year column of the following season report)
M.B. Din,2017-18,149730,422470,2821,CRS Punjab - Final Rabi Estimates 2017-18,https://agripunjab.punjab.gov.pk/system/files/Final%20%20Rabi%20Estimates%202017-18.pdf,Verified: directly reported (CRS final estimate)
M.B. Din,2018-19,149730,389020,2598,CRS Punjab - Final Rabi Estimates 2018-19,https://agripunjab.punjab.gov.pk/system/files/Final%20Rabi%20Estimates%202018-19.pdf,Verified: directly reported (CRS final estimate)
M.B.Din,2020-21,130310,391420,3004,CRS Punjab - Rabi Crops Estimates 2021-22 (prior-year column),https://agripunjab.punjab.gov.pk/system/files/Final%20Rabi%20Estimates%202021-22.pdf,Verified: directly reported (CRS prior-year column of the following season report)
M.B.Din,2021-22,127070,355700,2799,CRS Punjab - Rabi Crops Estimates 2021-22,https://agripunjab.punjab.gov.pk/system/files/Final%20Rabi%20Estimates%202021-22.pdf,Verified: directly reported (CRS final estimate)
M.B.Din,2022-23,133500,432400,3238,CRS Punjab - Final Rabi Estimates 2022-23,https://agripunjab.punjab.gov.pk/system/files/Final%20Rabi%20Estimates%202022-23.pdf,Verified: directly reported (CRS final estimate)
Mianwali,2010-11,171990,411980,2395,CRS Punjab - Rabi Crops Estimates 2011-12 (prior-year column),https://agripunjab.punjab.gov.pk/system/files/Rabi%20Book%20All%20estimates%202011-12_0.pdf,Verified: directly reported (CRS prior-year column of the following season report)
Mianwali,2011-12,175230,386240,2204,CRS Punjab - Rabi Crops Estimates 2011-12,https://agripunjab.punjab.gov.pk/system/files/Rabi%20Book%20All%20estimates%202011-12_0.pdf,Verified: directly reported (CRS final estimate)
Mianwali,2012-13,173210,434100,2506,CRS Punjab - Rabi Crop Estimates Data Book 2013-14 (prior-year column),https://agripunjab.punjab.gov.pk/system/files/Final%20Rabi%20Estimates%202013-14.pdf,Verified: directly reported (CRS prior-year column of the following season report)
Mianwali,2013-14,178060,445820,2504,CRS Punjab - Rabi Crop Estimates Data Book 2013-14,https://agripunjab.punjab.gov.pk/system/files/Final%20Rabi%20Estimates%202013-14.pdf,Verified: directly reported (CRS final estimate)
Mianwali,2014-15,182110,323490,1776,CRS Punjab - Rabi Book 2015-16 (prior-year column),https://agripunjab.punjab.gov.pk/system/files/RABI%20BOOK%202015-16_0.pdf,Verified: directly reported (CRS prior-year column of the following season report)
Mianwali,2015-16,173610,353630,2036.92183629975,CRS Punjab - Rabi Book 2015-16,https://agripunjab.punjab.gov.pk/system/files/RABI%20BOOK%202015-16_0.pdf,"Verified: yield calculated from official area & production (printed total yield differs, see notes)"
Mianwali,2016-17,156210,456170,2920,CRS Punjab - Final Rabi Estimates 2017-18 (prior-year column),https://agripunjab.punjab.gov.pk/system/files/Final%20%20Rabi%20Estimates%202017-18.pdf,Verified: directly reported (CRS prior-year column of the following season report)
Mianwali,2017-18,156210,361210,2312,CRS Punjab - Final Rabi Estimates 2017-18,https://agripunjab.punjab.gov.pk/system/files/Final%20%20Rabi%20Estimates%202017-18.pdf,Verified: directly reported (CRS final estimate)
Mianwali,2018-19,152560,337090,2210,CRS Punjab - Final Rabi Estimates 2018-19,https://agripunjab.punjab.gov.pk/system/files/Final%20Rabi%20Estimates%202018-19.pdf,Verified: directly reported (CRS final estimate)
Mianwali,2020-21,211240,581020,2750,CRS Punjab - Rabi Crops Estimates 2021-22 (prior-year column),https://agripunjab.punjab.gov.pk/system/files/Final%20Rabi%20Estimates%202021-22.pdf,Verified: directly reported (CRS prior-year column of the following season report)
Mianwali,2021-22,200320,539960,2695,CRS Punjab - Rabi Crops Estimates 2021-22,https://agripunjab.punjab.gov.pk/system/files/Final%20Rabi%20Estimates%202021-22.pdf,Verified: directly reported (CRS final estimate)
Mianwali,2022-23,190200,588500,3094,CRS Punjab - Final Rabi Estimates 2022-23,https://agripunjab.punjab.gov.pk/system/files/Final%20Rabi%20Estimates%202022-23.pdf,Verified: directly reported (CRS final estimate)
Multan,2010-11,185340,520870,2810,CRS Punjab - Rabi Crops Estimates 2011-12 (prior-year column),https://agripunjab.punjab.gov.pk/system/files/Rabi%20Book%20All%20estimates%202011-12_0.pdf,Verified: directly reported (CRS prior-year column of the following season report)
Multan,2011-12,167140,434510,2600,CRS Punjab - Rabi Crops Estimates 2011-12,https://agripunjab.punjab.gov.pk/system/files/Rabi%20Book%20All%20estimates%202011-12_0.pdf,Verified: directly reported (CRS final estimate)
Multan,2012-13,173200,503460,2907,CRS Punjab - Rabi Crop Estimates Data Book 2013-14 (prior-year column),https://agripunjab.punjab.gov.pk/system/files/Final%20Rabi%20Estimates%202013-14.pdf,Verified: directly reported (CRS prior-year column of the following season report)
Multan,2013-14,184530,544750,2952,CRS Punjab - Rabi Crop Estimates Data Book 2013-14,https://agripunjab.punjab.gov.pk/system/files/Final%20Rabi%20Estimates%202013-14.pdf,Verified: directly reported (CRS final estimate)
Multan,2014-15,191000,577220,3022,CRS Punjab - Rabi Book 2015-16 (prior-year column),https://agripunjab.punjab.gov.pk/system/files/RABI%20BOOK%202015-16_0.pdf,Verified: directly reported (CRS prior-year column of the following season report)
Multan,2015-16,186960,566050,3027.65297389816,CRS Punjab - Rabi Book 2015-16,https://agripunjab.punjab.gov.pk/system/files/RABI%20BOOK%202015-16_0.pdf,"Verified: yield calculated from official area & production (printed total yield differs, see notes)"
Multan,2016-17,189790,615540,3243,CRS Punjab - Final Rabi Estimates 2017-18 (prior-year column),https://agripunjab.punjab.gov.pk/system/files/Final%20%20Rabi%20Estimates%202017-18.pdf,Verified: directly reported (CRS prior-year column of the following season report)
Multan,2017-18,190610,612310,3212,CRS Punjab - Final Rabi Estimates 2017-18,https://agripunjab.punjab.gov.pk/system/files/Final%20%20Rabi%20Estimates%202017-18.pdf,Verified: directly reported (CRS final estimate)
Multan,2018-19,186560,581930,3119,CRS Punjab - Final Rabi Estimates 2018-19,https://agripunjab.punjab.gov.pk/system/files/Final%20Rabi%20Estimates%202018-19.pdf,Verified: directly reported (CRS final estimate)
Multan,2020-21,166730,568560,3410,CRS Punjab - Rabi Crops Estimates 2021-22 (prior-year column),https://agripunjab.punjab.gov.pk/system/files/Final%20Rabi%20Estimates%202021-22.pdf,Verified: directly reported (CRS prior-year column of the following season report)
Multan,2021-22,176840,642040,3631,CRS Punjab - Rabi Crops Estimates 2021-22,https://agripunjab.punjab.gov.pk/system/files/Final%20Rabi%20Estimates%202021-22.pdf,Verified: directly reported (CRS final estimate)
Multan,2022-23,173200,641500,3704,CRS Punjab - Final Rabi Estimates 2022-23,https://agripunjab.punjab.gov.pk/system/files/Final%20Rabi%20Estimates%202022-23.pdf,Verified: directly reported (CRS final estimate)
Muree,2022-23,5700,8500,1494,CRS Punjab - Final Rabi Estimates 2022-23,https://agripunjab.punjab.gov.pk/system/files/Final%20Rabi%20Estimates%202022-23.pdf,Verified: directly reported (CRS final estimate); NEW DISTRICT (no earlier seasons)
Muzaffargarh,2010-11,308370,891530,2891,CRS Punjab - Rabi Crops Estimates 2011-12 (prior-year column),https://agripunjab.punjab.gov.pk/system/files/Rabi%20Book%20All%20estimates%202011-12_0.pdf,Verified: directly reported (CRS prior-year column of the following season report)
Muzaffargarh,2011-12,299050,823180,2752,CRS Punjab - Rabi Crops Estimates 2011-12,https://agripunjab.punjab.gov.pk/system/files/Rabi%20Book%20All%20estimates%202011-12_0.pdf,Verified: directly reported (CRS final estimate)
Muzaffargarh,2012-13,291370,816940,2804,CRS Punjab - Rabi Crop Estimates Data Book 2013-14 (prior-year column),https://agripunjab.punjab.gov.pk/system/files/Final%20Rabi%20Estimates%202013-14.pdf,Verified: directly reported (CRS prior-year column of the following season report)
Muzaffargarh,2013-14,312410,878710,2813,CRS Punjab - Rabi Crop Estimates Data Book 2013-14,https://agripunjab.punjab.gov.pk/system/files/Final%20Rabi%20Estimates%202013-14.pdf,Verified: directly reported (CRS final estimate)
Muzaffargarh,2014-15,313220,874630,2793,CRS Punjab - Rabi Book 2015-16 (prior-year column),https://agripunjab.punjab.gov.pk/system/files/RABI%20BOOK%202015-16_0.pdf,Verified: directly reported (CRS prior-year column of the following season report)
Muzaffargarh,2015-16,303910,876210,2883.12329308019,CRS Punjab - Rabi Book 2015-16,https://agripunjab.punjab.gov.pk/system/files/RABI%20BOOK%202015-16_0.pdf,"Verified: yield calculated from official area & production (printed total yield differs, see notes)"
Muzaffargarh,2016-17,288540,917650,3180,CRS Punjab - Final Rabi Estimates 2017-18 (prior-year column),https://agripunjab.punjab.gov.pk/system/files/Final%20%20Rabi%20Estimates%202017-18.pdf,Verified: directly reported (CRS prior-year column of the following season report)
Muzaffargarh,2017-18,287730,905670,3148,CRS Punjab - Final Rabi Estimates 2017-18,https://agripunjab.punjab.gov.pk/system/files/Final%20%20Rabi%20Estimates%202017-18.pdf,Verified: directly reported (CRS final estimate)
Muzaffargarh,2018-19,295820,908910,3072,CRS Punjab - Final Rabi Estimates 2018-19,https://agripunjab.punjab.gov.pk/system/files/Final%20Rabi%20Estimates%202018-19.pdf,Verified: directly reported (CRS final estimate)
Muzaffargarh,2020-21,257380,811790,3154,CRS Punjab - Rabi Crops Estimates 2021-22 (prior-year column),https://agripunjab.punjab.gov.pk/system/files/Final%20Rabi%20Estimates%202021-22.pdf,Verified: directly reported (CRS prior-year column of the following season report)
Muzaffargarh,2021-22,242400,736050,3036,CRS Punjab - Rabi Crops Estimates 2021-22,https://agripunjab.punjab.gov.pk/system/files/Final%20Rabi%20Estimates%202021-22.pdf,Verified: directly reported (CRS final estimate)
Muzzafargargh,2022-23,141200,461000,3264,CRS Punjab - Final Rabi Estimates 2022-23,https://agripunjab.punjab.gov.pk/system/files/Final%20Rabi%20Estimates%202022-23.pdf,Verified: directly reported (CRS final estimate); BOUNDARY CHANGE: area reduced when Kot Addu District was carved out - not comparable with earlier seasons
Nankana Sahib,2010-11,113710,340870,2998,CRS Punjab - Rabi Crops Estimates 2011-12 (prior-year column),https://agripunjab.punjab.gov.pk/system/files/Rabi%20Book%20All%20estimates%202011-12_0.pdf,Verified: directly reported (CRS prior-year column of the following season report)
Nankana Sahib,2011-12,112500,351550,3125,CRS Punjab - Rabi Crops Estimates 2011-12,https://agripunjab.punjab.gov.pk/system/files/Rabi%20Book%20All%20estimates%202011-12_0.pdf,Verified: directly reported (CRS final estimate)
Nankana Sahib,2012-13,118570,367670,3101,CRS Punjab - Rabi Crop Estimates Data Book 2013-14 (prior-year column),https://agripunjab.punjab.gov.pk/system/files/Final%20Rabi%20Estimates%202013-14.pdf,Verified: directly reported (CRS prior-year column of the following season report)
Nankana Sahib,2013-14,124640,387300,3107,CRS Punjab - Rabi Crop Estimates Data Book 2013-14,https://agripunjab.punjab.gov.pk/system/files/Final%20Rabi%20Estimates%202013-14.pdf,Verified: directly reported (CRS final estimate)
Nankana Sahib,2014-15,126260,420280,3329,CRS Punjab - Rabi Book 2015-16 (prior-year column),https://agripunjab.punjab.gov.pk/system/files/RABI%20BOOK%202015-16_0.pdf,Verified: directly reported (CRS prior-year column of the following season report)
Nankana Sahib,2015-16,124240,400940,3227,CRS Punjab - Rabi Book 2015-16,https://agripunjab.punjab.gov.pk/system/files/RABI%20BOOK%202015-16_0.pdf,Verified: directly reported (CRS final estimate)
Nankana Sahib,2016-17,121810,422420,3468,CRS Punjab - Final Rabi Estimates 2017-18 (prior-year column),https://agripunjab.punjab.gov.pk/system/files/Final%20%20Rabi%20Estimates%202017-18.pdf,Verified: directly reported (CRS prior-year column of the following season report)
Nankana Sahib,2017-18,120590,391520,3247,CRS Punjab - Final Rabi Estimates 2017-18,https://agripunjab.punjab.gov.pk/system/files/Final%20%20Rabi%20Estimates%202017-18.pdf,Verified: directly reported (CRS final estimate)
Nankana Sahib,2018-19,119380,380530,3188,CRS Punjab - Final Rabi Estimates 2018-19,https://agripunjab.punjab.gov.pk/system/files/Final%20Rabi%20Estimates%202018-19.pdf,Verified: directly reported (CRS final estimate)
Nankana Sahib,2020-21,130310,486350,3732,CRS Punjab - Rabi Crops Estimates 2021-22 (prior-year column),https://agripunjab.punjab.gov.pk/system/files/Final%20Rabi%20Estimates%202021-22.pdf,Verified: directly reported (CRS prior-year column of the following season report)
Nankana Sahib,2021-22,125450,427180,3405,CRS Punjab - Rabi Crops Estimates 2021-22,https://agripunjab.punjab.gov.pk/system/files/Final%20Rabi%20Estimates%202021-22.pdf,Verified: directly reported (CRS final estimate)
Nankana Sahib,2022-23,128700,456000,3544,CRS Punjab - Final Rabi Estimates 2022-23,https://agripunjab.punjab.gov.pk/system/files/Final%20Rabi%20Estimates%202022-23.pdf,Verified: directly reported (CRS final estimate)
Narowal,2010-11,162680,381760,2346,CRS Punjab - Rabi Crops Estimates 2011-12 (prior-year column),https://agripunjab.punjab.gov.pk/system/files/Rabi%20Book%20All%20estimates%202011-12_0.pdf,Verified: directly reported (CRS prior-year column of the following season report)
Narowal,2011-12,168750,372870,2210,CRS Punjab - Rabi Crops Estimates 2011-12,https://agripunjab.punjab.gov.pk/system/files/Rabi%20Book%20All%20estimates%202011-12_0.pdf,Verified: directly reported (CRS final estimate)
Narowal,2012-13,163090,396840,2433,CRS Punjab - Rabi Crop Estimates Data Book 2013-14 (prior-year column),https://agripunjab.punjab.gov.pk/system/files/Final%20Rabi%20Estimates%202013-14.pdf,Verified: directly reported (CRS prior-year column of the following season report)
Narowal,2013-14,163890,405340,2473,CRS Punjab - Rabi Crop Estimates Data Book 2013-14,https://agripunjab.punjab.gov.pk/system/files/Final%20Rabi%20Estimates%202013-14.pdf,Verified: directly reported (CRS final estimate)
Narowal,2014-15,163490,287920,1761,CRS Punjab - Rabi Book 2015-16 (prior-year column),https://agripunjab.punjab.gov.pk/system/files/RABI%20BOOK%202015-16_0.pdf,Verified: directly reported (CRS prior-year column of the following season report)
Narowal,2015-16,147300,306980,2084.04616429056,CRS Punjab - Rabi Book 2015-16,https://agripunjab.punjab.gov.pk/system/files/RABI%20BOOK%202015-16_0.pdf,"Verified: yield calculated from official area & production (printed total yield differs, see notes)"
Narowal,2016-17,145690,356560,2448,CRS Punjab - Final Rabi Estimates 2017-18 (prior-year column),https://agripunjab.punjab.gov.pk/system/files/Final%20%20Rabi%20Estimates%202017-18.pdf,Verified: directly reported (CRS prior-year column of the following season report)
Narowal,2017-18,146490,383320,2617,CRS Punjab - Final Rabi Estimates 2017-18,https://agripunjab.punjab.gov.pk/system/files/Final%20%20Rabi%20Estimates%202017-18.pdf,Verified: directly reported (CRS final estimate)
Narowal,2018-19,144070,314120,2180,CRS Punjab - Final Rabi Estimates 2018-19,https://agripunjab.punjab.gov.pk/system/files/Final%20Rabi%20Estimates%202018-19.pdf,Verified: directly reported (CRS final estimate)
Narowal,2020-21,114120,301080,2638,CRS Punjab - Rabi Crops Estimates 2021-22 (prior-year column),https://agripunjab.punjab.gov.pk/system/files/Final%20Rabi%20Estimates%202021-22.pdf,Verified: directly reported (CRS prior-year column of the following season report)
Narowal,2021-22,123430,279720,2266,CRS Punjab - Rabi Crops Estimates 2021-22,https://agripunjab.punjab.gov.pk/system/files/Final%20Rabi%20Estimates%202021-22.pdf,Verified: directly reported (CRS final estimate)
Narowal,2022-23,126300,364800,2889,CRS Punjab - Final Rabi Estimates 2022-23,https://agripunjab.punjab.gov.pk/system/files/Final%20Rabi%20Estimates%202022-23.pdf,Verified: directly reported (CRS final estimate)
Okara,2010-11,218520,782740,3582,CRS Punjab - Rabi Crops Estimates 2011-12 (prior-year column),https://agripunjab.punjab.gov.pk/system/files/Rabi%20Book%20All%20estimates%202011-12_0.pdf,Verified: directly reported (CRS prior-year column of the following season report)
Okara,2011-12,204760,726610,3548,CRS Punjab - Rabi Crops Estimates 2011-12,https://agripunjab.punjab.gov.pk/system/files/Rabi%20Book%20All%20estimates%202011-12_0.pdf,Verified: directly reported (CRS final estimate)
Okara,2012-13,214480,765560,3569,CRS Punjab - Rabi Crop Estimates Data Book 2013-14 (prior-year column),https://agripunjab.punjab.gov.pk/system/files/Final%20Rabi%20Estimates%202013-14.pdf,Verified: directly reported (CRS prior-year column of the following season report)
Okara,2013-14,227020,814530,3588,CRS Punjab - Rabi Crop Estimates Data Book 2013-14,https://agripunjab.punjab.gov.pk/system/files/Final%20Rabi%20Estimates%202013-14.pdf,Verified: directly reported (CRS final estimate)
Okara,2014-15,205170,711340,3467,CRS Punjab - Rabi Book 2015-16 (prior-year column),https://agripunjab.punjab.gov.pk/system/files/RABI%20BOOK%202015-16_0.pdf,Verified: directly reported (CRS prior-year column of the following season report)
Okara,2015-16,204770,651010,3179,CRS Punjab - Rabi Book 2015-16,https://agripunjab.punjab.gov.pk/system/files/RABI%20BOOK%202015-16_0.pdf,Verified: directly reported (CRS final estimate)
Okara,2016-17,206790,707600,3422,CRS Punjab - Final Rabi Estimates 2017-18 (prior-year column),https://agripunjab.punjab.gov.pk/system/files/Final%20%20Rabi%20Estimates%202017-18.pdf,Verified: directly reported (CRS prior-year column of the following season report)
Okara,2017-18,201930,642930,3184,CRS Punjab - Final Rabi Estimates 2017-18,https://agripunjab.punjab.gov.pk/system/files/Final%20%20Rabi%20Estimates%202017-18.pdf,Verified: directly reported (CRS final estimate)
Okara,2018-19,181700,598620,3295,CRS Punjab - Final Rabi Estimates 2018-19,https://agripunjab.punjab.gov.pk/system/files/Final%20Rabi%20Estimates%202018-19.pdf,Verified: directly reported (CRS final estimate)
Okara,2020-21,151750,571500,3766,CRS Punjab - Rabi Crops Estimates 2021-22 (prior-year column),https://agripunjab.punjab.gov.pk/system/files/Final%20Rabi%20Estimates%202021-22.pdf,Verified: directly reported (CRS prior-year column of the following season report)
Okara,2021-22,133140,502580,3775,CRS Punjab - Rabi Crops Estimates 2021-22,https://agripunjab.punjab.gov.pk/system/files/Final%20Rabi%20Estimates%202021-22.pdf,Verified: directly reported (CRS final estimate)
Okara,2022-23,129100,506400,3923,CRS Punjab - Final Rabi Estimates 2022-23,https://agripunjab.punjab.gov.pk/system/files/Final%20Rabi%20Estimates%202022-23.pdf,Verified: directly reported (CRS final estimate)
Pakpattan,2010-11,147300,555270,3770,CRS Punjab - Rabi Crops Estimates 2011-12 (prior-year column),https://agripunjab.punjab.gov.pk/system/files/Rabi%20Book%20All%20estimates%202011-12_0.pdf,Verified: directly reported (CRS prior-year column of the following season report)
Pakpattan,2011-12,141230,474810,3362,CRS Punjab - Rabi Crops Estimates 2011-12,https://agripunjab.punjab.gov.pk/system/files/Rabi%20Book%20All%20estimates%202011-12_0.pdf,Verified: directly reported (CRS final estimate)
Pakpattan,2012-13,151760,530200,3494,CRS Punjab - Rabi Crop Estimates Data Book 2013-14 (prior-year column),https://agripunjab.punjab.gov.pk/system/files/Final%20Rabi%20Estimates%202013-14.pdf,Verified: directly reported (CRS prior-year column of the following season report)
Pakpattan,2013-14,157820,560430,3551,CRS Punjab - Rabi Crop Estimates Data Book 2013-14,https://agripunjab.punjab.gov.pk/system/files/Final%20Rabi%20Estimates%202013-14.pdf,Verified: directly reported (CRS final estimate)
Pakpattan,2014-15,154180,518770,3365,CRS Punjab - Rabi Book 2015-16 (prior-year column),https://agripunjab.punjab.gov.pk/system/files/RABI%20BOOK%202015-16_0.pdf,Verified: directly reported (CRS prior-year column of the following season report)
Pakpattan,2015-16,162280,555130,3421,CRS Punjab - Rabi Book 2015-16,https://agripunjab.punjab.gov.pk/system/files/RABI%20BOOK%202015-16_0.pdf,Verified: directly reported (CRS final estimate)
Pakpattan,2016-17,144470,510880,3536,CRS Punjab - Final Rabi Estimates 2017-18 (prior-year column),https://agripunjab.punjab.gov.pk/system/files/Final%20%20Rabi%20Estimates%202017-18.pdf,Verified: directly reported (CRS prior-year column of the following season report)
Pakpattan,2017-18,133540,463370,3470,CRS Punjab - Final Rabi Estimates 2017-18,https://agripunjab.punjab.gov.pk/system/files/Final%20%20Rabi%20Estimates%202017-18.pdf,Verified: directly reported (CRS final estimate)
Pakpattan,2018-19,123020,431740,3509,CRS Punjab - Final Rabi Estimates 2018-19,https://agripunjab.punjab.gov.pk/system/files/Final%20Rabi%20Estimates%202018-19.pdf,Verified: directly reported (CRS final estimate)
Pakpattan,2020-21,111290,405350,3642,CRS Punjab - Rabi Crops Estimates 2021-22 (prior-year column),https://agripunjab.punjab.gov.pk/system/files/Final%20Rabi%20Estimates%202021-22.pdf,Verified: directly reported (CRS prior-year column of the following season report)
Pakpattan,2021-22,93890,323500,3446,CRS Punjab - Rabi Crops Estimates 2021-22,https://agripunjab.punjab.gov.pk/system/files/Final%20Rabi%20Estimates%202021-22.pdf,Verified: directly reported (CRS final estimate)
Pakpattan,2022-23,85400,324800,3804,CRS Punjab - Final Rabi Estimates 2022-23,https://agripunjab.punjab.gov.pk/system/files/Final%20Rabi%20Estimates%202022-23.pdf,Verified: directly reported (CRS final estimate)
Rahim Yar Khan,2010-11,301890,941940,3120,CRS Punjab - Rabi Crops Estimates 2011-12 (prior-year column),https://agripunjab.punjab.gov.pk/system/files/Rabi%20Book%20All%20estimates%202011-12_0.pdf,Verified: directly reported (CRS prior-year column of the following season report)
Rahim Yar Khan,2011-12,285700,887160,3105,CRS Punjab - Rabi Crops Estimates 2011-12,https://agripunjab.punjab.gov.pk/system/files/Rabi%20Book%20All%20estimates%202011-12_0.pdf,Verified: directly reported (CRS final estimate)
Rahim Yar Khan,2012-13,279230,929950,3330,CRS Punjab - Rabi Crop Estimates Data Book 2013-14 (prior-year column),https://agripunjab.punjab.gov.pk/system/files/Final%20Rabi%20Estimates%202013-14.pdf,Verified: directly reported (CRS prior-year column of the following season report)
Rahim Yar Khan,2013-14,293390,988580,3369,CRS Punjab - Rabi Crop Estimates Data Book 2013-14,https://agripunjab.punjab.gov.pk/system/files/Final%20Rabi%20Estimates%202013-14.pdf,Verified: directly reported (CRS final estimate)
Rahim Yar Khan,2014-15,324950,1025580,3156,CRS Punjab - Rabi Book 2015-16 (prior-year column),https://agripunjab.punjab.gov.pk/system/files/RABI%20BOOK%202015-16_0.pdf,Verified: directly reported (CRS prior-year column of the following season report)
Rahim Yar Khan,2015-16,309170,1015970,3288,CRS Punjab - Rabi Book 2015-16,https://agripunjab.punjab.gov.pk/system/files/RABI%20BOOK%202015-16_0.pdf,Verified: directly reported (CRS final estimate)
Rahim Yar Khan,2016-17,279220,953730,3415,CRS Punjab - Final Rabi Estimates 2017-18 (prior-year column),https://agripunjab.punjab.gov.pk/system/files/Final%20%20Rabi%20Estimates%202017-18.pdf,Verified: directly reported (CRS prior-year column of the following season report)
Rahim Yar Khan,2017-18,275180,817560,2971,CRS Punjab - Final Rabi Estimates 2017-18,https://agripunjab.punjab.gov.pk/system/files/Final%20%20Rabi%20Estimates%202017-18.pdf,Verified: directly reported (CRS final estimate)
Rahim Yar Khan,2018-19,322130,1025440,3183,CRS Punjab - Final Rabi Estimates 2018-19,https://agripunjab.punjab.gov.pk/system/files/Final%20Rabi%20Estimates%202018-19.pdf,Verified: directly reported (CRS final estimate)
R.Y. Khan,2020-21,296630,1037050,3496,CRS Punjab - Rabi Crops Estimates 2021-22 (prior-year column),https://agripunjab.punjab.gov.pk/system/files/Final%20Rabi%20Estimates%202021-22.pdf,Verified: directly reported (CRS prior-year column of the following season report); printed area total corrected from printed components (see notes)
R.Y. Khan,2021-22,277200,1028050,3709,CRS Punjab - Rabi Crops Estimates 2021-22,https://agripunjab.punjab.gov.pk/system/files/Final%20Rabi%20Estimates%202021-22.pdf,Verified: directly reported (CRS final estimate)
Rahim Yar Khan,2022-23,289300,1093700,3780,CRS Punjab - Final Rabi Estimates 2022-23,https://agripunjab.punjab.gov.pk/system/files/Final%20Rabi%20Estimates%202022-23.pdf,Verified: directly reported (CRS final estimate)
Rajan Pur,2010-11,174820,478400,2737,CRS Punjab - Rabi Crops Estimates 2011-12 (prior-year column),https://agripunjab.punjab.gov.pk/system/files/Rabi%20Book%20All%20estimates%202011-12_0.pdf,Verified: directly reported (CRS prior-year column of the following season report)
Rajan Pur,2011-12,159440,376760,2363,CRS Punjab - Rabi Crops Estimates 2011-12,https://agripunjab.punjab.gov.pk/system/files/Rabi%20Book%20All%20estimates%202011-12_0.pdf,Verified: directly reported (CRS final estimate)
Rajan Pur,2012-13,165920,430210,2593,CRS Punjab - Rabi Crop Estimates Data Book 2013-14 (prior-year column),https://agripunjab.punjab.gov.pk/system/files/Final%20Rabi%20Estimates%202013-14.pdf,Verified: directly reported (CRS prior-year column of the following season report)
Rajan Pur,2013-14,176840,461230,2608,CRS Punjab - Rabi Crop Estimates Data Book 2013-14,https://agripunjab.punjab.gov.pk/system/files/Final%20Rabi%20Estimates%202013-14.pdf,Verified: directly reported (CRS final estimate)
Rajan Pur,2014-15,175220,495060,2825,CRS Punjab - Rabi Book 2015-16 (prior-year column),https://agripunjab.punjab.gov.pk/system/files/RABI%20BOOK%202015-16_0.pdf,Verified: directly reported (CRS prior-year column of the following season report)
Rajan Pur,2015-16,173600,534460,3078.6866359447,CRS Punjab - Rabi Book 2015-16,https://agripunjab.punjab.gov.pk/system/files/RABI%20BOOK%202015-16_0.pdf,"Verified: yield calculated from official area & production (printed total yield differs, see notes)"
Rajan Pur,2016-17,175230,595030,3396,CRS Punjab - Final Rabi Estimates 2017-18 (prior-year column),https://agripunjab.punjab.gov.pk/system/files/Final%20%20Rabi%20Estimates%202017-18.pdf,Verified: directly reported (CRS prior-year column of the following season report)
Rajan Pur,2017-18,178870,541300,3026,CRS Punjab - Final Rabi Estimates 2017-18,https://agripunjab.punjab.gov.pk/system/files/Final%20%20Rabi%20Estimates%202017-18.pdf,Verified: directly reported (CRS final estimate)
Rajan Pur,2018-19,184530,559920,3034,CRS Punjab - Final Rabi Estimates 2018-19,https://agripunjab.punjab.gov.pk/system/files/Final%20Rabi%20Estimates%202018-19.pdf,Verified: directly reported (CRS final estimate)
Rajan Pur,2020-21,200720,682530,3401,CRS Punjab - Rabi Crops Estimates 2021-22 (prior-year column),https://agripunjab.punjab.gov.pk/system/files/Final%20Rabi%20Estimates%202021-22.pdf,Verified: directly reported (CRS prior-year column of the following season report)
Rajan Pur,2021-22,193840,672210,3468,CRS Punjab - Rabi Crops Estimates 2021-22,https://agripunjab.punjab.gov.pk/system/files/Final%20Rabi%20Estimates%202021-22.pdf,Verified: directly reported (CRS final estimate)
Rajan Pur,2022-23,185300,649100,3503,CRS Punjab - Final Rabi Estimates 2022-23,https://agripunjab.punjab.gov.pk/system/files/Final%20Rabi%20Estimates%202022-23.pdf,Verified: directly reported (CRS final estimate)
Rawalpindi,2010-11,114930,158060,1375,CRS Punjab - Rabi Crops Estimates 2011-12 (prior-year column),https://agripunjab.punjab.gov.pk/system/files/Rabi%20Book%20All%20estimates%202011-12_0.pdf,Verified: directly reported (CRS prior-year column of the following season report)
Rawalpindi,2011-12,116550,143740,1233,CRS Punjab - Rabi Crops Estimates 2011-12,https://agripunjab.punjab.gov.pk/system/files/Rabi%20Book%20All%20estimates%202011-12_0.pdf,Verified: directly reported (CRS final estimate)
Rawalpindi,2012-13,115740,211310,1826,CRS Punjab - Rabi Crop Estimates Data Book 2013-14 (prior-year column),https://agripunjab.punjab.gov.pk/system/files/Final%20Rabi%20Estimates%202013-14.pdf,Verified: directly reported (CRS prior-year column of the following season report)
Rawalpindi,2013-14,117360,164600,1403,CRS Punjab - Rabi Crop Estimates Data Book 2013-14,https://agripunjab.punjab.gov.pk/system/files/Final%20Rabi%20Estimates%202013-14.pdf,Verified: directly reported (CRS final estimate)
Rawalpindi,2014-15,110880,178960,1614,CRS Punjab - Rabi Book 2015-16 (prior-year column),https://agripunjab.punjab.gov.pk/system/files/RABI%20BOOK%202015-16_0.pdf,Verified: directly reported (CRS prior-year column of the following season report)
Rawalpindi,2015-16,110070,183820,1671,CRS Punjab - Rabi Book 2015-16,https://agripunjab.punjab.gov.pk/system/files/RABI%20BOOK%202015-16_0.pdf,Verified: directly reported (CRS final estimate)
Rawalpindi,2016-17,97130,119580,1231,CRS Punjab - Final Rabi Estimates 2017-18 (prior-year column),https://agripunjab.punjab.gov.pk/system/files/Final%20%20Rabi%20Estimates%202017-18.pdf,Verified: directly reported (CRS prior-year column of the following season report)
Rawalpindi,2017-18,104000,155860,1499,CRS Punjab - Final Rabi Estimates 2017-18,https://agripunjab.punjab.gov.pk/system/files/Final%20%20Rabi%20Estimates%202017-18.pdf,Verified: directly reported (CRS final estimate)
Rawalpindi,2018-19,103600,161490,1559,CRS Punjab - Final Rabi Estimates 2018-19,https://agripunjab.punjab.gov.pk/system/files/Final%20Rabi%20Estimates%202018-19.pdf,Verified: directly reported (CRS final estimate)
Rawalpindi,2020-21,154990,256480,1655,CRS Punjab - Rabi Crops Estimates 2021-22 (prior-year column),https://agripunjab.punjab.gov.pk/system/files/Final%20Rabi%20Estimates%202021-22.pdf,Verified: directly reported (CRS prior-year column of the following season report)
Rawalpindi,2021-22,159850,311160,1946,CRS Punjab - Rabi Crops Estimates 2021-22,https://agripunjab.punjab.gov.pk/system/files/Final%20Rabi%20Estimates%202021-22.pdf,Verified: directly reported (CRS final estimate)
Rawalpindi,2022-23,162700,340600,2094,CRS Punjab - Final Rabi Estimates 2022-23,https://agripunjab.punjab.gov.pk/system/files/Final%20Rabi%20Estimates%202022-23.pdf,Verified: directly reported (CRS final estimate); BOUNDARY CHANGE: area reduced when Murree District was carved out - not comparable with earlier seasons
Sahiwal,2010-11,139620,453140,3246,CRS Punjab - Rabi Crops Estimates 2011-12 (prior-year column),https://agripunjab.punjab.gov.pk/system/files/Rabi%20Book%20All%20estimates%202011-12_0.pdf,Verified: directly reported (CRS prior-year column of the following season report)
Sahiwal,2011-12,133550,415210,3109,CRS Punjab - Rabi Crops Estimates 2011-12,https://agripunjab.punjab.gov.pk/system/files/Rabi%20Book%20All%20estimates%202011-12_0.pdf,Verified: directly reported (CRS final estimate)
Sahiwal,2012-13,135160,422110,3123,CRS Punjab - Rabi Crop Estimates Data Book 2013-14 (prior-year column),https://agripunjab.punjab.gov.pk/system/files/Final%20Rabi%20Estimates%202013-14.pdf,Verified: directly reported (CRS prior-year column of the following season report)
Sahiwal,2013-14,144880,463670,3200,CRS Punjab - Rabi Crop Estimates Data Book 2013-14,https://agripunjab.punjab.gov.pk/system/files/Final%20Rabi%20Estimates%202013-14.pdf,Verified: directly reported (CRS final estimate)
Sahiwal,2014-15,151760,462310,3046,CRS Punjab - Rabi Book 2015-16 (prior-year column),https://agripunjab.punjab.gov.pk/system/files/RABI%20BOOK%202015-16_0.pdf,Verified: directly reported (CRS prior-year column of the following season report)
Sahiwal,2015-16,156610,490970,3135,CRS Punjab - Rabi Book 2015-16,https://agripunjab.punjab.gov.pk/system/files/RABI%20BOOK%202015-16_0.pdf,Verified: directly reported (CRS final estimate)
Sahiwal,2016-17,142450,504510,3542,CRS Punjab - Final Rabi Estimates 2017-18 (prior-year column),https://agripunjab.punjab.gov.pk/system/files/Final%20%20Rabi%20Estimates%202017-18.pdf,Verified: directly reported (CRS prior-year column of the following season report)
Sahiwal,2017-18,143260,496910,3469,CRS Punjab - Final Rabi Estimates 2017-18,https://agripunjab.punjab.gov.pk/system/files/Final%20%20Rabi%20Estimates%202017-18.pdf,Verified: directly reported (CRS final estimate)
Sahiwal,2018-19,138400,451500,3262,CRS Punjab - Final Rabi Estimates 2018-19,https://agripunjab.punjab.gov.pk/system/files/Final%20Rabi%20Estimates%202018-19.pdf,Verified: directly reported (CRS final estimate)
Sahiwal,2020-21,124240,439620,3539,CRS Punjab - Rabi Crops Estimates 2021-22 (prior-year column),https://agripunjab.punjab.gov.pk/system/files/Final%20Rabi%20Estimates%202021-22.pdf,Verified: directly reported (CRS prior-year column of the following season report)
Sahiwal,2021-22,112910,384910,3409,CRS Punjab - Rabi Crops Estimates 2021-22,https://agripunjab.punjab.gov.pk/system/files/Final%20Rabi%20Estimates%202021-22.pdf,Verified: directly reported (CRS final estimate)
Sahiwal,2022-23,111300,407800,3664,CRS Punjab - Final Rabi Estimates 2022-23,https://agripunjab.punjab.gov.pk/system/files/Final%20Rabi%20Estimates%202022-23.pdf,Verified: directly reported (CRS final estimate)
Sargodha,2010-11,218930,565390,2582,CRS Punjab - Rabi Crops Estimates 2011-12 (prior-year column),https://agripunjab.punjab.gov.pk/system/files/Rabi%20Book%20All%20estimates%202011-12_0.pdf,Verified: directly reported (CRS prior-year column of the following season report)
Sargodha,2011-12,211240,562290,2662,CRS Punjab - Rabi Crops Estimates 2011-12,https://agripunjab.punjab.gov.pk/system/files/Rabi%20Book%20All%20estimates%202011-12_0.pdf,Verified: directly reported (CRS final estimate)
Sargodha,2012-13,210430,577020,2742,CRS Punjab - Rabi Crop Estimates Data Book 2013-14 (prior-year column),https://agripunjab.punjab.gov.pk/system/files/Final%20Rabi%20Estimates%202013-14.pdf,Verified: directly reported (CRS prior-year column of the following season report)
Sargodha,2013-14,221760,513390,2315,CRS Punjab - Rabi Crop Estimates Data Book 2013-14,https://agripunjab.punjab.gov.pk/system/files/Final%20Rabi%20Estimates%202013-14.pdf,Verified: directly reported (CRS final estimate)
Sargodha,2014-15,220950,509890,2308,CRS Punjab - Rabi Book 2015-16 (prior-year column),https://agripunjab.punjab.gov.pk/system/files/RABI%20BOOK%202015-16_0.pdf,Verified: directly reported (CRS prior-year column of the following season report)
Sargodha,2015-16,216500,539350,2491,CRS Punjab - Rabi Book 2015-16,https://agripunjab.punjab.gov.pk/system/files/RABI%20BOOK%202015-16_0.pdf,Verified: directly reported (CRS final estimate)
Sargodha,2016-17,205170,572440,2790,CRS Punjab - Final Rabi Estimates 2017-18 (prior-year column),https://agripunjab.punjab.gov.pk/system/files/Final%20%20Rabi%20Estimates%202017-18.pdf,Verified: directly reported (CRS prior-year column of the following season report)
Sargodha,2017-18,193430,535550,2769,CRS Punjab - Final Rabi Estimates 2017-18,https://agripunjab.punjab.gov.pk/system/files/Final%20%20Rabi%20Estimates%202017-18.pdf,Verified: directly reported (CRS final estimate)
Sargodha,2018-19,202740,527520,2602,CRS Punjab - Final Rabi Estimates 2018-19,https://agripunjab.punjab.gov.pk/system/files/Final%20Rabi%20Estimates%202018-19.pdf,Verified: directly reported (CRS final estimate)
Sargodha,2020-21,207600,616630,2970,CRS Punjab - Rabi Crops Estimates 2021-22 (prior-year column),https://agripunjab.punjab.gov.pk/system/files/Final%20Rabi%20Estimates%202021-22.pdf,Verified: directly reported (CRS prior-year column of the following season report); printed area total corrected from printed components (see notes)
Sargodha,2021-22,195050,545620,2797,CRS Punjab - Rabi Crops Estimates 2021-22,https://agripunjab.punjab.gov.pk/system/files/Final%20Rabi%20Estimates%202021-22.pdf,Verified: directly reported (CRS final estimate)
Sargodha,2022-23,200700,630100,3139,CRS Punjab - Final Rabi Estimates 2022-23,https://agripunjab.punjab.gov.pk/system/files/Final%20Rabi%20Estimates%202022-23.pdf,Verified: directly reported (CRS final estimate)
Sheikhupura,2010-11,222980,677640,3039,CRS Punjab - Rabi Crops Estimates 2011-12 (prior-year column),https://agripunjab.punjab.gov.pk/system/files/Rabi%20Book%20All%20estimates%202011-12_0.pdf,Verified: directly reported (CRS prior-year column of the following season report)
Sheikhupura,2011-12,229050,657640,2871,CRS Punjab - Rabi Crops Estimates 2011-12,https://agripunjab.punjab.gov.pk/system/files/Rabi%20Book%20All%20estimates%202011-12_0.pdf,Verified: directly reported (CRS final estimate)
Sheikhupura,2012-13,220550,672300,3048,CRS Punjab - Rabi Crop Estimates Data Book 2013-14 (prior-year column),https://agripunjab.punjab.gov.pk/system/files/Final%20Rabi%20Estimates%202013-14.pdf,Verified: directly reported (CRS prior-year column of the following season report)
Sheikhupura,2013-14,225410,690430,3063,CRS Punjab - Rabi Crop Estimates Data Book 2013-14,https://agripunjab.punjab.gov.pk/system/files/Final%20Rabi%20Estimates%202013-14.pdf,Verified: directly reported (CRS final estimate)
Sheikhupura,2014-15,221760,712200,3212,CRS Punjab - Rabi Book 2015-16 (prior-year column),https://agripunjab.punjab.gov.pk/system/files/RABI%20BOOK%202015-16_0.pdf,Verified: directly reported (CRS prior-year column of the following season report)
Sheikhupura,2015-16,218930,630210,2879,CRS Punjab - Rabi Book 2015-16,https://agripunjab.punjab.gov.pk/system/files/RABI%20BOOK%202015-16_0.pdf,Verified: directly reported (CRS final estimate)
Sheikhupura,2016-17,212460,674080,3173,CRS Punjab - Final Rabi Estimates 2017-18 (prior-year column),https://agripunjab.punjab.gov.pk/system/files/Final%20%20Rabi%20Estimates%202017-18.pdf,Verified: directly reported (CRS prior-year column of the following season report)
Sheikhupura,2017-18,212050,685710,3234,CRS Punjab - Final Rabi Estimates 2017-18,https://agripunjab.punjab.gov.pk/system/files/Final%20%20Rabi%20Estimates%202017-18.pdf,Verified: directly reported (CRS final estimate)
Sheikhupura,2018-19,211240,637690,3019,CRS Punjab - Final Rabi Estimates 2018-19,https://agripunjab.punjab.gov.pk/system/files/Final%20Rabi%20Estimates%202018-19.pdf,Verified: directly reported (CRS final estimate)
Sheikhupura,2020-21,208410,683100,3278,CRS Punjab - Rabi Crops Estimates 2021-22 (prior-year column),https://agripunjab.punjab.gov.pk/system/files/Final%20Rabi%20Estimates%202021-22.pdf,Verified: directly reported (CRS prior-year column of the following season report)
Sheikhupura,2021-22,220950,669180,3029,CRS Punjab - Rabi Crops Estimates 2021-22,https://agripunjab.punjab.gov.pk/system/files/Final%20Rabi%20Estimates%202021-22.pdf,Verified: directly reported (CRS final estimate)
Sheikhupura,2022-23,228200,755500,3310,CRS Punjab - Final Rabi Estimates 2022-23,https://agripunjab.punjab.gov.pk/system/files/Final%20Rabi%20Estimates%202022-23.pdf,Verified: directly reported (CRS final estimate)
Sialkot,2010-11,215690,569870,2642,CRS Punjab - Rabi Crops Estimates 2011-12 (prior-year column),https://agripunjab.punjab.gov.pk/system/files/Rabi%20Book%20All%20estimates%202011-12_0.pdf,Verified: directly reported (CRS prior-year column of the following season report)
Sialkot,2011-12,205580,597270,2905,CRS Punjab - Rabi Crops Estimates 2011-12,https://agripunjab.punjab.gov.pk/system/files/Rabi%20Book%20All%20estimates%202011-12_0.pdf,Verified: directly reported (CRS final estimate)
Sialkot,2012-13,203550,609600,2995,CRS Punjab - Rabi Crop Estimates Data Book 2013-14 (prior-year column),https://agripunjab.punjab.gov.pk/system/files/Final%20Rabi%20Estimates%202013-14.pdf,Verified: directly reported (CRS prior-year column of the following season report)
Sialkot,2013-14,209630,632680,3018,CRS Punjab - Rabi Crop Estimates Data Book 2013-14,https://agripunjab.punjab.gov.pk/system/files/Final%20Rabi%20Estimates%202013-14.pdf,Verified: directly reported (CRS final estimate)
Sialkot,2014-15,211240,361610,1712,CRS Punjab - Rabi Book 2015-16 (prior-year column),https://agripunjab.punjab.gov.pk/system/files/RABI%20BOOK%202015-16_0.pdf,Verified: directly reported (CRS prior-year column of the following season report)
Sialkot,2015-16,205980,504400,2449,CRS Punjab - Rabi Book 2015-16,https://agripunjab.punjab.gov.pk/system/files/RABI%20BOOK%202015-16_0.pdf,Verified: directly reported (CRS final estimate)
Sialkot,2016-17,209220,536260,2563,CRS Punjab - Final Rabi Estimates 2017-18 (prior-year column),https://agripunjab.punjab.gov.pk/system/files/Final%20%20Rabi%20Estimates%202017-18.pdf,Verified: directly reported (CRS prior-year column of the following season report)
Sialkot,2017-18,203150,554240,2728,CRS Punjab - Final Rabi Estimates 2017-18,https://agripunjab.punjab.gov.pk/system/files/Final%20%20Rabi%20Estimates%202017-18.pdf,Verified: directly reported (CRS final estimate)
Sialkot,2018-19,185340,471470,2544,CRS Punjab - Final Rabi Estimates 2018-19,https://agripunjab.punjab.gov.pk/system/files/Final%20Rabi%20Estimates%202018-19.pdf,Verified: directly reported (CRS final estimate)
Sialkot,2020-21,170770,490870,2874,CRS Punjab - Rabi Crops Estimates 2021-22 (prior-year column),https://agripunjab.punjab.gov.pk/system/files/Final%20Rabi%20Estimates%202021-22.pdf,Verified: directly reported (CRS prior-year column of the following season report)
Sialkot,2021-22,185340,462400,2495,CRS Punjab - Rabi Crops Estimates 2021-22,https://agripunjab.punjab.gov.pk/system/files/Final%20Rabi%20Estimates%202021-22.pdf,Verified: directly reported (CRS final estimate)
Sialkot,2022-23,190200,565100,2971,CRS Punjab - Final Rabi Estimates 2022-23,https://agripunjab.punjab.gov.pk/system/files/Final%20Rabi%20Estimates%202022-23.pdf,Verified: directly reported (CRS final estimate)
Talagang,2022-23,53400,94200,1763,CRS Punjab - Final Rabi Estimates 2022-23,https://agripunjab.punjab.gov.pk/system/files/Final%20Rabi%20Estimates%202022-23.pdf,Verified: directly reported (CRS final estimate); NEW DISTRICT (no earlier seasons)
T.T. Singh,2010-11,156610,538780,3440,CRS Punjab - Rabi Crops Estimates 2011-12 (prior-year column),https://agripunjab.punjab.gov.pk/system/files/Rabi%20Book%20All%20estimates%202011-12_0.pdf,Verified: directly reported (CRS prior-year column of the following season report)
T.T. Singh,2011-12,152570,475750,3118,CRS Punjab - Rabi Crops Estimates 2011-12,https://agripunjab.punjab.gov.pk/system/files/Rabi%20Book%20All%20estimates%202011-12_0.pdf,Verified: directly reported (CRS final estimate)
T.T. Singh,2012-13,153780,505920,3290,CRS Punjab - Rabi Crop Estimates Data Book 2013-14 (prior-year column),https://agripunjab.punjab.gov.pk/system/files/Final%20Rabi%20Estimates%202013-14.pdf,Verified: directly reported (CRS prior-year column of the following season report)
T.T. Singh,2013-14,171580,568140,3311,CRS Punjab - Rabi Crop Estimates Data Book 2013-14,https://agripunjab.punjab.gov.pk/system/files/Final%20Rabi%20Estimates%202013-14.pdf,Verified: directly reported (CRS final estimate)
T.T. Singh,2014-15,167540,553660,3305,CRS Punjab - Rabi Book 2015-16 (prior-year column),https://agripunjab.punjab.gov.pk/system/files/RABI%20BOOK%202015-16_0.pdf,Verified: directly reported (CRS prior-year column of the following season report)
T.T. Singh,2015-16,168750,569970,3378,CRS Punjab - Rabi Book 2015-16,https://agripunjab.punjab.gov.pk/system/files/RABI%20BOOK%202015-16_0.pdf,Verified: directly reported (CRS final estimate)
T.T. Singh,2016-17,165520,582540,3520,CRS Punjab - Final Rabi Estimates 2017-18 (prior-year column),https://agripunjab.punjab.gov.pk/system/files/Final%20%20Rabi%20Estimates%202017-18.pdf,Verified: directly reported (CRS prior-year column of the following season report)
T.T. Singh,2017-18,163090,552030,3385,CRS Punjab - Final Rabi Estimates 2017-18,https://agripunjab.punjab.gov.pk/system/files/Final%20%20Rabi%20Estimates%202017-18.pdf,Verified: directly reported (CRS final estimate)
T.T. Singh,2018-19,159040,535400,3366,CRS Punjab - Final Rabi Estimates 2018-19,https://agripunjab.punjab.gov.pk/system/files/Final%20Rabi%20Estimates%202018-19.pdf,Verified: directly reported (CRS final estimate)
T.T. Singh,2020-21,156210,541790,3468,CRS Punjab - Rabi Crops Estimates 2021-22 (prior-year column),https://agripunjab.punjab.gov.pk/system/files/Final%20Rabi%20Estimates%202021-22.pdf,Verified: directly reported (CRS prior-year column of the following season report)
T.T. Singh,2021-22,135160,451300,3339,CRS Punjab - Rabi Crops Estimates 2021-22,https://agripunjab.punjab.gov.pk/system/files/Final%20Rabi%20Estimates%202021-22.pdf,Verified: directly reported (CRS final estimate)
T.T. Singh,2022-23,130300,470500,3611,CRS Punjab - Final Rabi Estimates 2022-23,https://agripunjab.punjab.gov.pk/system/files/Final%20Rabi%20Estimates%202022-23.pdf,Verified: directly reported (CRS final estimate)
Vehari,2010-11,243210,767180,3154,CRS Punjab - Rabi Crops Estimates 2011-12 (prior-year column),https://agripunjab.punjab.gov.pk/system/files/Rabi%20Book%20All%20estimates%202011-12_0.pdf,Verified: directly reported (CRS prior-year column of the following season report)
Vehari,2011-12,235520,756170,3211,CRS Punjab - Rabi Crops Estimates 2011-12,https://agripunjab.punjab.gov.pk/system/files/Rabi%20Book%20All%20estimates%202011-12_0.pdf,Verified: directly reported (CRS final estimate)
Vehari,2012-13,250900,821280,3273,CRS Punjab - Rabi Crop Estimates Data Book 2013-14 (prior-year column),https://agripunjab.punjab.gov.pk/system/files/Final%20Rabi%20Estimates%202013-14.pdf,Verified: directly reported (CRS prior-year column of the following season report)
Vehari,2013-14,267500,884830,3307,CRS Punjab - Rabi Crop Estimates Data Book 2013-14,https://agripunjab.punjab.gov.pk/system/files/Final%20Rabi%20Estimates%202013-14.pdf,Verified: directly reported (CRS final estimate)
Vehari,2014-15,273160,898670,3290,CRS Punjab - Rabi Book 2015-16 (prior-year column),https://agripunjab.punjab.gov.pk/system/files/RABI%20BOOK%202015-16_0.pdf,Verified: directly reported (CRS prior-year column of the following season report)
Vehari,2015-16,270730,885940,3272,CRS Punjab - Rabi Book 2015-16,https://agripunjab.punjab.gov.pk/system/files/RABI%20BOOK%202015-16_0.pdf,Verified: directly reported (CRS final estimate)
Vehari,2016-17,253330,852830,3366,CRS Punjab - Final Rabi Estimates 2017-18 (prior-year column),https://agripunjab.punjab.gov.pk/system/files/Final%20%20Rabi%20Estimates%202017-18.pdf,Verified: directly reported (CRS prior-year column of the following season report)
Vehari,2017-18,244830,798480,3261,CRS Punjab - Final Rabi Estimates 2017-18,https://agripunjab.punjab.gov.pk/system/files/Final%20%20Rabi%20Estimates%202017-18.pdf,Verified: directly reported (CRS final estimate)
Vehari,2018-19,214480,656170,3059,CRS Punjab - Final Rabi Estimates 2018-19,https://agripunjab.punjab.gov.pk/system/files/Final%20Rabi%20Estimates%202018-19.pdf,Verified: directly reported (CRS final estimate)
Vehari,2020-21,193840,676160,3488,CRS Punjab - Rabi Crops Estimates 2021-22 (prior-year column),https://agripunjab.punjab.gov.pk/system/files/Final%20Rabi%20Estimates%202021-22.pdf,Verified: directly reported (CRS prior-year column of the following season report)
Vehari,2021-22,180490,629040,3485,CRS Punjab - Rabi Crops Estimates 2021-22,https://agripunjab.punjab.gov.pk/system/files/Final%20Rabi%20Estimates%202021-22.pdf,Verified: directly reported (CRS final estimate)
Vehari,2022-23,159900,594200,3718,CRS Punjab - Final Rabi Estimates 2022-23,https://agripunjab.punjab.gov.pk/system/files/Final%20Rabi%20Estimates%202022-23.pdf,Verified: directly reported (CRS final estimate)
Wazirabad,2022-23,73700,235000,3191,CRS Punjab - Final Rabi Estimates 2022-23,https://agripunjab.punjab.gov.pk/system/files/Final%20Rabi%20Estimates%202022-23.pdf,Verified: directly reported (CRS final estimate); NEW DISTRICT (no earlier seasons)
